SEX;SCORED_1_LINE;SCORED_2_LINE;SCORED;DEFENCE_0;DEFENCE_1;DEFENCE_2;DEFENCE_3;DEFENCE;GIVEN_POINT;FRAME;LANDING;LINE;OTHER_ERRORS;OVERTURNING_FAILED;ENGAGE_FAILED;SWITCH_FAILED;CONSTRUCTION_FAILED;OTHER_FOULS;FOUL;TOTAL_SHOT_1_LINE;TOTAL_SHOT_2_LINE;TOTAL_SHOT;%SHOT_SCORED_1_LINE;%SHOT_SCORED_2_LINE;%SHOT_SCORED;CAUGHT_1_LINE;CAUGHT_2_LINE;DEFENSIVE_TOUCH;CAUGHT;DROPPED;TOTAL_DEFENCE;%SHOT_DEFENDED;MIN;PPM;DPM;TRUE_POINTS;TPPM;%TRUE_SHOT_SCORED;POINT_ON_TEAM;DEFENCE_ON _TEAM;TRUE_POINT_ON_TEAM;VAL_OFF;VAL_DEF;VAL;VALPM;VAL_ON_TEAM;ROLE
0;;;0;;;;;0;0;;;;;;;;;;0;;;;;;0;;;;3;19;;14;;;;;;;;;;;;;;;Pivot
0;;;8;;;;;3;0;;;;;;;;;;0;;;;;;53;;;;6;0;;0;;;;;;;;;;;;;;;Pivot
0;;;8;;;;;6;0;;;;;;;;;;0;;;;;;47;;;;0;6;;0;;;;;;;;;;;;;;;Wing
0;;;18;;;;;6;2;;;;;;;;;;2;;;;;;64;;;;0;9;;36;;;;;;;;;;;;;;;Wing
0;;;2;;;;;0;0;;;;;;;;;;2;;;;;;50;;;;3;0;;21;;;;;;;;;;;;;;;Pivot
0;;;9;;;;;8;3;;;;;;;;;;0;;;;;;45;;;;4;4;;50;;;;;;;;;;;;;;;Wing
0;;;0;;;;;1;0;;;;;;;;;;0;;;;;;0;;;;3;3;;50;;;;;;;;;;;;;;;Pivot
0;;;8;;;;;5;0;;;;;;;;;;1;;;;;;57;;;;0;4;;0;;;;;;;;;;;;;;;Wing
0;;;3;;;;;1;0;;;;;;;;;;1;;;;;;60;;;;0;3;;25;;;;;;;;;;;;;;;Wing
0;;;3;;;;;4;1;;;;;;;;;;0;;;;;;38;;;;0;1;;0;;;;;;;;;;;;;;;Wing
0;;;0;;;;;2;0;;;;;;;;;;1;;;;;;0;;;;1;0;;100;;;;;;;;;;;;;;;Wing
0;;;3;;;;;2;0;;;;;;;;;;0;;;;;;38;;;;0;2;;0;;;;;;;;;;;;;;;Wing
1;;;5;;;;;10;3;;;;;;;;;;9;;;;;;19;;;;4;0;;80;;;;;;;;;;;;;;;Wing
1;;;1;;;;;0;1;;;;;;;;;;5;;;;;;6;;;;2;9;;18;;;;;;;;;;;;;;;Wing
1;;;2;;;;;9;0;;;;;;;;;;5;;;;;;12;;;;0;4;;20;;;;;;;;;;;;;;;Wing
1;;;1;;;;;2;0;;;;;;;;;;2;;;;;;20;;;;10;0;;67;;;;;;;;;;;;;;;Pivot
1;;;5;;;;;3;1;;;;;;;;;;0;;;;;;21;;;;3;3;;50;;;;;;;;;;;;;;;Wing
1;;;;;;;;1;;;;;;;;;;;;;;;;;43;;;;3;;;54;;;;;;;;;;;;;;;Pivot
1;;;1;;;;;2;2;;;;;;;;;;3;;;;;;14;;;;10;1;;91;;;;;;;;;;;;;;;Pivot
1;;;;;;;;8;1;;;;;;;;;;7;;;;;;6;;;;2;4;;33;;;;;;;;;;;;;;;Wing
1;;;;;;;;;0;;;;;;;;;;1;;;;;;0;;;;4;5;;74;;;;;;;;;;;;;;;Pivot
1;;;9;;;;;6;2;;;;;;;;;;;;;;;;41;;;;2;;;100;;;;;;;;;;;;;;;Wing
1;;;5;;;;;;1;;;;;;;;;;8;;;;;;20;;;;2;2;;50;;;;;;;;;;;;;;;Wing
1;;;2;;;;;2;;;;;;;;;;;;;;;;;40;;;;4;5;;74;;;;;;;;;;;;;;;Pivot
1;;;10;;;;;1;1;;;;;;;;;;;;;;;;42;;;;3;2;;60;;;;;;;;;;;;;;;Wing
1;;;4;;;;;8;;;;;;;;;;;6;;;;;;20;;;;4;2;;67;;;;;;;;;;;;;;;Wing
1;;;;;;;;;;;;;;;;;;;;;;;;;;;;;3;;;93;;;;;;;;;;;;;;;Pivot
1;;;4;;;;;;;;;;;;;;;;7;;;;;;29;;;;1;;;50;;;;;;;;;;;;;;;Wing
1;;;4;;;;;2;;;;;;;;;;;;;;;;;57;;;;2;1;;67;;;;;;;;;;;;;;;Wing
1;;;;;;;;1;1;;;;;;;;;;2;;;;;;0;;;;1;;;100;;;;;;;;;;;;;;;Pivot
0;;;18;;;;;1;2;;;;;;;;;;1;;;;;;85;;;;4;3;;57;;;;;;;;;;;;;;;Wing
0;;;9;;;;;1;0;;;;;;;;;;2;;;;;;90;;;;3;4;;42;;;;;;;;;;;;;;;Wing
0;;;12;;;;;2;1;;;;;;;;;;1;;;;;;80;;;;4;4;;50;;;;;;;;;;;;;;;Wing
0;;;7;;;;;3;1;;;;;;;;;;0;;;;;;63;;;;1;7;;12;;;;;;;;;;;;;;;Wing
0;;;1;;;;;1;0;;;;;;;;;;0;;;;;;50;;;;4;1;;80;;;;;;;;;;;;;;;Pivot
0;;;1;;;;;0;0;;;;;;;;;;0;;;;;;100;;;;2;4;;33;;;;;;;;;;;;;;;Pivot
0;;;15;;;;;2;0;;;;;;;;;;1;;;;;;88;;;;0;0;;53;;;;;;;;;;;;;;;Wing
0;;;;;;;;;;;;;;;;;;;2;;;;;;;;;;7;6;;83;;;;;;;;;;;;;;;Pivot
0;;;8;;;;;2;0;;;;;;;;;;0;;;;;;80;;;;5;1;;;;;;;;;;;;;;;;;Wing
0;;;10;;;;;0;0;;;;;;;;;;0;;;;;;100;;;;;4;;61;;;;;;;;;;;;;;;Wing
0;;;0;;;;;0;0;;;;;;;;;;0;;;;;;;;;;8;5;;;;;;;;;;;;;;;;;Pivot
1;;;0;;;;;1;0;;;;;;;;;;2;;;;;;0;;;;7;2;;50;;;;;;;;;;;;;;;Pivot
1;;;4;;;;;1;0;;;;;;;;;;0;;;;;;80;;;;20;6;;25;;;;;;;;;;;;;;;Wing
1;;;10;;;;;6;0;;;;;;;;;;3;;;;;;62;;;;1;4;;0;;;;;;;;;;;;;;;Wing
1;;;0;;;;;0;0;;;;;;;;;;0;;;;;;;;;;2;;;100;;;;;;;;;;;;;;;Pivot
1;;;3;;;;;5;0;;;;;;;;;;1;;;;;;37;;;;1;1;;50;;;;;;;;;;;;;;;Wing
1;;;0;;;;;0;0;;;;;;;;;;1;;;;;;;;;;6;7;;100;;;;;;;;;;;;;;;Pivot
1;;;3;;;;;7;2;;;;;;;;;;4;;;;;;25;;;;2;0;;100;;;;;;;;;;;;;;;Wing
1;;;2;;;;;5;0;;;;;;;;;;2;;;;;;40;;;;1;42;;50;;;;;;;;;;;;;;;Wing
1;;;3;;;;;7;0;;;;;;;;;;4;;;;;;30;;;;3;4;;;;;;;;;;;;;;;;;Wing
1;;;1;;;;;0;0;;;;;;;;;;2;;;;;;100;;;;1;2;;33;;;;;;;;;;;;;;;Wing
1;;;0;;;;;2;0;;;;;;;;;;3;;;;;;0;;;;1;3;;25;;;;;;;;;;;;;;;Wing
1;;;0;;;;;1;0;;;;;;;;;;8;;;;;;0;;;;5;7;;;;;;;;;;;;;;;;;Pivot
1;;;3;;;;;7;0;;;;;;;;;;2;;;;;;30;;;;5;4;;55;;;;;;;;;;;;;;;Pivot
1;;;1;;;;;2;1;;;;;;;;;;2;;;;;;25;;;;0;2;;;;;;;;;;;;;;;;;Pivot
1;;;2;;;;;0;0;;;;;;;;;;4;;;;;;100;;;;1;8;;;;;;;;;;;;;;;;;Pivot
1;;;1;;;;;8;0;;;;;;;;;;6;;;;;;;;;;2;2;;50;;;;;;;;;;;;;;;Wing
1;;;5;;;;;7;2;;;;;;;;;;1;;;;;;35;;;;3;7;;;;;;;;;;;;;;;;;Wing
0;;;5;;;;;9;1;;;;;;;;;;1;;;;;;33;;;;1;4;;20;;;;;;;;;;;;;;;Wing
0;;;1;;;;;;1;;;;;;;;;;1;;;;;;50;;;;2;3;;40;;;;;;;;;;;;;;;Pivot
0;;;3;;;;;0;1;;;;;;;;;;3;;;;;;75;;;;0;3;;0;;;;;;;;;;;;;;;Wing
0;;;16;;;;;7;1;;;;;;;;;;1;;;;;;66;;;;0;10;;0;;;;;;;;;;;;;;;Wing
0;;;4;;;;;5;1;;;;;;;;;;2;;;;;;40;;;;2;4;;33;;;;;;;;;;;;;;;Wing
0;;;3;;;;;1;0;;;;;;;;;;1;;;;;;75;;;;2;4;;33;;;;;;;;;;;;;;;Wing
0;;;1;;;;;1;0;;;;;;;;;;0;;;;;;50;;;;1;5;;16;;;;;;;;;;;;;;;Pivot
0;;;3;;;;;3;1;;;;;;;;;;1;;;;;;42;;;;7;12;;36;;;;;;;;;;;;;;;Pivot
0;;;1;;;;;2;1;;;;;;;;;;3;;;;;;78;;;;1;8;;100;;;;;;;;;;;;;;;Wing
1;;;9;;;;;6;0;;;;;;;;;;1;;;;;;60;;;;7;8;;46;;;;;;;;;;;;;;;Wing
1;;;10;;;;;6;0;;;;;;;;;;3;;;;;;62;;;;3;7;;30;;;;;;;;;;;;;;;Wing
1;;;3;;;;;5;1;;;;;;;;;;3;;;;;;33;;;;2;3;;40;;;;;;;;;;;;;;;Wing
1;;;;;;;;2;0;;;;;;;;;;4;;;;;;0;;;;3;5;;37;;;;;;;;;;;;;;;Pivot
1;;;0;;;;;0;0;;;;;;;;;;0;;;;;;;;;;1;1;;50;;;;;;;;;;;;;;;Pivot
1;;;2;;;;;4;3;;;;;;;;;;2;;;;;;22;;;;3;3;;50;;;;;;;;;;;;;;;Wing
1;;;0;;;;;0;0;;;;;;;;;;1;;;;;;;;;;2;3;;40;;;;;;;;;;;;;;;Pivot
1;;;;;;;;2;0;;;;;;;;;;0;;;;;;0;;;;0;0;;;;;;;;;;;;;;;;;Pivot
1;;;0;;;;;3;0;;;;;;;;;;1;;;;;;0;;;;0;2;;0;;;;;;;;;;;;;;;Wing
1;;;0;;;;;1;0;;;;;;;;;;1;;;;;;0;;;;0;3;;0;;;;;;;;;;;;;;;Wing
1;;;0;;;;;1;0;;;;;;;;;;4;;;;;;;;;;1;;;100;;;;;;;;;;;;;;;Wing
1;;;1;;;;;0;0;;;;;;;;;;0;;;;;;100;;;;9;1;;90;;;;;;;;;;;;;;;Pivot
1;;;6;;;;;5;0;;;;;;;;;;;;;;;;54;;;;7;10;;66;;;;;;;;;;;;;;;Pivot
1;;;4;;;;;5;1;;;;;;;;;;1;;;;;;40;;;;2;1;;;;;;;;;;;;;;;;;Pivot
1;;;0;;;;;0;0;;;;;;;;;;2;;;;;;;;;;2;1;;66;;;;;;;;;;;;;;;Pivot
1;;;7;;;;;1;1;;;;;;;;;;2;;;;;;77;;;;2;1;;66;;;;;;;;;;;;;;;Wing
1;;;14;;;;;8;2;;;;;;;;;;5;;;;;;58;;;;5;7;;;;;;;;;;;;;;;;;Wing
0;;;33;;;;;5;;;;;;;;;;;1;;;;;;82;;;;3;1;;75;;;;;;;;;;;;;;;Wing
0;;;;;;;;1;;;;;;;;;;;1;;;;;;1;;;;5;3;;62;;;;;;;;;;;;;;;Pivot
0;;;8;;;;;;;;;;;;;;;;1;;;;;;57;;;;1;8;;11;;;;;;;;;;;;;;;Wing
0;;;5;;;;;2;;;;;;;;;;;;;;;;;62;;;;2;6;;25;;;;;;;;;;;;;;;Wing
0;;;;;;;;;;;;;;;;;;;4;;;;;;69;;;;;3;;25;;;;;;;;;;;;;;;Wing
0;;;0;;;;;0;0;;;;;;;;;;0;;;;;;2;;;;3;9;;25;;;;;;;;;;;;;;;Pivot
0;;;;;;;;;;;;;;;;;;;;;;;;;;;;;;3;;;;;;;;;;;;;;;;;Pivot
0;;;;;;;;;;;;;;;;;;;2;;;;;;0;;;;;6;;0;;;;;;;;;;;;;;;Pivot
0;;;0;;;;;;1;;;;;;;;;;;;;;;;0;;;;0;3;;0;;;;;;;;;;;;;;;Wing
1;;;4;;;;;3;;;;;;;;;;;6;;;;;;42;;;;;9;;44;;;;;;;;;;;;;;;Wing
1;;;;;;;;;;;;;;;;;;;1;;;;;;0;;;;2;6;;67;;;;;;;;;;;;;;;Pivot
1;;;3;;;;;5;;;;;;;;;;;3;;;;;;27;;;;;4;;33;;;;;;;;;;;;;;;Wing
1;;;3;;;;;3;;;;;;;;;;;1;;;;;;43;;;;7;;;39;;;;;;;;;;;;;;;Pivot
1;;;5;;;;;8;;;;;;;;;;;;;;;;;38;;;;;1;;67;;;;;;;;;;;;;;;Wing
1;;;;;;;;4;1;;;;;;;;;;4;;;;;;37;;;;6;2;;3;;;;;;;;;;;;;;;Wing
1;;;;;;;;;;;;;;;;;;;1;;;;;;0;;;;;;;0;;;;;;;;;;;;;;;Pivot
1;;;3;;;;;3;;;;;;;;;;;4;;;;;;30;;;;3;6;;33;;;;;;;;;;;;;;;Wing
1;;;;;;;;;0;;;;;;;;;;1;;;;;;0;;;;4;0;;100;;;;;;;;;;;;;;;Pivot
1;;;0;;;;;1;1;;;;;;;;;;1;;;;;;0;;;;5;2;;1;;;;;;;;;;;;;;;Wing
1;;;;;;;;1;;;;;;;;;;;1;;;;;;33;;;;;;;;;;;;;;;;;;;;;;Wing
1;;;;;;;;16;;;;;;;;;;;8;;;;;;40;;;;4;;;44;;;;;;;;;;;;;;;Wing
1;;;;;;;;1;;;;;;;;;;;;;;;;;50;;;;2;;;;;;;;;;;;;;;;;;Pivot
1;;;;;;;;;;;;;;;;;;;;;;;;;0;;;;6;7;;46;;;;;;;;;;;;;;;Pivot
1;;;;;;;;;0;;;;;;;;;;;;;;;;;;;;10;8;;56;;;;;;;;;;;;;;;Pivot
1;;;4;;;;;3;;;;;;;;;;;2;;;;;;20;;;;4;4;;50;;;;;;;;;;;;;;;Wing
1;;;15;;;;;;1;;;;;;;;;;4;;;;;;53;;;;5;4;;43;;;;;;;;;;;;;;;Wing
1;;;3;;;;;7;0;;;;;;;;;;;;;;;;25;;;;4;7;;67;;;;;;;;;;;;;;;Wing
1;;;1;;;;;;;;;;;;;;;;1;;;;;;50;;;;6;4;;60;;;;;;;;;;;;;;;Pivot
1;;;;;;;;;0;;;;;;;;;;1;;;;;;0;;;;;;;100;;;;;;;;;;;;;;;Pivot
1;;;;;;;;;0;;;;;;;;;;;;;;;;;;;;;;;0;;;;;;;;;;;;;;;Wing
1;;;13;;;;;3;4;;;;;;;;;;4;;;;;;65;;;;5;6;;45;;;;;;;;;;;;;;;Wing
1;;;;;;;;3;1;;;;;;;;;;3;;;;;;20;;;;;;;;;;;;;;;;;;;;;;Wing
1;;;;;;;;2;1;;;;;;;;;;3;;;;;;33;;;;;;;;;;;;;;;;;;;;;;Pivot
1;;;;;;;;1;0;;;;;;;;;;0;;;;;;75;;;;;;;;;;;;;;;;;;;;;;Wing
1;;;;;;;;1;1;;;;;;;;;;1;;;;;;50;;;;;;;;;;;;;;;;;;;;;;Pivot
1;;;;;;;;2;0;;;;;;;;;;1;;;;;;61;;;;;;;;;;;;;;;;;;;;;;Wing
1;;;;;;;;2;1;;;;;;;;;;3;;;;;;100;;;;;;;;;;;;;;;;;;;;;;Wing
1;;;;;;;;5;0;;;;;;;;;;5;;;;;;50;;;;;;;;;;;;;;;;;;;;;;Wing
1;;;;;;;;2;1;;;;;;;;;;0;;;;;;50;;;;;;;;;;;;;;;;;;;;;;Wing
1;;;;;;;;0;0;;;;;;;;;;1;;;;;;100;;;;;;;;;;;;;;;;;;;;;;Pivot
1;;;;;;;;3;1;;;;;;;;;;3;;;;;;51;;;;;;;;;;;;;;;;;;;;;;Wing
1;;;;;;;;1;0;;;;;;;;;;0;;;;;;;;;;;;;;;;;;;;;;;;;;;;Pivot
1;;;;;;;;0;1;;;;;;;;;;2;;;;;;;;;;;;;;;;;;;;;;;;;;;;Pivot
1;;;0;;;;;0;1;;;;;;;;;;1;;;;;;0;;;;1;2;;33;;;;;;;;;;;;;;;Pivot
1;;;0;;;;;1;0;;;;;;;;;;1;;;;;;0;;;;5;5;;50;;;;;;;;;;;;;;;Pivot
1;;;0;;;;;1;0;;;;;;;;;;2;;;;;;0;;;;2;0;;100;;;;;;;;;;;;;;;Wing
1;;;2;;;;;1;0;;;;;;;;;;2;;;;;;66;;;;2;4;;33;;;;;;;;;;;;;;;Wing
1;;;6;;;;;2;0;;;;;;;;;;5;;;;;;15;;;;0;4;;0;;;;;;;;;;;;;;;Wing
1;;;3;;;;;5;0;;;;;;;;;;2;;;;;;37;;;;3;1;;75;;;;;;;;;;;;;;;Wing
1;;;5;;;;;5;1;;;;;;;;;;4;;;;;;45;;;;3;3;;50;;;;;;;;;;;;;;;Wing
1;;;4;;;;;10;0;;;;;;;;;;2;;;;;;28;;;;2;6;;25;;;;;;;;;;;;;;;Wing
1;;;1;;;;;0;0;;;;;;;;;;1;;;;;;100;;;;3;0;;100;;;;;;;;;;;;;;;Pivot
0;;;13;;;;;2;0;;;;;;;;;;3;;;;;;86;;;;;5;;28;;;;;;;;;;;;;;;Wing
0;;;2;;;;;0;0;;;;;;;;;;0;;;;;;100;;;;;0;;;;;;;;;;;;;;;;;Pivot
0;;;11;;;;;4;2;;;;;;;;;;2;;;;;;64;;;;;3;;40;;;;;;;;;;;;;;;Wing
0;;;19;;;;;2;;;;;;;;;;;;;;;;;90;;;;;2;;66;;;;;;;;;;;;;;;Wing
0;;;19;;;;;1;;;;;;;;;;;2;;;;;;95;;;;;5;;44;;;;;;;;;;;;;;;Wing
0;;;5;;;;;1;;;;;;;;;;;;;;;;;100;;;;;5;;58;;;;;;;;;;;;;;;Pivot
0;;;5;;;;;2;;;;;;;;;;;3;;;;;;71;;;;;3;;50;;;;;;;;;;;;;;;Wing
0;;;1;;;;;0;0;;;;;;;;;;1;;;;;;100;;;;;7;;53;;;;;;;;;;;;;;;Pivot
0;;;1;;;;;0;1;;;;;;;;;;0;;;;;;50;;;;;3;;70;;;;;;;;;;;;;;;Pivot
0;;;3;;;;;4;1;;;;;;;;;;4;;;;;;37;;;;;8;;0;;;;;;;;;;;;;;;Wing
0;;;2;;;;;1;0;;;;;;;;;;6;;;;;;66;;;;;9;;0;;;;;;;;;;;;;;;Pivot
0;;;0;;;;;2;0;;;;;;;;;;2;;;;;;0;;;;;10;;0;;;;;;;;;;;;;;;Pivot
0;;;3;;;;;1;1;;;;;;;;;;4;;;;;;60;;;;;5;;28;;;;;;;;;;;;;;;Wing
0;;;5;;;;;5;0;;;;;;;;;;4;;;;;;50;;;;;6;;0;;;;;;;;;;;;;;;Wing
0;;;10;;;;;7;2;;;;;;;;;;2;;;;;;52;;;;;4;;20;;;;;;;;;;;;;;;Wing
0;;;2;;;;;2;;;;;;;;;;;0;;;;;;50;;;;;8;;27;;;;;;;;;;;;;;;Pivot
0;;;0;;;;;1;0;;;;;;;;;;2;;;;;;15;;;;;;;6;;;;;;;;;;;;;;;Pivot
0;;;7;;;;;10;1;;;;;;;;;;1;;;;;;38;;;;;7;;30;;;;;;;;;;;;;;;Wing
0;;;;;;;;1;0;;;;;;;;;;0;;;;;;0;;;;;1;;50;;;;;;;;;;;;;;;Wing
;;;1;;;;;3;1;;;;;;;;;;1;;;;;;20;;;;;3;;0;;;;;;;;;;;;;;;Wing
1;;;0;;;;;0;0;;;;;;;;;;0;;;;;;;;;;2;1;;28;;;;;;;;;;;;;;;Pivot
1;;;6;;;;;1;0;;;;;;;;;;1;;;;;;85;;;;;1;;50;;;;;;;;;;;;;;;Wing
1;;;16;;;;;4;0;;;;;;;;;;2;;;;;;80;;;;2;0;;3;;;;;;;;;;;;;;;Wing
1;;;0;;;;;0;1;;;;;;;;;;0;;;;;;0;;;;12;;;80;;;;;;;;;;;;;;;Pivot
1;;;3;;;;;1;2;;;;;;;;;;2;;;;;;50;;;;2;2;;50;;;;;;;;;;;;;;;Wing
1;;;3;;;;;0;0;;;;;;;;;;0;;;;;;100;;;;8;5;;50;;;;;;;;;;;;;;;Pivot
1;;;7;;;;;4;2;;;;;;;;;;1;;;;;;53;;;;2;2;;;;;;;;;;;;;;;;;Wing
1;;;4;;;;;2;0;;;;;;;;;;1;;;;;;66;;;;4;;;100;;;;;;;;;;;;;;;Wing
1;;;4;;;;;2;0;;;;;;;;;;1;;;;;;66;;;;2;0;;100;;;;;;;;;;;;;;;Wing
1;;;0;;;;;2;0;;;;;;;;;;2;;;;;;0;;;;2;7;;22;;;;;;;;;;;;;;;Pivot
1;;;;;;;;;;;;;;;;;;;1;;;;;;;;;;4;2;;30;;;;;;;;;;;;;;;Pivot
1;;;;;;;;;;;;;;;;;;;;;;;;;;;;;;1;;;;;;;;;;;;;;;;;Wing
1;;;3;;;;;12;0;;;;;;;;;;0;;;;;;20;;;;4;7;;36;;;;;;;;;;;;;;;Wing
1;;;4;;;;;6;0;;;;;;;;;;1;;;;;;40;;;;2;4;;33;;;;;;;;;;;;;;;Wing
1;;;1;;;;;3;0;;;;;;;;;;2;;;;;;25;;;;1;2;;33;;;;;;;;;;;;;;;Wing
1;;;3;;;;;8;0;;;;;;;;;;2;;;;;;27;;;;1;8;;11;;;;;;;;;;;;;;;Wing
1;;;7;;;;;4;0;;;;;;;;;;3;;;;;;63;;;;0;2;;0;;;;;;;;;;;;;;;Wing
1;;;;;;;;;;;;;;;;;;;1;;;;;;;;;;;3;;;;;;;;;;;;;;;;;Pivot
0;;;1;;;;;0;0;;;;;;;;;;0;;;;;;100;;;;3;2;;60;;;;;;;;;;;;;;;Wing
0;;;1;;;;;3;1;;;;;;;;;;2;;;;;;25;;;;7;9;;43;;;;;;;;;;;;;;;Pivot
0;;;0;;;;;1;0;;;;;;;;;;0;;;;;;0;;;;4;;;57;;;;;;;;;;;;;;;Pivot
0;;;6;;;;;2;1;;;;;;;;;;1;;;;;;75;;;;6;7;;46;;;;;;;;;;;;;;;Wing
0;;;12;;;;;7;0;;;;;;;;;;2;;;;;;63;;;;6;4;;60;;;;;;;;;;;;;;;Wing
0;;;8;;;;;7;1;;;;;;;;;;4;;;;;;53;;;;2;9;;18;;;;;;;;;;;;;;;Wing
0;;;10;;;;;5;0;;;;;;;;;;7;;;;;;66;;;;2;1;;66;;;;;;;;;;;;;;;Wing
0;;;1;;;;;2;1;;;;;;;;;;3;;;;;;33;;;;1;1;;;;;;;;;;;;;;;;;Wing
0;;;1;;;;;1;0;;;;;;;;;;2;;;;;;50;;;;7;9;;43;;;;;;;;;;;;;;;Pivot
0;;;6;;;;;3;2;;;;;;;;;;1;;;;;;54;;;;1;2;;;;;;;;;;;;;;;;;Wing
0;;;1;;;;;;;;;;;;;;;;;;;;;;100;;;;4;6;;40;;;;;;;;;;;;;;;Pivot
0;;;15;;;;;15;0;;;;;;;;;;1;;;;;;50;;;;8;6;;57;;;;;;;;;;;;;;;Wing
0;;;1;;;;;1;;;;;;;;;;;1;;;;;;50;;;;6;12;;33;;;;;;;;;;;;;;;Pivot
0;;;4;;;;;1;0;;;;;;;;;;0;;;;;;80;;;;3;2;;60;;;;;;;;;;;;;;;Pivot
0;;;;;;;;2;1;;;;;;;;;;1;;;;;;;;;;;4;;;;;;;;;;;;;;;;;Wing
0;;;1;;;;;0;0;;;;;;;;;;2;;;;;;100;;;;2;3;;40;;;;;;;;;;;;;;;Wing
0;;;10;;;;;8;;;;;;;;;;;2;;;;;;55;;;;;5;;;;;;;;;;;;;;;;;Wing
0;;;0;;;;;1;0;;;;;;;;;;1;;;;;;0;;;;6;4;;60;;;;;;;;;;;;;;;Pivot
0;;;1;;;;;1;;;;;;;;;;;;;;;;;50;;;;;;;;;;;;;;;;;;;;;;Wing
0;;;6;;;;;5;;;;;;;;;;;3;;;;;;54;;;;1;1;;50;;;;;;;;;;;;;;;Wing
0;;;7;;;;;1;1;;;;;;;;;;1;;;;;;77;;;;;2;;;;;;;;;;;;;;;;;Wing
0;;;0;;;;;0;1;;;;;;;;;;1;;;;;;0;;;;0;1;;0;;;;;;;;;;;;;;;Pivot
1;;;14;;;;;5;0;;;;;;;;;;4;;;;;;73;;;;2;3;;40;;;;;;;;;;;;;;;Wing
1;;;1;;;;;6;0;;;;;;;;;;1;;;;;;14;;;;5;5;;50;;;;;;;;;;;;;;;Wing
1;;;1;;;;;1;0;;;;;;;;;;1;;;;;;50;;;;1;5;;16;;;;;;;;;;;;;;;Pivot
1;;;5;;;;;8;0;;;;;;;;;;2;;;;;;38;;;;2;1;;66;;;;;;;;;;;;;;;Wing
1;;;0;;;;;3;0;;;;;;;;;;2;;;;;;0;;;;5;6;;45;;;;;;;;;;;;;;;Pivot
1;;;0;;;;;1;0;;;;;;;;;;0;;;;;;0;;;;6;9;;40;;;;;;;;;;;;;;;Pivot
1;;;6;;;;;6;0;;;;;;;;;;3;;;;;;50;;;;3;3;;50;;;;;;;;;;;;;;;Wing
1;;;1;;;;;3;0;;;;;;;;;;1;;;;;;25;;;;0;1;;0;;;;;;;;;;;;;;;Wing
1;;;0;;;;;1;0;;;;;;;;;;0;;;;;;0;;;;6;6;;50;;;;;;;;;;;;;;;Pivot
1;;;1;;;;;0;0;;;;;;;;;;0;;;;;;100;;;;7;2;;;;;;;;;;;;;;;;;Pivot
1;;;1;;;;;2;0;;;;;;;;;;0;;;;;;33;;;;7;5;;58;;;;;;;;;;;;;;;Pivot
1;;;3;;;;;4;0;;;;;;;;;;4;;;;;;42;;;;0;0;;;;;;;;;;;;;;;;;Wing
1;;;1;;;;;2;0;;;;;;;;;;0;;;;;;33;;;;1;3;;25;;;;;;;;;;;;;;;Wing
1;;;5;;;;;3;0;;;;;;;;;;1;;;;;;62;;;;0;1;;0;;;;;;;;;;;;;;;Wing
1;;;9;;;;;4;0;;;;;;;;;;3;;;;;;69;;;;0;3;;0;;;;;;;;;;;;;;;Wing
1;;;10;;;;;4;0;;;;;;;;;;2;;;;;;71;;;;5;1;;83;;;;;;;;;;;;;;;Wing
1;;;0;;;;;0;0;;;;;;;;;;0;;;;;;0;;;;2;3;;40;;;;;;;;;;;;;;;Pivot
1;;;0;;;;;0;0;;;;;;;;;;0;;;;;;0;;;;1;1;;50;;;;;;;;;;;;;;;Pivot
1;;;2;;;;;2;0;;;;;;;;;;0;;;;;;50;;;;1;1;;50;;;;;;;;;;;;;;;Wing
0;;;4;;;;;2;3;;;;;;;;;;0;;;9;;;44;;;;1;3;4;25;;;;;;;;;;;;;;;Wing
0;;;1;;;;;5;0;;;;;;;;;;3;;;9;;;11;;;;6;12;18;33;;;;;;;;;;;;;;;Pivot
0;;;5;;;;;0;0;;;;;;;;;;0;;;5;;;100;;;;5;7;12;42;;;;;;;;;;;;;;;Wing
0;;;3;;;;;7;0;;;;;;;;;;3;;;13;;;23;;;;7;5;12;58;;;;;;;;;;;;;;;Wing
0;;;1;;;;;0;0;;;;;;;;;;0;;;1;;;100;;;;0;2;2;0;;;;;;;;;;;;;;;Pivot
0;;;4;;;;;5;3;;;;;;;;;;0;;;12;;;33;;;;1;3;4;25;;;;;;;;;;;;;;;Wing
0;;;12;;;;;9;0;;;;;;;;;;4;;;25;;;48;;;;1;8;9;11;;;;;;;;;;;;;;;Wing
0;;;23;;;;;3;1;;;;;;;;;;5;;;32;;;72;;;;2;5;7;29;;;;;;;;;;;;;;;Wing
0;;;0;;;;;2;0;;;;;;;;;;0;;;2;;;0;;;;2;5;7;29;;;;;;;;;;;;;;;Wing
0;;;2;;;;;1;0;;;;;;;;;;2;;;5;;;40;;;;9;6;15;60;;;;;;;;;;;;;;;Pivot
0;;;10;;;;;8;1;;;;;;;;;;3;;;22;;;45;;;;4;8;12;33;;;;;;;;;;;;;;;Wing
0;;;18;;;;;3;7;;;;;;;;;;4;;;32;;;56;;;;3;7;10;30;;;;;;;;;;;;;;;Wing
0;;;1;;;;;1;0;;;;;;;;;;0;;;2;;;50;;;;3;5;8;38;;;;;;;;;;;;;;;Pivot
0;;;7;;;;;3;0;;;;;;;;;;4;;;14;;;50;;;;0;7;7;0;;;;;;;;;;;;;;;Wing
0;;;0;;;;;0;0;;;;;;;;;;1;;;1;;;0;;;;0;3;3;0;;;;;;;;;;;;;;;Wing
0;;;1;;;;;1;0;;;;;;;;;;2;;;4;;;25;;;;3;1;4;75;;;;;;;;;;;;;;;Pivot
0;;;2;;;;;2;0;;;;;;;;;;2;;;6;;;33;;;;8;11;19;42;;;;;;;;;;;;;;;Pivot
0;;;10;;;;;6;0;;;;;;;;;;6;;;22;;;45;;;;2;5;7;29;;;;;;;;;;;;;;;Wing
0;;;9;;;;;8;0;;;;;;;;;;0;;;17;;;53;;;;2;2;4;50;;;;;;;;;;;;;;;Wing
0;;;8;;;;;5;2;;;;;;;;;;10;;;25;;;32;;;;0;14;14;0;;;;;;;;;;;;;;;Wing
0;;;7;;;;;10;1;;;;;;;;;;2;;;20;;;35;;;;0;9;9;0;;;;;;;;;;;;;;;Wing
0;;;0;;;;;1;0;;;;;;;;;;1;;;2;;;0;;;;3;11;14;21;;;;;;;;;;;;;;;Pivot
0;;;12;;;;;8;0;;;;;;;;;;6;;;26;;;46;;;;2;8;10;20;;;;;;;;;;;;;;;Wing
0;;;0;;;;;0;0;;;;;;;;;;0;;;0;;;0;;;;0;0;0;0;;;;;;;;;;;;;;;Pivot
0;;;1;;;;;3;1;;;;;;;;;;6;;;11;;;9;;;;4;10;14;29;;;;;;;;;;;;;;;Pivot
0;;;1;;;;;1;0;;;;;;;;;;0;;;2;;;50;;;;2;2;4;50;;;;;;;;;;;;;;;Pivot
0;;;13;;;;;2;2;;;;;;;;;;8;;;25;;;52;;;;4;3;7;57;;;;;;;;;;;;;;;Wing
0;;;12;;;;;1;2;;;;;;;;;;0;;;15;;;80;;;;5;1;6;83;;;;;;;;;;;;;;;Wing
0;;;2;;;;;0;0;;;;;;;;;;2;;;4;;;50;;;;1;8;9;11;;;;;;;;;;;;;;;Pivot
0;;;10;;;;;2;1;;;;;;;;;;6;;;19;;;53;;;;5;10;15;33;;;;;;;;;;;;;;;Wing
0;;;6;;;;;0;1;;;;;;;;;;2;;;9;;;67;;;;1;2;3;33;;;;;;;;;;;;;;;Wing
0;;;4;;;;;2;0;;;;;;;;;;7;;;13;;;31;;;;3;3;6;50;;;;;;;;;;;;;;;Pivot
0;;;2;;;;;3;0;;;;;;;;;;0;;;5;;;40;;;;14;8;6;64;;;;;;;;;;;;;;;Pivot
0;;;9;;;;;2;1;;;;;;;;;;5;;;17;;;53;;;;1;2;3;33;;;;;;;;;;;;;;;Wing
0;;;15;;;;;6;2;;;;;;;;;;1;;;24;;;63;;;;0;11;11;0;;;;;;;;;;;;;;;Wing
0;;;17;;;;;6;0;;;;;;;;;;3;;;26;;;65;;;;3;18;21;14;;;;;;;;;;;;;;;Wing
0;;;0;;;;;2;0;;;;;;;;;;0;;;2;;;0;;;;2;11;13;15;;;;;;;;;;;;;;;Pivot
0;;;0;;;;;0;0;;;;;;;;;;0;;;0;;;0;;;;4;12;16;25;;;;;;;;;;;;;;;Pivot
0;;;16;;;;;5;2;;;;;;;;;;1;;;24;;;67;;;;1;8;9;11;;;;;;;;;;;;;;;Wing
0;;;0;;;;;0;0;;;;;;;;;;0;;;0;;;0;;;;3;7;10;30;;;;;;;;;;;;;;;Pivot
0;;;15;;;;;3;2;;;;;;;;;;1;;;21;;;71;;;;0;2;2;0;;;;;;;;;;;;;;;Wing
0;;;8;;;;;6;0;;;;;;;;;;5;;;19;;;42;;;;4;10;14;29;;;;;;;;;;;;;;;Wing
0;;;0;;;;;0;0;;;;;;;;;;0;;;0;;;0;;;;0;1;1;0;;;;;;;;;;;;;;;Wing
0;;;11;;;;;3;1;;;;;;;;;;1;;;16;;;69;;;;2;13;15;13;;;;;;;;;;;;;;;Wing
0;;;0;;;;;0;0;;;;;;;;;;0;;;0;;;0;;;;0;1;1;0;;;;;;;;;;;;;;;Pivot
0;;;30;;;;;2;0;;;;;;;;;;0;;;32;;;94;;;;3;4;7;43;;;;;;;;;;;;;;;Wing
0;;;0;;;;;0;0;;;;;;;;;;0;;;0;;;0;;;;2;6;8;25;;;;;;;;;;;;;;;Pivot
0;;;10;;;;;0;0;;;;;;;;;;2;;;12;;;83;;;;6;10;16;38;;;;;;;;;;;;;;;Pivot
0;;;10;;;;;2;1;;;;;;;;;;1;;;14;;;71;;;;2;6;8;25;;;;;;;;;;;;;;;Wing
0;;;0;;;;;0;0;;;;;;;;;;0;;;0;;;0;;;;3;11;14;21;;;;;;;;;;;;;;;Pivot
0;;;12;;;;;3;1;;;;;;;;;;1;;;17;;;71;;;;3;3;6;50;;;;;;;;;;;;;;;Wing
0;;;1;;;;;4;0;;;;;;;;;;0;;;5;;;20;;;;3;7;10;30;;;;;;;;;;;;;;;Pivot
0;;;11;;;;;2;0;;;;;;;;;;1;;;14;;;79;;;;2;3;5;40;;;;;;;;;;;;;;;Wing
0;;;2;;;;;1;0;;;;;;;;;;0;;;3;;;67;;;;2;0;2;100;;;;;;;;;;;;;;;Wing
0;;;17;;;;;8;1;;;;;;;;;;1;;;27;;;63;;;;8;7;15;53;;;;;;;;;;;;;;;Pivot
0;;;0;;;;;0;0;;;;;;;;;;0;;;0;;;0;;;;3;9;12;25;;;;;;;;;;;;;;;Wing
0;;;4;;;;;3;0;;;;;;;;;;0;;;7;;;57;;;;2;1;3;67;;;;;;;;;;;;;;;Wing
0;;;15;;;;;1;0;;;;;;;;;;1;;;17;;;88;;;;15;11;26;58;;;;;;;;;;;;;;;Pivot
0;;;11;;;;;5;0;;;;;;;;;;2;;;18;;;61;;;;3;4;7;43;;;;;;;;;;;;;;;Wing
0;;;0;;;;;0;0;;;;;;;;;;0;;;0;;;0;;;;4;1;5;80;;;;;;;;;;;;;;;Pivot
0;;;1;;;;;4;2;;;;;;;;;;1;;;8;;;13;;;;0;2;2;0;;;;;;;;;;;;;;;Wing
0;;;7;;;;;7;0;;;;;;;;;;1;;;15;;;47;;;;3;2;5;60;;;;;;;;;;;;;;;Wing
0;;;0;;;;;2;0;;;;;;;;;;2;;;4;;;0;;;;3;17;20;15;;;;;;;;;;;;;;;Pivot
0;;;4;;;;;3;2;;;;;;;;;;1;;;10;;;40;;;;1;3;4;25;;;;;;;;;;;;;;;Wing
0;;;5;;;;;6;0;;;;;;;;;;1;;;12;;;42;;;;4;8;12;33;;;;;;;;;;;;;;;Wing
0;;;7;;;;;8;1;;;;;;;;;;0;;;16;;;44;;;;0;8;8;0;;;;;;;;;;;;;;;Wing
0;;;10;;;;;6;0;;;;;;;;;;3;;;19;;;53;;;;3;9;12;25;;;;;;;;;;;;;;;Wing
0;;;0;;;;;0;0;;;;;;;;;;0;;;0;;;0;;;;6;9;15;40;;;;;;;;;;;;;;;Pivot
0;;;12;;;;;8;3;;;;;;;;;;5;;;28;;;43;;;;2;5;7;29;;;;;;;;;;;;;;;Wing
0;;;0;;;;;1;0;;;;;;;;;;1;;;2;;;0;;;;5;10;15;33;;;;;;;;;;;;;;;Pivot
0;;;4;;;;;0;1;;;;;;;;;;2;;;7;;;57;;;;4;2;6;67;;;;;;;;;;;;;;;Wing
0;;;7;;;;;0;0;;;;;;;;;;0;;;7;;;100;;;;1;0;1;100;;;;;;;;;;;;;;;Wing
0;;;6;;;;;3;0;;;;;;;;;;0;;;9;;;67;;;;7;4;11;64;;;;;;;;;;;;;;;Pivot
0;;;1;;;;;0;0;;;;;;;;;;0;;;1;;;100;;;;4;4;8;50;;;;;;;;;;;;;;;Pivot
0;;;9;;;;;7;1;;;;;;;;;;2;;;19;;;47;;;;3;4;7;43;;;;;;;;;;;;;;;Wing
0;;;1;;;;;4;0;;;;;;;;;;1;;;6;;;17;;;;0;1;1;0;;;;;;;;;;;;;;;Wing
0;;;9;;;;;4;3;;;;;;;;;;4;;;20;;;45;;;;6;7;13;46;;;;;;;;;;;;;;;Pivot
0;;;7;;;;;2;1;;;;;;;;;;1;;;11;;;64;;;;1;0;1;100;;;;;;;;;;;;;;;Wing
0;;;0;;;;;0;0;;;;;;;;;;0;;;0;;;0;;;;3;2;5;60;;;;;;;;;;;;;;;Pivot
0;;;0;;;;;0;0;;;;;;;;;;2;;;2;;;0;;;;5;6;11;45;;;;;;;;;;;;;;;Pivot
0;;;8;;;;;3;0;;;;;;;;;;2;;;13;;;62;;;;2;1;3;67;;;;;;;;;;;;;;;Wing
0;;;5;;;;;7;0;;;;;;;;;;3;;;15;;;33;;;;2;4;6;33;;;;;;;;;;;;;;;Wing
0;;;7;;;;;6;0;;;;;;;;;;3;;;16;;;44;;;;0;8;8;0;;;;;;;;;;;;;;;Wing
0;;;2;;;;;5;2;;;;;;;;;;0;;;9;;;22;;;;2;9;11;18;;;;;;;;;;;;;;;Wing
0;;;8;;;;;5;0;;;;;;;;;;5;;;18;;;44;;;;1;2;3;33;;;;;;;;;;;;;;;Wing
0;;;1;;;;;4;0;;;;;;;;;;2;;;7;;;14;;;;3;4;7;43;;;;;;;;;;;;;;;Pivot
0;;;3;;;;;6;1;;;;;;;;;;5;;;15;;;20;;;;5;6;11;45;;;;;;;;;;;;;;;Pivot
0;;;1;;;;;1;0;;;;;;;;;;1;;;3;;;33;;;;4;7;11;36;;;;;;;;;;;;;;;Pivot
0;;;2;;;;;1;0;;;;;;;;;;2;;;5;;;40;;;;3;5;8;38;;;;;;;;;;;;;;;Wing
0;;;1;;;;;3;0;;;;;;;;;;3;;;7;;;14;;;;7;9;16;44;;;;;;;;;;;;;;;Pivot
0;;;10;;;;;7;2;;;;;;;;;;10;;;29;;;34;;;;5;7;12;42;;;;;;;;;;;;;;;Wing
0;;;2;;;;;3;1;;;;;;;;;;3;;;9;;;22;;;;0;9;9;0;;;;;;;;;;;;;;;Wing
0;;;10;;;;;3;5;;;;;;;;;;3;;;21;;;48;;;;2;8;10;20;;;;;;;;;;;;;;;Wing
0;;;11;;;;;9;1;;;;;;;;;;7;;;28;;;39;;;;1;5;6;17;;;;;;;;;;;;;;;Wing
0;;;0;;;;;1;0;;;;;;;;;;1;;;2;;;0;;;;1;3;4;25;;;;;;;;;;;;;;;Pivot
0;;;2;;;;;2;0;;;;;;;;;;0;;;4;;;50;;;;3;4;7;43;;;;;;;;;;;;;;;Pivot
0;;;0;;;;;0;0;;;;;;;;;;0;;;0;;;0;;;;2;8;10;20;;;;;;;;;;;;;;;Pivot
0;;;2;;;;;4;0;;;;;;;;;;1;;;7;;;29;;;;4;8;12;33;;;;;;;;;;;;;;;Wing
0;;;2;;;;;3;0;;;;;;;;;;3;;;8;;;25;;;;9;13;22;41;;;;;;;;;;;;;;;Pivot
0;;;10;;;;;14;1;;;;;;;;;;6;;;31;;;32;;;;4;3;7;57;;;;;;;;;;;;;;;Wing
0;;;8;;;;;4;1;;;;;;;;;;1;;;14;;;57;;;;4;1;5;80;;;;;;;;;;;;;;;Wing
0;;;1;;;;;4;0;;;;;;;;;;1;;;6;;;17;;;;2;1;3;67;;;;;;;;;;;;;;;Wing
0;;;4;;;;;1;0;;;;;;;;;;1;;;6;;;67;;;;2;6;8;25;;;;;;;;;;;;;;;Pivot
0;;;7;;;;;4;2;;;;;;;;;;2;;;15;;;47;;;;7;3;10;70;;;;;;;;;;;;;;;Wing
0;;;7;;;;;4;1;;;;;;;;;;4;;;16;;;44;;;;1;3;4;25;;;;;;;;;;;;;;;Wing
0;;;8;;;;;2;1;;;;;;;;;;3;;;14;;;57;;;;4;0;4;100;;;;;;;;;;;;;;;Wing
0;;;12;;;;;2;1;;;;;;;;;;2;;;17;;;71;;;;4;6;10;40;;;;;;;;;;;;;;;Wing
0;;;0;;;;;0;0;;;;;;;;;;0;;;0;;;0;;;;3;10;13;23;;;;;;;;;;;;;;;Pivot
0;;;13;;;;;4;2;;;;;;;;;;0;;;19;;;68;;;;3;1;4;75;;;;;;;;;;;;;;;Wing
0;;;1;;;;;1;0;;;;;;;;;;2;;;4;;;25;;;;9;8;17;53;;;;;;;;;;;;;;;Pivot
0;;;12;;;;;10;2;;;;;;;;;;5;;;29;;;41;;;;4;3;7;57;;;;;;;;;;;;;;;Wing
0;;;1;;;;;1;1;;;;;;;;;;3;;;6;;;17;;;;3;8;11;27;;;;;;;;;;;;;;;Pivot
0;;;8;;;;;3;0;;;;;;;;;;3;;;14;;;57;;;;1;4;5;20;;;;;;;;;;;;;;;Wing
0;;;1;;;;;0;1;;;;;;;;;;3;;;5;;;20;;;;5;3;8;63;;;;;;;;;;;;;;;Pivot
0;;;0;;;;;0;0;;;;;;;;;;1;;;1;;;0;;;;4;0;4;100;;;;;;;;;;;;;;;Pivot
0;;;1;;;;;2;0;;;;;;;;;;3;;;6;;;17;;;;4;8;12;33;;;;;;;;;;;;;;;Wing
0;;;2;;;;;3;1;;;;;;;;;;2;;;8;;;25;;;;1;1;2;50;;;;;;;;;;;;;;;Pivot
0;;;6;;;;;3;3;;;;;;;;;;2;;;14;;;43;;;;3;8;11;27;;;;;;;;;;;;;;;Wing
0;;;10;;;;;9;1;;;;;;;;;;4;;;24;;;42;;;;3;5;8;38;;;;;;;;;;;;;;;Wing
0;;;3;;;;;4;0;;;;;;;;;;1;;;8;;;38;;;;1;2;3;33;;;;;;;;;;;;;;;Wing
0;;;10;;;;;8;0;;;;;;;;;;3;;;21;;;48;;;;0;5;5;0;;;;;;;;;;;;;;;Wing
0;;;13;;;;;2;0;;;;;;;;;;10;;;25;;;52;;;;5;10;15;33;;;;;;;;;;;;;;;Pivot
0;;;2;;;;;5;0;;;;;;;;;;1;;;8;;;25;;;;2;4;6;33;;;;;;;;;;;;;;;Wing
0;;;2;;;;;3;0;;;;;;;;;;4;;;9;;;22;;;;2;0;2;100;;;;;;;;;;;;;;;Wing
0;;;7;;;;;4;0;;;;;;;;;;3;;;14;;;50;;;;3;4;7;43;;;;;;;;;;;;;;;Wing
0;;;1;;;;;0;0;;;;;;;;;;1;;;2;;;50;;;;2;4;6;33;;;;;;;;;;;;;;;Pivot
0;;;2;;;;;2;0;;;;;;;;;;3;;;7;;;29;;;;8;4;12;67;;;;;;;;;;;;;;;Pivot
0;;;0;;;;;2;0;;;;;;;;;;0;;;2;;;0;;;;8;8;16;50;;;;;;;;;;;;;;;Pivot
0;;;6;;;;;2;0;;;;;;;;;;2;;;10;;;60;;;;1;2;3;33;;;;;;;;;;;;;;;Wing
0;;;4;;;;;2;1;;;;;;;;;;0;;;7;;;57;;;;1;0;1;100;;;;;;;;;;;;;;;Pivot
0;;;4;;;;;3;2;;;;;;;;;;1;;;10;;;40;;;;0;2;2;0;;;;;;;;;;;;;;;Wing
0;;;11;;;;;3;0;;;;;;;;;;0;;;14;;;79;;;;1;1;2;50;;;;;;;;;;;;;;;Wing
0;;;0;;;;;0;0;;;;;;;;;;0;;;0;;;0;;;;3;1;4;75;;;;;;;;;;;;;;;Pivot
0;;;17;;;;;3;0;;;;;;;;;;1;;;21;;;81;;;;5;1;6;83;;;;;;;;;;;;;;;Wing
0;;;0;;;;;0;0;;;;;;;;;;1;;;1;;;0;;;;4;8;12;33;;;;;;;;;;;;;;;Wing
0;;;4;;;;;2;1;;;;;;;;;;1;;;8;;;50;;;;1;4;5;20;;;;;;;;;;;;;;;Pivot
0;;;8;;;;;3;0;;;;;;;;;;1;;;12;;;67;;;;3;0;3;100;;;;;;;;;;;;;;;Wing
0;;;8;;;;;2;0;;;;;;;;;;0;;;10;;;80;;;;4;5;9;44;;;;;;;;;;;;;;;Pivot
0;;;14;;;;;0;1;;;;;;;;;;0;;;15;;;93;;;;8;11;19;42;;;;;;;;;;;;;;;Wing
0;;;0;;;;;0;0;;;;;;;;;;0;;;0;;;0;;;;5;4;9;56;;;;;;;;;;;;;;;Pivot
0;;;3;;;;;8;0;;;;;;;;;;1;;;12;;;25;;;;0;7;7;0;;;;;;;;;;;;;;;Wing
0;;;10;;;;;13;0;;;;;;;;;;6;;;29;;;34;;;;0;12;12;0;;;;;;;;;;;;;;;Wing
0;;;11;;;;;5;0;;;;;;;;;;8;;;24;;;46;;;;3;10;13;23;;;;;;;;;;;;;;;Wing
0;;;2;;;;;0;1;;;;;;;;;;1;;;4;;;50;;;;3;11;14;21;;;;;;;;;;;;;;;Pivot
0;;;6;;;;;4;0;;;;;;;;;;5;;;15;;;40;;;;1;9;10;10;;;;;;;;;;;;;;;Pivot
0;;;1;;;;;1;1;;;;;;;;;;2;;;5;;;20;;;;7;10;17;41;;;;;;;;;;;;;;;Pivot
0;;;3;;;;;4;0;;;;;;;;;;3;;;10;;;30;;;;1;2;3;33;;;;;;;;;;;;;;;Wing
0;;;3;;;;;1;1;;;;;;;;;;2;;;7;;;43;;;;5;15;20;25;;;;;;;;;;;;;;;Pivot
0;;;10;;;;;1;1;;;;;;;;;;2;;;14;;;71;;;;5;4;9;56;;;;;;;;;;;;;;;Wing
0;;;2;;;;;1;0;;;;;;;;;;0;;;3;;;67;;;;2;3;5;40;;;;;;;;;;;;;;;Pivot
0;;;12;;;;;3;0;;;;;;;;;;3;;;18;;;67;;;;1;0;1;100;;;;;;;;;;;;;;;Wing
0;;;3;;;;;0;0;;;;;;;;;;0;;;3;;;100;;;;0;0;0;0;;;;;;;;;;;;;;;Wing
0;;;2;;;;;2;0;;;;;;;;;;1;;;5;;;40;;;;0;2;2;0;;;;;;;;;;;;;;;Pivot
0;;;19;;;;;2;0;;;;;;;;;;1;;;22;;;86;;;;5;6;11;45;;;;;;;;;;;;;;;Wing
0;;;0;;;;;1;0;;;;;;;;;;0;;;1;;;0;;;;12;7;19;63;;;;;;;;;;;;;;;Wing
0;;;2;;;;;1;1;;;;;;;;;;3;;;7;;;29;;;;1;2;3;33;;;;;;;;;;;;;;;Pivot
0;;;2;;;;;0;0;;;;;;;;;;1;;;3;;;67;;;;0;1;1;0;;;;;;;;;;;;;;;Wing
0;;;13;;;;;1;0;;;;;;;;;;0;;;14;;;93;;;;10;3;13;77;;;;;;;;;;;;;;;Pivot
0;;;15;;;;;3;2;;;;;;;;;;2;;;22;;;68;;;;7;3;10;70;;;;;;;;;;;;;;;Wing
0;;;0;;;;;0;0;;;;;;;;;;0;;;0;;;0;;;;7;4;11;64;;;;;;;;;;;;;;;Pivot
0;;;3;;;;;2;2;;;;;;;;;;3;;;10;;;30;;;;1;4;5;20;;;;;;;;;;;;;;;Wing
0;;;1;;;;;6;0;;;;;;;;;;4;;;11;;;9;;;;1;4;5;20;;;;;;;;;;;;;;;Wing
0;;;12;;;;;9;1;;;;;;;;;;3;;;25;;;48;;;;0;6;6;0;;;;;;;;;;;;;;;Wing
0;;;1;;;;;0;0;;;;;;;;;;2;;;3;;;33;;;;1;10;11;9;;;;;;;;;;;;;;;Pivot
0;;;4;;;;;4;0;;;;;;;;;;0;;;8;;;50;;;;2;11;13;15;;;;;;;;;;;;;;;Pivot
0;;;0;;;;;3;0;;;;;;;;;;0;;;3;;;0;;;;2;12;14;14;;;;;;;;;;;;;;;Pivot
0;;;0;;;;;0;0;;;;;;;;;;1;;;1;;;0;;;;6;10;16;38;;;;;;;;;;;;;;;Pivot
0;;;7;;;;;10;0;;;;;;;;;;0;;;17;;;41;;;;0;8;8;0;;;;;;;;;;;;;;;Wing
0;;;7;;;;;16;0;;;;;;;;;;8;;;31;;;23;;;;1;7;8;13;;;;;;;;;;;;;;;Wing
0;;;0;;;;;0;0;;;;;;;;;;1;;;1;;;0;;;;1;8;9;11;;;;;;;;;;;;;;;Pivot
0;;;16;;;;;1;0;;;;;;;;;;1;;;18;;;89;;;;2;6;8;25;;;;;;;;;;;;;;;Wing
0;;;12;;;;;3;0;;;;;;;;;;2;;;17;;;71;;;;4;1;5;80;;;;;;;;;;;;;;;Wing
0;;;2;;;;;1;0;;;;;;;;;;1;;;4;;;50;;;;5;4;9;56;;;;;;;;;;;;;;;Pivot
0;;;1;;;;;0;0;;;;;;;;;;1;;;2;;;50;;;;2;3;5;40;;;;;;;;;;;;;;;Pivot
0;;;9;;;;;0;0;;;;;;;;;;2;;;11;;;82;;;;2;1;3;67;;;;;;;;;;;;;;;Wing
0;;;2;;;;;1;0;;;;;;;;;;0;;;3;;;67;;;;0;0;0;0;;;;;;;;;;;;;;;Wing
0;;;10;;;;;1;1;;;;;;;;;;2;;;14;;;71;;;;3;4;7;43;;;;;;;;;;;;;;;Pivot
0;;;5;;;;;1;0;;;;;;;;;;1;;;7;;;71;;;;0;1;1;0;;;;;;;;;;;;;;;Wing
0;;;0;;;;;0;1;;;;;;;;;;0;;;1;;;0;;;;3;1;4;75;;;;;;;;;;;;;;;Pivot
0;;;1;;;;;0;0;;;;;;;;;;2;;;3;;;33;;;;8;4;12;67;;;;;;;;;;;;;;;Pivot
0;;;8;;;;;0;0;;;;;;;;;;1;;;9;;;89;;;;3;2;5;60;;;;;;;;;;;;;;;Wing
0;;;7;;;;;2;0;;;;;;;;;;1;;;10;;;70;;;;2;1;3;67;;;;;;;;;;;;;;;Wing
0;;;0;;;;;0;0;;;;;;;;;;0;;;0;;;0;;;;0;2;2;0;;;;;;;;;;;;;;;Wing
0;;;6;;;;;14;1;;;;;;;;;;4;;;25;;;24;;;;1;6;7;14;;;;;;;;;;;;;;;Pivot
0;;;4;;;;;1;0;;;;;;;;;;5;;;10;;;40;;;;1;11;12;8;;;;;;;;;;;;;;;Wing
0;;;0;;;;;0;0;;;;;;;;;;8;;;8;;;0;;;;2;10;12;17;;;;;;;;;;;;;;;Pivot
0;;;3;;;;;0;0;;;;;;;;;;8;;;11;;;27;;;;3;10;13;23;;;;;;;;;;;;;;;Pivot
0;;;0;;;;;1;0;;;;;;;;;;2;;;3;;;0;;;;1;7;8;13;;;;;;;;;;;;;;;Wing
0;;;4;;;;;5;1;;;;;;;;;;3;;;13;;;31;;;;0;6;6;0;;;;;;;;;;;;;;;Pivot
0;;;10;;;;;7;2;;;;;;;;;;2;;;21;;;48;;;;1;19;20;5;;;;;;;;;;;;;;;Wing
0;;;2;;;;;6;1;;;;;;;;;;4;;;13;;;15;;;;1;2;3;33;;;;;;;;;;;;;;;Wing
0;;;21;;;;;8;2;;;;;;;;;;2;;;33;;;64;;;;2;12;14;14;;;;;;;;;;;;;;;Wing
0;;;15;;;;;6;0;;;;;;;;;;2;;;23;;;65;;;;4;4;8;50;;;;;;;;;;;;;;;Wing
0;;;1;;;;;0;0;;;;;;;;;;0;;;1;;;100;;;;3;7;10;30;;;;;;;;;;;;;;;Pivot
0;;;0;;;;;0;0;;;;;;;;;;0;;;0;;;0;;;;1;1;2;50;;;;;;;;;;;;;;;Pivot
0;;;0;;;;;0;0;;;;;;;;;;2;;;2;;;0;;;;2;0;2;100;;;;;;;;;;;;;;;Pivot
0;;;9;;;;;3;0;;;;;;;;;;5;;;17;;;53;;;;5;4;9;56;;;;;;;;;;;;;;;Wing
0;;;1;;;;;2;0;;;;;;;;;;1;;;4;;;25;;;;4;11;15;27;;;;;;;;;;;;;;;Pivot
0;;;14;;;;;3;1;;;;;;;;;;2;;;20;;;70;;;;6;10;16;38;;;;;;;;;;;;;;;Wing
0;;;1;;;;;3;0;;;;;;;;;;0;;;4;;;25;;;;0;0;0;0;;;;;;;;;;;;;;;Wing
0;;;11;;;;;6;1;;;;;;;;;;7;;;25;;;44;;;;1;2;3;33;;;;;;;;;;;;;;;Wing
0;;;0;;;;;1;0;;;;;;;;;;1;;;2;;;0;;;;6;13;19;32;;;;;;;;;;;;;;;Pivot
0;;;5;;;;;5;2;;;;;;;;;;2;;;14;;;36;;;;3;5;8;38;;;;;;;;;;;;;;;Wing
0;;;22;;;;;6;3;;;;;;;;;;4;;;35;;;63;;;;3;14;17;18;;;;;;;;;;;;;;;Wing
0;;;0;;;;;0;0;;;;;;;;;;1;;;1;;;0;;;;0;8;8;0;;;;;;;;;;;;;;;Pivot
0;;;6;;;;;2;0;;;;;;;;;;2;;;10;;;60;;;;1;4;5;20;;;;;;;;;;;;;;;Wing
0;;;1;;;;;0;0;;;;;;;;;;0;;;1;;;100;;;;2;2;4;50;;;;;;;;;;;;;;;Pivot
0;;;3;;;;;4;0;;;;;;;;;;3;;;10;;;30;;;;3;10;13;23;;;;;;;;;;;;;;;Wing
0;;;0;;;;;0;0;;;;;;;;;;0;;;0;;;0;;;;3;3;6;50;;;;;;;;;;;;;;;Pivot
0;;;10;;;;;3;1;;;;;;;;;;1;;;15;;;67;;;;0;1;1;0;;;;;;;;;;;;;;;Wing
0;;;5;;;;;7;0;;;;;;;;;;1;;;13;;;38;;;;0;1;1;0;;;;;;;;;;;;;;;Wing
0;;;3;;;;;1;0;;;;;;;;;;3;;;7;;;43;;;;1;9;10;10;;;;;;;;;;;;;;;Pivot
0;;;3;;;;;1;2;;;;;;;;;;0;;;6;;;50;;;;0;5;5;0;;;;;;;;;;;;;;;Wing
0;;;1;;;;;4;1;;;;;;;;;;2;;;8;;;13;;;;0;0;0;0;;;;;;;;;;;;;;;Wing
0;;;10;;;;;3;1;;;;;;;;;;3;;;17;;;59;;;;1;8;9;11;;;;;;;;;;;;;;;Wing
0;;;12;;;;;2;1;;;;;;;;;;4;;;19;;;63;;;;0;5;5;0;;;;;;;;;;;;;;;Wing
0;;;0;;;;;0;0;;;;;;;;;;0;;;0;;;0;;;;3;11;14;21;;;;;;;;;;;;;;;Pivot
0;;;6;;;;;6;1;;;;;;;;;;3;;;16;;;38;;;;4;6;10;40;;;;;;;;;;;;;;;Wing
0;;;0;;;;;0;0;;;;;;;;;;0;;;0;;;0;;;;7;20;27;26;;;;;;;;;;;;;;;Pivot
0;;;16;;;;;2;4;;;;;;;;;;2;;;24;;;67;;;;0;13;13;0;;;;;;;;;;;;;;;Wing
0;;;9;;;;;5;0;;;;;;;;;;0;;;14;;;64;;;;4;2;6;67;;;;;;;;;;;;;;;Wing
0;;;0;;;;;0;0;;;;;;;;;;0;;;0;;;0;;;;7;4;11;64;;;;;;;;;;;;;;;Pivot
0;;;1;;;;;1;0;;;;;;;;;;0;;;2;;;50;;;;1;1;2;50;;;;;;;;;;;;;;;Pivot
0;;;2;;;;;1;0;;;;;;;;;;0;;;3;;;67;;;;0;1;1;0;;;;;;;;;;;;;;;Wing
0;;;0;;;;;0;0;;;;;;;;;;0;;;0;;;0;;;;0;1;1;0;;;;;;;;;;;;;;;Wing
0;;;2;;;;;0;2;;;;;;;;;;2;;;6;;;33;;;;0;0;0;0;;;;;;;;;;;;;;;Pivot
0;;;14;;;;;7;0;;;;;;;;;;2;;;23;;;61;;;;4;4;8;50;;;;;;;;;;;;;;;Wing
0;;;3;;;;;0;0;;;;;;;;;;2;;;5;;;60;;;;5;10;15;33;;;;;;;;;;;;;;;Pivot
0;;;0;;;;;0;0;;;;;;;;;;1;;;1;;;0;;;;2;3;5;40;;;;;;;;;;;;;;;Pivot
0;;;18;;;;;0;0;;;;;;;;;;2;;;20;;;90;;;;3;7;10;30;;;;;;;;;;;;;;;Wing
0;;;1;;;;;0;0;;;;;;;;;;0;;;1;;;100;;;;1;4;5;20;;;;;;;;;;;;;;;Wing
0;;;7;;;;;7;1;;;;;;;;;;2;;;17;;;41;;;;5;6;11;45;;;;;;;;;;;;;;;Wing
0;;;0;;;;;0;0;;;;;;;;;;0;;;0;;;0;;;;0;0;0;0;;;;;;;;;;;;;;;Wing
0;;;0;;;;;0;0;;;;;;;;;;1;;;1;;;0;;;;5;8;13;38;;;;;;;;;;;;;;;Pivot
0;;;12;;;;;5;2;;;;;;;;;;4;;;23;;;52;;;;0;3;3;0;;;;;;;;;;;;;;;Wing
0;;;2;;;;;2;0;;;;;;;;;;1;;;5;;;40;;;;2;1;3;67;;;;;;;;;;;;;;;Wing
0;;;10;;;;;2;3;;;;;;;;;;2;;;17;;;59;;;;2;3;5;40;;;;;;;;;;;;;;;Wing
0;;;13;;;;;8;1;;;;;;;;;;2;;;24;;;54;;;;6;2;8;75;;;;;;;;;;;;;;;Wing
0;;;0;;;;;0;0;;;;;;;;;;0;;;0;;;0;;;;7;7;14;50;;;;;;;;;;;;;;;Pivot
0;;;11;;;;;7;1;;;;;;;;;;5;;;24;;;46;;;;7;6;13;54;;;;;;;;;;;;;;;Wing
0;;;0;;;;;0;0;;;;;;;;;;0;;;0;;;0;;;;10;10;20;50;;;;;;;;;;;;;;;Pivot
0;;;12;;;;;13;0;;;;;;;;;;4;;;29;;;41;;;;2;3;5;40;;;;;;;;;;;;;;;Wing
0;;;3;;;;;6;0;;;;;;;;;;2;;;11;;;27;;;;2;4;6;33;;;;;;;;;;;;;;;Wing
0;;;0;;;;;3;0;;;;;;;;;;0;;;3;;;0;;;;5;7;12;42;;;;;;;;;;;;;;;Pivot
0;;;8;;;;;0;1;;;;;;;;;;1;;;10;;;80;;;;3;10;13;23;;;;;;;;;;;;;;;Wing
0;;;11;;;;;12;1;;;;;;;;;;2;;;26;;;42;;;;2;9;11;18;;;;;;;;;;;;;;;Wing
0;;;0;;;;;0;0;;;;;;;;;;0;;;0;;;0;;;;1;8;9;11;;;;;;;;;;;;;;;Pivot
0;;;7;;;;;9;1;;;;;;;;;;2;;;19;;;37;;;;4;3;7;57;;;;;;;;;;;;;;;Wing
0;;;0;;;;;0;0;;;;;;;;;;1;;;1;;;0;;;;1;0;1;100;;;;;;;;;;;;;;;Pivot
0;;;5;;;;;1;0;;;;;;;;;;2;;;8;;;63;;;;6;4;10;60;;;;;;;;;;;;;;;Wing
0;;;0;;;;;0;0;;;;;;;;;;1;;;1;;;0;;;;5;8;13;38;;;;;;;;;;;;;;;Pivot
0;;;5;;;;;9;0;;;;;;;;;;4;;;18;;;28;;;;0;3;3;0;;;;;;;;;;;;;;;Wing
0;;;8;;;;;8;1;;;;;;;;;;5;;;22;;;36;;;;1;12;13;8;;;;;;;;;;;;;;;Wing
0;;;0;;;;;7;0;;;;;;;;;;3;;;10;;;0;;;;0;10;10;0;;;;;;;;;;;;;;;Wing
0;;;0;;;;;5;0;;;;;;;;;;1;;;6;;;0;;;;1;1;2;50;;;;;;;;;;;;;;;Wing
0;;;8;;;;;5;3;;;;;;;;;;6;;;22;;;36;;;;1;23;24;4;;;;;;;;;;;;;;;Wing
0;;;3;;;;;3;1;;;;;;;;;;9;;;16;;;19;;;;2;12;14;14;;;;;;;;;;;;;;;Pivot
0;;;1;;;;;6;0;;;;;;;;;;3;;;10;;;10;;;;3;9;12;25;;;;;;;;;;;;;;;Pivot
0;;;3;;;;;5;0;;;;;;;;;;0;;;8;;;38;;;;2;14;16;13;;;;;;;;;;;;;;;Pivot
0;;;9;;;;;0;2;;;;;;;;;;2;;;13;;;69;;;;1;3;4;25;;;;;;;;;;;;;;;Wing
0;;;0;;;;;0;0;;;;;;;;;;0;;;0;;;0;;;;3;2;5;60;;;;;;;;;;;;;;;Pivot
0;;;10;;;;;4;0;;;;;;;;;;1;;;15;;;67;;;;4;2;6;67;;;;;;;;;;;;;;;Wing
0;;;8;;;;;2;0;;;;;;;;;;0;;;10;;;80;;;;4;2;6;67;;;;;;;;;;;;;;;Wing
0;;;0;;;;;0;0;;;;;;;;;;0;;;0;;;0;;;;2;0;2;100;;;;;;;;;;;;;;;Pivot
0;;;0;;;;;0;0;;;;;;;;;;3;;;3;;;0;;;;0;0;0;0;;;;;;;;;;;;;;;Wing
0;;;24;;;;;1;2;;;;;;;;;;3;;;30;;;80;;;;8;4;12;67;;;;;;;;;;;;;;;Wing
0;;;0;;;;;1;0;;;;;;;;;;0;;;1;;;0;;;;2;2;4;50;;;;;;;;;;;;;;;Pivot
0;;;4;;;;;0;0;;;;;;;;;;1;;;5;;;80;;;;2;1;3;67;;;;;;;;;;;;;;;Wing
0;;;20;;;;;0;2;;;;;;;;;;1;;;23;;;87;;;;7;3;10;70;;;;;;;;;;;;;;;Pivot
0;;;9;;;;;2;1;;;;;;;;;;2;;;14;;;64;;;;14;5;19;74;;;;;;;;;;;;;;;Wing
0;;;0;;;;;0;0;;;;;;;;;;0;;;0;;;0;;;;1;4;5;20;;;;;;;;;;;;;;;Pivot
1;;;3;;;;;8;1;;;;;;;;;;0;;;12;;;25;;;;1;7;8;13;;;;;;;;;;;;;;;Wing
1;;;0;;;;;0;0;;;;;;;;;;1;;;1;;;0;;;;7;2;9;78;;;;;;;;;;;;;;;Pivot
1;;;0;;;;;2;0;;;;;;;;;;4;;;6;;;0;;;;6;5;11;55;;;;;;;;;;;;;;;Pivot
1;;;3;;;;;3;0;;;;;;;;;;8;;;14;;;21;;;;3;1;4;75;;;;;;;;;;;;;;;Wing
1;;;3;;;;;8;0;;;;;;;;;;0;;;11;;;27;;;;1;2;3;33;;;;;;;;;;;;;;;Wing
1;;;0;;;;;0;0;;;;;;;;;;1;;;1;;;0;;;;4;2;6;67;;;;;;;;;;;;;;;Pivot
1;;;6;;;;;10;2;;;;;;;;;;7;;;25;;;24;;;;6;1;7;86;;;;;;;;;;;;;;;Wing
1;;;2;;;;;6;0;;;;;;;;;;3;;;11;;;18;;;;1;4;5;20;;;;;;;;;;;;;;;Pivot
1;;;9;;;;;12;3;;;;;;;;;;6;;;30;;;30;;;;7;5;12;58;;;;;;;;;;;;;;;Wing
1;;;2;;;;;5;1;;;;;;;;;;2;;;10;;;20;;;;3;6;9;33;;;;;;;;;;;;;;;Wing
1;;;0;;;;;0;0;;;;;;;;;;0;;;0;;;0;;;;4;3;7;57;;;;;;;;;;;;;;;Pivot
1;;;0;;;;;1;0;;;;;;;;;;0;;;1;;;0;;;;0;0;0;0;;;;;;;;;;;;;;;Wing
1;;;1;;;;;5;0;;;;;;;;;;8;;;14;;;7;;;;8;5;13;62;;;;;;;;;;;;;;;Wing
1;;;2;;;;;13;0;;;;;;;;;;1;;;16;;;13;;;;1;1;2;50;;;;;;;;;;;;;;;Wing
1;;;0;;;;;2;1;;;;;;;;;;3;;;6;;;0;;;;14;3;17;82;;;;;;;;;;;;;;;Pivot
1;;;0;;;;;0;0;;;;;;;;;;0;;;0;;;0;;;;15;5;20;75;;;;;;;;;;;;;;;Pivot
1;;;0;;;;;2;0;;;;;;;;;;0;;;2;;;0;;;;0;4;4;0;;;;;;;;;;;;;;;Wing
1;;;12;;;;;8;1;;;;;;;;;;12;;;33;;;36;;;;4;5;9;44;;;;;;;;;;;;;;;Wing
1;;;21;;;;;8;1;;;;;;;;;;17;;;47;;;45;;;;7;2;9;78;;;;;;;;;;;;;;;Wing
1;;;0;;;;;1;1;;;;;;;;;;0;;;2;;;0;;;;12;2;14;86;;;;;;;;;;;;;;;Pivot
1;;;4;;;;;7;0;;;;;;;;;;0;;;11;;;36;;;;0;1;1;0;;;;;;;;;;;;;;;Wing
1;;;7;;;;;9;1;;;;;;;;;;4;;;21;;;33;;;;1;2;3;33;;;;;;;;;;;;;;;Wing
1;;;4;;;;;6;0;;;;;;;;;;4;;;14;;;29;;;;7;4;11;64;;;;;;;;;;;;;;;Wing
1;;;3;;;;;1;0;;;;;;;;;;2;;;6;;;50;;;;12;7;19;63;;;;;;;;;;;;;;;Pivot
1;;;0;;;;;2;0;;;;;;;;;;2;;;4;;;0;;;;10;4;14;71;;;;;;;;;;;;;;;Pivot
1;;;3;;;;;4;1;;;;;;;;;;2;;;10;;;30;;;;1;1;2;50;;;;;;;;;;;;;;;Wing
1;;;5;;;;;8;2;;;;;;;;;;5;;;20;;;25;;;;6;1;7;86;;;;;;;;;;;;;;;Wing
1;;;11;;;;;9;3;;;;;;;;;;11;;;34;;;32;;;;13;1;14;93;;;;;;;;;;;;;;;Wing
1;;;2;;;;;17;2;;;;;;;;;;9;;;30;;;7;;;;6;6;12;50;;;;;;;;;;;;;;;Wing
1;;;2;;;;;10;0;;;;;;;;;;4;;;16;;;13;;;;3;8;11;27;;;;;;;;;;;;;;;Wing
1;;;0;;;;;0;0;;;;;;;;;;2;;;2;;;0;;;;6;8;14;43;;;;;;;;;;;;;;;Pivot
1;;;2;;;;;1;1;;;;;;;;;;5;;;9;;;22;;;;20;3;23;87;;;;;;;;;;;;;;;Pivot
1;;;17;;;;;23;4;;;;;;;;;;7;;;51;;;33;;;;2;5;7;29;;;;;;;;;;;;;;;Wing
1;;;0;;;;;10;2;;;;;;;;;;4;;;16;;;0;;;;4;3;7;57;;;;;;;;;;;;;;;Pivot
1;;;0;;;;;1;0;;;;;;;;;;0;;;1;;;0;;;;6;3;9;67;;;;;;;;;;;;;;;Pivot
1;;;9;;;;;5;0;;;;;;;;;;2;;;16;;;56;;;;12;2;14;86;;;;;;;;;;;;;;;Wing
1;;;0;;;;;0;0;;;;;;;;;;0;;;0;;;0;;;;14;6;20;70;;;;;;;;;;;;;;;Pivot
1;;;2;;;;;5;0;;;;;;;;;;1;;;8;;;25;;;;0;0;0;0;;;;;;;;;;;;;;;Wing
1;;;1;;;;;0;0;;;;;;;;;;1;;;2;;;50;;;;13;2;15;87;;;;;;;;;;;;;;;Pivot
1;;;13;;;;;9;1;;;;;;;;;;5;;;28;;;46;;;;3;2;5;60;;;;;;;;;;;;;;;Wing
1;;;0;;;;;4;1;;;;;;;;;;0;;;5;;;0;;;;5;0;5;100;;;;;;;;;;;;;;;Pivot
1;;;11;;;;;5;0;;;;;;;;;;1;;;17;;;65;;;;8;1;9;89;;;;;;;;;;;;;;;Wing
1;;;3;;;;;10;2;;;;;;;;;;4;;;19;;;16;;;;8;2;10;80;;;;;;;;;;;;;;;Pivot
1;;;3;;;;;4;1;;;;;;;;;;5;;;13;;;23;;;;5;1;6;83;;;;;;;;;;;;;;;Wing
1;;;5;;;;;4;0;;;;;;;;;;1;;;10;;;50;;;;5;1;6;83;;;;;;;;;;;;;;;Wing
1;;;3;;;;;25;4;;;;;;;;;;4;;;36;;;8;;;;4;3;7;57;;;;;;;;;;;;;;;Wing
1;;;2;;;;;16;0;;;;;;;;;;2;;;20;;;10;;;;5;4;9;56;;;;;;;;;;;;;;;Wing
1;;;3;;;;;6;2;;;;;;;;;;4;;;15;;;20;;;;2;5;7;29;;;;;;;;;;;;;;;Pivot
1;;;0;;;;;1;0;;;;;;;;;;1;;;2;;;0;;;;7;5;12;58;;;;;;;;;;;;;;;Wing
1;;;1;;;;;3;2;;;;;;;;;;5;;;11;;;9;;;;10;8;18;56;;;;;;;;;;;;;;;Pivot
1;;;0;;;;;12;2;;;;;;;;;;3;;;17;;;0;;;;2;4;6;33;;;;;;;;;;;;;;;Wing
1;;;6;;;;;7;3;;;;;;;;;;4;;;20;;;30;;;;6;8;14;43;;;;;;;;;;;;;;;Pivot
1;;;2;;;;;3;1;;;;;;;;;;2;;;8;;;25;;;;10;10;20;50;;;;;;;;;;;;;;;Wing
1;;;0;;;;;0;0;;;;;;;;;;0;;;0;;;0;;;;0;0;0;0;;;;;;;;;;;;;;;Wing
1;;;0;;;;;0;0;;;;;;;;;;0;;;0;;;0;;;;0;0;0;0;;;;;;;;;;;;;;;Wing
1;;;5;;;;;6;0;;;;;;;;;;1;;;12;;;42;;;;3;3;6;50;;;;;;;;;;;;;;;Wing
1;;;1;;;;;1;1;;;;;;;;;;0;;;3;;;33;;;;6;7;13;46;;;;;;;;;;;;;;;Pivot
1;;;2;;;;;1;0;;;;;;;;;;2;;;5;;;40;;;;14;10;24;58;;;;;;;;;;;;;;;Wing
1;;;9;;;;;18;1;;;;;;;;;;10;;;38;;;24;;;;4;3;7;57;;;;;;;;;;;;;;;Pivot
1;;;5;;;;;2;2;;;;;;;;;;0;;;9;;;56;;;;12;4;16;75;;;;;;;;;;;;;;;Wing
1;;;12;;;;;16;2;;;;;;;;;;5;;;35;;;34;;;;7;4;11;64;;;;;;;;;;;;;;;Pivot
1;;;3;;;;;11;2;;;;;;;;;;2;;;18;;;17;;;;9;5;14;64;;;;;;;;;;;;;;;Wing
1;;;7;;;;;12;2;;;;;;;;;;1;;;22;;;32;;;;13;3;16;81;;;;;;;;;;;;;;;Wing
1;;;8;;;;;13;3;;;;;;;;;;5;;;29;;;28;;;;6;4;10;60;;;;;;;;;;;;;;;Wing
1;;;1;;;;;0;0;;;;;;;;;;4;;;5;;;20;;;;6;8;14;43;;;;;;;;;;;;;;;Pivot
1;;;9;;;;;11;5;;;;;;;;;;5;;;30;;;30;;;;13;5;18;72;;;;;;;;;;;;;;;Wing
1;;;0;;;;;4;1;;;;;;;;;;4;;;9;;;0;;;;4;8;12;33;;;;;;;;;;;;;;;Pivot
1;;;11;;;;;15;1;;;;;;;;;;4;;;31;;;35;;;;11;6;17;65;;;;;;;;;;;;;;;Wing
1;;;0;;;;;0;0;;;;;;;;;;0;;;0;;;0;;;;2;3;5;40;;;;;;;;;;;;;;;Wing
1;;;3;;;;;3;0;;;;;;;;;;0;;;6;;;50;;;;13;5;18;72;;;;;;;;;;;;;;;Pivot
1;;;4;;;;;4;1;;;;;;;;;;7;;;16;;;25;;;;3;0;3;100;;;;;;;;;;;;;;;Wing
1;;;2;;;;;4;2;;;;;;;;;;5;;;13;;;15;;;;5;1;6;83;;;;;;;;;;;;;;;Wing
1;;;10;;;;;5;0;;;;;;;;;;5;;;20;;;50;;;;5;2;7;71;;;;;;;;;;;;;;;Wing
1;;;3;;;;;1;1;;;;;;;;;;4;;;9;;;33;;;;6;2;8;75;;;;;;;;;;;;;;;Pivot
1;;;1;;;;;3;0;;;;;;;;;;1;;;5;;;20;;;;9;10;19;47;;;;;;;;;;;;;;;Pivot
1;;;4;;;;;4;0;;;;;;;;;;2;;;10;;;40;;;;4;1;5;80;;;;;;;;;;;;;;;Wing
1;;;7;;;;;3;0;;;;;;;;;;2;;;12;;;58;;;;10;6;16;63;;;;;;;;;;;;;;;Wing
1;;;12;;;;;3;2;;;;;;;;;;8;;;25;;;48;;;;5;0;5;100;;;;;;;;;;;;;;;Wing
1;;;5;;;;;19;2;;;;;;;;;;5;;;31;;;16;;;;4;4;8;50;;;;;;;;;;;;;;;Wing
1;;;3;;;;;6;2;;;;;;;;;;1;;;12;;;25;;;;0;8;8;0;;;;;;;;;;;;;;;Wing
1;;;0;;;;;1;0;;;;;;;;;;1;;;2;;;0;;;;0;5;5;0;;;;;;;;;;;;;;;Pivot
1;;;3;;;;;1;0;;;;;;;;;;3;;;7;;;43;;;;1;9;10;10;;;;;;;;;;;;;;;Wing
1;;;2;;;;;3;1;;;;;;;;;;0;;;6;;;33;;;;5;4;9;56;;;;;;;;;;;;;;;Pivot
1;;;3;;;;;9;3;;;;;;;;;;5;;;20;;;15;;;;9;6;15;60;;;;;;;;;;;;;;;Wing
1;;;11;;;;;15;3;;;;;;;;;;5;;;34;;;32;;;;8;6;14;57;;;;;;;;;;;;;;;Pivot
1;;;0;;;;;6;2;;;;;;;;;;2;;;10;;;0;;;;3;3;6;50;;;;;;;;;;;;;;;Wing
1;;;8;;;;;15;3;;;;;;;;;;3;;;29;;;28;;;;3;3;6;50;;;;;;;;;;;;;;;Wing
1;;;6;;;;;10;0;;;;;;;;;;6;;;22;;;27;;;;4;8;12;33;;;;;;;;;;;;;;;Pivot
1;;;1;;;;;4;0;;;;;;;;;;1;;;6;;;17;;;;3;8;11;27;;;;;;;;;;;;;;;Wing
1;;;9;;;;;6;0;;;;;;;;;;2;;;17;;;53;;;;5;7;12;42;;;;;;;;;;;;;;;Wing
1;;;4;;;;;5;1;;;;;;;;;;6;;;16;;;25;;;;10;9;19;53;;;;;;;;;;;;;;;Wing
1;;;1;;;;;3;0;;;;;;;;;;4;;;8;;;13;;;;7;8;15;47;;;;;;;;;;;;;;;Pivot
1;;;0;;;;;3;0;;;;;;;;;;9;;;12;;;0;;;;3;8;11;27;;;;;;;;;;;;;;;Wing
1;;;1;;;;;2;0;;;;;;;;;;4;;;7;;;14;;;;2;7;9;22;;;;;;;;;;;;;;;Pivot
1;;;13;;;;;7;2;;;;;;;;;;5;;;27;;;48;;;;10;4;14;71;;;;;;;;;;;;;;;Wing
1;;;0;;;;;0;0;;;;;;;;;;0;;;0;;;0;;;;0;1;1;0;;;;;;;;;;;;;;;Pivot
1;;;13;;;;;8;1;;;;;;;;;;1;;;23;;;57;;;;8;4;12;67;;;;;;;;;;;;;;;Wing
1;;;1;;;;;1;0;;;;;;;;;;0;;;2;;;50;;;;0;1;1;0;;;;;;;;;;;;;;;Wing
1;;;0;;;;;1;0;;;;;;;;;;0;;;1;;;0;;;;3;6;9;33;;;;;;;;;;;;;;;Pivot
1;;;13;;;;;10;2;;;;;;;;;;7;;;32;;;41;;;;13;3;16;81;;;;;;;;;;;;;;;Wing
1;;;1;;;;;0;0;;;;;;;;;;0;;;1;;;100;;;;1;4;5;20;;;;;;;;;;;;;;;Wing
1;;;7;;;;;3;0;;;;;;;;;;5;;;15;;;47;;;;5;3;8;63;;;;;;;;;;;;;;;Pivot
1;;;9;;;;;6;0;;;;;;;;;;1;;;16;;;56;;;;3;2;5;60;;;;;;;;;;;;;;;Wing
1;;;0;;;;;0;0;;;;;;;;;;0;;;0;;;0;;;;1;0;1;100;;;;;;;;;;;;;;;Pivot
1;;;0;;;;;0;0;;;;;;;;;;0;;;0;;;0;;;;1;1;2;50;;;;;;;;;;;;;;;Wing
1;;;0;;;;;2;0;;;;;;;;;;0;;;2;;;0;;;;4;1;5;80;;;;;;;;;;;;;;;Wing
1;;;6;;;;;5;0;;;;;;;;;;1;;;12;;;50;;;;3;1;4;75;;;;;;;;;;;;;;;Wing
1;;;0;;;;;0;0;;;;;;;;;;0;;;0;;;0;;;;2;0;2;100;;;;;;;;;;;;;;;Pivot
1;;;0;;;;;0;0;;;;;;;;;;1;;;1;;;0;;;;0;0;0;0;;;;;;;;;;;;;;;Wing
1;;;0;;;;;2;0;;;;;;;;;;1;;;3;;;0;;;;16;5;21;76;;;;;;;;;;;;;;;Pivot
1;;;7;;;;;8;2;;;;;;;;;;7;;;24;;;29;;;;3;1;4;75;;;;;;;;;;;;;;;Wing
1;;;0;;;;;0;0;;;;;;;;;;0;;;0;;;0;;;;2;0;2;100;;;;;;;;;;;;;;;Pivot
1;;;7;;;;;5;0;;;;;;;;;;3;;;15;;;47;;;;4;2;6;67;;;;;;;;;;;;;;;Wing
1;;;0;;;;;0;0;;;;;;;;;;0;;;0;;;0;;;;13;9;22;59;;;;;;;;;;;;;;;Pivot
1;;;3;;;;;7;0;;;;;;;;;;2;;;12;;;25;;;;8;0;8;100;;;;;;;;;;;;;;;Wing
1;;;2;;;;;5;0;;;;;;;;;;2;;;9;;;22;;;;0;1;1;0;;;;;;;;;;;;;;;Pivot
1;;;4;;;;;1;3;;;;;;;;;;8;;;16;;;25;;;;7;2;9;78;;;;;;;;;;;;;;;Wing
1;;;11;;;;;7;0;;;;;;;;;;5;;;23;;;48;;;;1;1;2;50;;;;;;;;;;;;;;;Wing
1;;;0;;;;;2;0;;;;;;;;;;1;;;3;;;0;;;;1;6;7;14;;;;;;;;;;;;;;;Pivot
1;;;2;;;;;7;1;;;;;;;;;;4;;;14;;;14;;;;3;5;8;38;;;;;;;;;;;;;;;Wing
1;;;2;;;;;15;4;;;;;;;;;;3;;;24;;;8;;;;2;2;4;50;;;;;;;;;;;;;;;Wing
1;;;1;;;;;0;0;;;;;;;;;;4;;;5;;;20;;;;5;8;13;38;;;;;;;;;;;;;;;Pivot
1;;;0;;;;;5;0;;;;;;;;;;4;;;9;;;0;;;;11;5;16;69;;;;;;;;;;;;;;;Pivot
1;;;13;;;;;20;1;;;;;;;;;;8;;;42;;;31;;;;0;3;3;0;;;;;;;;;;;;;;;Wing
1;;;4;;;;;9;1;;;;;;;;;;4;;;18;;;22;;;;10;6;16;63;;;;;;;;;;;;;;;Pivot
1;;;0;;;;;2;4;;;;;;;;;;3;;;9;;;0;;;;9;4;13;69;;;;;;;;;;;;;;;Pivot
1;;;0;;;;;0;0;;;;;;;;;;1;;;1;;;0;;;;0;3;3;0;;;;;;;;;;;;;;;Pivot
1;;;3;;;;;9;0;;;;;;;;;;1;;;13;;;23;;;;5;5;10;50;;;;;;;;;;;;;;;Wing
1;;;2;;;;;6;1;;;;;;;;;;2;;;11;;;18;;;;3;2;5;60;;;;;;;;;;;;;;;Wing
1;;;0;;;;;2;0;;;;;;;;;;3;;;5;;;0;;;;9;4;13;69;;;;;;;;;;;;;;;Pivot
1;;;1;;;;;1;1;;;;;;;;;;2;;;5;;;20;;;;12;4;16;75;;;;;;;;;;;;;;;Pivot
1;;;18;;;;;13;4;;;;;;;;;;3;;;38;;;47;;;;0;2;2;0;;;;;;;;;;;;;;;Wing
1;;;1;;;;;0;0;;;;;;;;;;1;;;2;;;50;;;;11;1;12;92;;;;;;;;;;;;;;;Pivot
1;;;6;;;;;6;1;;;;;;;;;;1;;;14;;;43;;;;6;0;6;100;;;;;;;;;;;;;;;Pivot
1;;;0;;;;;2;0;;;;;;;;;;0;;;2;;;0;;;;2;1;3;67;;;;;;;;;;;;;;;Wing
1;;;1;;;;;3;1;;;;;;;;;;4;;;9;;;11;;;;10;4;14;71;;;;;;;;;;;;;;;Wing
1;;;3;;;;;7;2;;;;;;;;;;4;;;16;;;19;;;;1;2;3;33;;;;;;;;;;;;;;;Wing
1;;;0;;;;;3;1;;;;;;;;;;2;;;6;;;0;;;;6;2;8;75;;;;;;;;;;;;;;;Pivot
1;;;3;;;;;11;1;;;;;;;;;;2;;;17;;;18;;;;2;5;7;29;;;;;;;;;;;;;;;Wing
1;;;2;;;;;5;0;;;;;;;;;;4;;;11;;;18;;;;11;11;22;50;;;;;;;;;;;;;;;Pivot
1;;;0;;;;;0;0;;;;;;;;;;0;;;0;;;0;;;;1;1;2;50;;;;;;;;;;;;;;;Pivot
1;;;5;;;;;11;2;;;;;;;;;;2;;;20;;;25;;;;2;4;6;33;;;;;;;;;;;;;;;Wing
1;;;7;;;;;4;2;;;;;;;;;;1;;;14;;;50;;;;2;3;5;40;;;;;;;;;;;;;;;Wing
0;;;9;;;;;8;0;;;;;;;;;;4;;;;;;43;;;;3;9;;25;;;;;;;;;;;;;;;Wing
0;;;6;;;;;5;;;;;;;;;;;2;;;;;;43;;;;2;7;;12;;;;;;;;;;;;;;;Wing
0;;;0;;;;;1;0;;;;;;;;;;0;;;;;;0;;;;1;8;;11;;;;;;;;;;;;;;;Pivot
0;;;9;;;;;7;0;;;;;;;;;;;;;;;;53;;;;0;;;0;;;;;;;;;;;;;;;Wing
0;;;;;;;;1;0;;;;;;;;;;0;;;;;;0;;;;9;6;;60;;;;;;;;;;;;;;;Pivot
0;;;7;;;;;10;;;;;;;;;;;;;;;;;35;;;;0;4;;0;;;;;;;;;;;;;;;Pivot
0;;;2;;;;;0;0;;;;;;;;;;;;;;;;67;;;;6;9;;40;;;;;;;;;;;;;;;Pivot
0;;;1;;;;;2;0;;;;;;;;;;1;;;;;;25;;;;0;;;0;;;;;;;;;;;;;;;Wing
0;;;3;;;;;4;;;;;;;;;;;2;;;;;;30;;;;4;6;;40;;;;;;;;;;;;;;;Wing
0;;;1;;;;;1;0;;;;;;;;;;1;;;;;;33;;;;;4;;20;;;;;;;;;;;;;;;Wing
0;;;8;;;;;2;0;;;;;;;;;;1;;;;;;73;;;;2;2;;50;;;;;;;;;;;;;;;Wing
0;;;4;;;;;4;;;;;;;;;;;;;;;;;44;;;;2;3;;40;;;;;;;;;;;;;;;Wing
0;;;25;;;;;5;2;;;;;;;;;;4;;;;;;69;;;;6;2;;75;;;;;;;;;;;;;;;Wing
0;;;18;;;;;8;0;;;;;;;;;;9;;;;;;43;;;;6;7;;;;;;;;;;;;;;;;;Wing
0;;;2;;;;;4;;;;;;;;;;;0;;;;;;67;;;;4;6;;40;;;;;;;;;;;;;;;Wing
0;;;0;;;;;0;;;;;;;;;;;0;;;;;;;;;;6;7;;46;;;;;;;;;;;;;;;Pivot
0;;;4;;;;;6;0;;;;;;;;;;;;;;;;36;;;;0;3;;0;;;;;;;;;;;;;;;Wing
0;;;4;;;;;2;;;;;;;;;;;1;;;;;;57;;;;5;5;;50;;;;;;;;;;;;;;;Pivot
0;;;;;;;;;0;;;;;;;;;;0;;;;;;25;;;;10;10;;50;;;;;;;;;;;;;;;Pivot
0;;;2;;;;;0;0;;;;;;;;;;0;;;;;;100;;;;4;4;;50;;;;;;;;;;;;;;;Pivot
0;;;0;;;;;0;;;;;;;;;;;0;;;;;;;;;;4;3;;57;;;;;;;;;;;;;;;Pivot
0;;;1;;;;;1;;;;;;;;;;;2;;;;;;25;;;;0;5;;0;;;;;;;;;;;;;;;Wing
0;;;5;;;;;6;0;;;;;;;;;;3;;;;;;36;;;;1;8;;11;;;;;;;;;;;;;;;Wing
0;;;;;;;;7;;;;;;;;;;;2;;;;;;36;;;;2;3;;40;;;;;;;;;;;;;;;Wing
0;;;6;;;;;6;1;;;;;;;;;;5;;;;;;33;;;;4;2;;67;;;;;;;;;;;;;;;Wing
0;;;16;;;;;4;0;;;;;;;;;;;;;;;;64;;;;8;3;;73;;;;;;;;;;;;;;;Wing
0;;;3;;;;;6;2;;;;;;;;;;2;;;;;;57;;;;2;8;;20;;;;;;;;;;;;;;;Wing
0;;;;;;;;0;0;;;;;;;;;;1;;;;;;0;;;;;13;;19;;;;;;;;;;;;;;;Pivot
0;;;;;;;;1;1;;;;;;;;;;1;;;;;;25;;;;2;;;15;;;;;;;;;;;;;;;Pivot
0;;;6;;;;;;1;;;;;;;;;;0;;;;;;60;;;;1;6;;14;;;;;;;;;;;;;;;Wing
0;;;1;;;;;0;;;;;;;;;;;0;;;;;;100;;;;2;6;;25;;;;;;;;;;;;;;;Wing
0;;;;;;;;;;;;;;;;;;;1;;;;;;0;;;;2;5;;29;;;;;;;;;;;;;;;Pivot
1;;;7;;;;;4;0;;;;;;;;;;2;;;;;;54;;;;;7;;42;;;;;;;;;;;;;;;Wing
1;;;4;;;;;6;;;;;;;;;;;4;;;;;;29;;;;3;;;100;;;;;;;;;;;;;;;Wing
1;;;0;;;;;1;0;;;;;;;;;;3;;;;;;0;;;;3;;;81;;;;;;;;;;;;;;;Pivot
1;;;9;;;;;5;1;;;;;;;;;;8;;;;;;39;;;;1;2;;33;;;;;;;;;;;;;;;Wing
1;;;2;;;;;2;0;;;;;;;;;;2;;;;;;33;;;;7;6;;54;;;;;;;;;;;;;;;Pivot
1;;;20;;;;;3;0;;;;;;;;;;4;;;;;;69;;;;6;6;;50;;;;;;;;;;;;;;;Wing
1;;;0;;;;;0;0;;;;;;;;;;2;;;;;;0;;;;;6;;14;;;;;;;;;;;;;;;Pivot
1;;;;;;;;2;0;;;;;;;;;;2;;;;;;0;;;;1;4;;20;;;;;;;;;;;;;;;Pivot
1;;;0;;;;;;0;;;;;;;;;;1;;;;;;0;;;;4;2;;67;;;;;;;;;;;;;;;Pivot
1;;;;;;;;1;1;;;;;;;;;;3;;;;;;0;;;;;3;;40;;;;;;;;;;;;;;;Wing
1;;;;;;;;4;0;;;;;;;;;;2;;;;;;33;;;;4;2;;67;;;;;;;;;;;;;;;Wing
1;;;0;;;;;0;0;;;;;;;;;;0;;;;;;;;;;3;4;;43;;;;;;;;;;;;;;;Pivot
1;;;5;;;;;7;2;;;;;;;;;;;;;;;;21;;;;;6;;14;;;;;;;;;;;;;;;Wing
1;;;0;;;;;0;1;;;;;;;;;;2;;;;;;0;;;;1;10;;9;;;;;;;;;;;;;;;Pivot
1;;;;;;;;2;10;;;;;;;;;;4;;;;;;29;;;;4;5;;44;;;;;;;;;;;;;;;Wing
1;;;0;;;;;2;0;;;;;;;;;;0;;;;;;0;;;;1;9;;10;;;;;;;;;;;;;;;Wing
1;;;4;;;;;;0;;;;;;;;;;3;;;;;;25;;;;2;8;;20;;;;;;;;;;;;;;;Wing
1;;;0;;;;;5;1;;;;;;;;;;2;;;;;;0;;;;2;5;;29;;;;;;;;;;;;;;;Wing
1;;;;;;;;0;;;;;;;;;;;;;;;;;33;;;;0;5;;0;;;;;;;;;;;;;;;Pivot
1;;;2;;;;;8;0;;;;;;;;;;2;;;;;;18;;;;2;5;;29;;;;;;;;;;;;;;;Wing
1;;;3;;;;;3;3;;;;;;;;;;0;;;;;;45;;;;0;5;;0;;;;;;;;;;;;;;;Pivot
1;;;5;;;;;5;0;;;;;;;;;;0;;;;;;50;;;;0;1;;0;;;;;;;;;;;;;;;Wing
1;;;23;;;;;4;0;;;;;;;;;;8;;;;;;66;;;;7;1;;28;;;;;;;;;;;;;;;Wing
1;;;0;;;;;0;0;;;;;;;;;;2;;;;;;0;;;;10;8;;36;;;;;;;;;;;;;;;Pivot
1;;;26;;;;;5;1;;;;;;;;;;4;;;;;;2;;;;5;3;;62;;;;;;;;;;;;;;;Wing
1;;;0;;;;;0;0;;;;;;;;;;2;;;;;;0;;;;7;;;70;;;;;;;;;;;;;;;Pivot
1;;;7;;;;;4;0;;;;;;;;;;4;;;;;;41;;;;3;2;;60;;;;;;;;;;;;;;;Wing
1;;;0;;;;;0;0;;;;;;;;;;1;;;;;;;;;;6;4;;60;;;;;;;;;;;;;;;Pivot
1;;;7;;;;;3;0;;;;;;;;;;2;;;;;;58;;;;2;4;;33;;;;;;;;;;;;;;;Wing
1;;;0;;;;;0;0;;;;;;;;;;2;;;;;;;;;;;4;;73;;;;;;;;;;;;;;;Pivot
1;;;13;;;;;2;1;;;;;;;;;;4;;;;;;65;;;;2;0;;100;;;;;;;;;;;;;;;Wing
1;;;4;;;;;0;0;;;;;;;;;;;;;;;;80;;;;6;3;;67;;;;;;;;;;;;;;;Pivot
1;;;5;;;;;1;1;;;;;;;;;;2;;;;;;56;;;;3;6;;33;;;;;;;;;;;;;;;Wing
1;;;7;;;;;0;0;;;;;;;;;;2;;;;;;78;;;;;0;;100;;;;;;;;;;;;;;;Wing
1;;;6;;;;;3;0;;;;;;;;;;2;;;;;;55;;;;;4;;20;;;;;;;;;;;;;;;Pivot
1;;;8;;;;;0;0;;;;;;;;;;1;;;;;;89;;;;;0;;100;;;;;;;;;;;;;;;Wing
1;;;2;;;;;1;1;;;;;;;;;;1;;;;;;40;;;;;6;;65;;;;;;;;;;;;;;;Pivot
1;;;4;;;;;2;0;;;;;;;;;;0;;;;;;67;;;;10;2;;83;;;;;;;;;;;;;;;Pivot
1;;;6;;;;;1;2;;;;;;;;;;0;;;;;;67;;;;0;3;;0;;;;;;;;;;;;;;;Wing
1;;;5;;;;;;2;;;;;;;;;;;;;;;;56;;;;0;0;;;;;;;;;;;;;;;;;Wing
0;;;4;;;;;1;1;;;;;;;;;;1;;;;;;57;;;;2;;;40;;;;;;;;;;;;;;;Wing
0;;;6;;;;;5;;;;;;;;;;;;;;;;;40;;;;3;4;;43;;;;;;;;;;;;;;;Wing
0;;;9;;;;;7;2;;;;;;;;;;4;;;;;;41;;;;7;0;;100;;;;;;;;;;;;;;;Wing
0;;;0;;;;;0;0;;;;;;;;;;1;;;;;;0;;;;5;;;42;;;;;;;;;;;;;;;Pivot
0;;;4;;;;;5;1;;;;;;;;;;1;;;;;;36;;;;2;2;;50;;;;;;;;;;;;;;;Wing
0;;;16;;;;;5;0;;;;;;;;;;;;;;;;67;;;;3;;;50;;;;;;;;;;;;;;;Wing
0;;;0;;;;;1;0;;;;;;;;;;0;;;;;;0;;;;7;;;70;;;;;;;;;;;;;;;Pivot
0;;;10;;;;;1;;;;;;;;;;;3;;;;;;67;;;;1;0;;100;;;;;;;;;;;;;;;Wing
0;;;6;;;;;3;0;;;;;;;;;;1;;;;;;60;;;;5;;;50;;;;;;;;;;;;;;;Wing
0;;;0;;;;;0;0;;;;;;;;;;;;;;;;0;;;;4;;;57;;;;;;;;;;;;;;;Pivot
0;;;0;;;;;0;0;;;;;;;;;;;;;;;;0;;;;;2;;60;;;;;;;;;;;;;;;Pivot
0;;;;;;;;2;0;;;;;;;;;;2;;;;;;20;;;;4;8;;33;;;;;;;;;;;;;;;Pivot
0;;;;;;;;;0;;;;;;;;;;2;;;;;;69;;;;8;;;22;;;;;;;;;;;;;;;Wing
0;;;;;;;;;0;;;;;;;;;;1;;;;;;33;;;;3;5;;38;;;;;;;;;;;;;;;Pivot
0;;;0;;;;;0;0;;;;;;;;;;1;;;;;;0;;;;0;0;;;;;;;;;;;;;;;;;Pivot
0;;;9;;;;;7;0;;;;;;;;;;3;;;;;;47;;;;2;1;;67;;;;;;;;;;;;;;;Wing
0;;;;;;;;3;0;;;;;;;;;;8;;;;;;15;;;;2;4;;33;;;;;;;;;;;;;;;Wing
0;;;2;;;;;9;0;;;;;;;;;;5;;;;;;12;;;;5;10;;33;;;;;;;;;;;;;;;Wing
0;;;;;;;;4;0;;;;;;;;;;;;;;;;1;;;;;5;;17;;;;;;;;;;;;;;;Wing
0;;;2;;;;;4;0;;;;;;;;;;3;;;;;;22;;;;1;9;;10;;;;;;;;;;;;;;;Pivot
0;;;;;;;;6;0;;;;;;;;;;2;;;;;;20;;;;1;2;;33;;;;;;;;;;;;;;;Wing
0;;;0;;;;;2;0;;;;;;;;;;4;;;;;;0;;;;2;;;40;;;;;;;;;;;;;;;Wing
1;;;10;;;;;;2;;;;;;;;;;7;;;;;;33;;;;3;3;;50;;;;;;;;;;;;;;;Wing
1;;;0;;;;;;0;;;;;;;;;;4;;;;;;0;;;;16;9;;64;;;;;;;;;;;;;;;Pivot
1;;;;;;;;7;;;;;;;;;;;;;;;;;37;;;;4;8;;33;;;;;;;;;;;;;;;Wing
1;;;8;;;;;;0;;;;;;;;;;2;;;;;;47;;;;3;3;;50;;;;;;;;;;;;;;;Wing
1;;;5;;;;;10;12;;;;;;;;;;;;;;;;28;;;;6;2;;75;;;;;;;;;;;;;;;Wing
1;;;0;;;;;2;;;;;;;;;;;1;;;;;;0;;;;;5;;69;;;;;;;;;;;;;;;Wing
1;;;0;;;;;1;0;;;;;;;;;;;;;;;;0;;;;9;8;;53;;;;;;;;;;;;;;;Pivot
1;;;7;;;;;;2;;;;;;;;;;2;;;;;;39;;;;4;5;;44;;;;;;;;;;;;;;;Pivot
0;;;19;;;;;5;3;;;;;;;;;;1;;;;;;60;;;;2;8;;;;;;;;;;;;;;;;;Wing
0;;;5;;;;;4;8;;;;;;;;;;;;;;;;68;;;;;;;2;;;;;;;;;;;;;;;Wing
0;;;10;;;;;4;4;;;;;;;;;;2;;;;;;50;;;;2;2;;50;;;;;;;;;;;;;;;Wing
0;;;;;;;;;0;;;;;;;;;;5;;;;;;14;;;;5;;;2;;;;;;;;;;;;;;;Wing
0;;;8;;;;;4;2;;;;;;;;;;7;;;;;;53;;;;1;5;;17;;;;;;;;;;;;;;;Wing
0;;;0;;;;;1;0;;;;;;;;;;;;;;;;0;;;;8;2;;80;;;;;;;;;;;;;;;Pivot
0;;;;;;;;2;0;;;;;;;;;;;;;;;;50;;;;1;0;;10;;;;;;;;;;;;;;;Pivot
0;;;8;;;;;9;0;;;;;;;;;;3;;;;;;40;;;;2;7;;22;;;;;;;;;;;;;;;Wing
0;;;;;;;;10;1;;;;;;;;;;6;;;;;;39;;;;;10;;;;;;;;;;;;;;;;;Wing
0;;;;;;;;4;0;;;;;;;;;;4;;;;;;1;;;;;6;;14;;;;;;;;;;;;;;;Pivot
0;;;0;;;;;1;0;;;;;;;;;;1;;;;;;0;;;;2;8;;20;;;;;;;;;;;;;;;Pivot
0;;;4;;;;;1;;;;;;;;;;;7;;;;;;29;;;;;;;12;;;;;;;;;;;;;;;Wing
0;;;8;;;;;7;2;;;;;;;;;;7;;;;;;35;;;;0;7;;0;;;;;;;;;;;;;;;Wing
0;;;7;;;;;9;0;;;;;;;;;;8;;;;;;29;;;;;;;14;;;;;;;;;;;;;;;Wing
0;;;4;;;;;5;2;;;;;;;;;;5;;;;;;25;;;;3;16;;16;;;;;;;;;;;;;;;Wing
0;;;28;;;;;3;0;;;;;;;;;;2;;;;;;25;;;;2;5;;29;;;;;;;;;;;;;;;Wing
0;;;5;;;;;2;0;;;;;;;;;;1;;;;;;62;;;;;4;;33;;;;;;;;;;;;;;;Wing
0;;;4;;;;;2;0;;;;;;;;;;0;;;;;;67;;;;2;4;;33;;;;;;;;;;;;;;;Wing
0;;;7;;;;;2;0;;;;;;;;;;;;;;;;70;;;;0;3;;0;;;;;;;;;;;;;;;Wing
0;;;0;;;;;0;0;;;;;;;;;;2;;;;;;0;;;;4;2;;25;;;;;;;;;;;;;;;Pivot
0;;;6;;;;;0;0;;;;;;;;;;2;;;;;;;;;;4;;;33;;;;;;;;;;;;;;;Pivot
0;;;1;;;;;1;0;;;;;;;;;;0;;;;;;50;;;;2;8;;20;;;;;;;;;;;;;;;Pivot
0;;;8;;;;;;0;;;;;;;;;;3;;;;;;67;;;;;;;50;;;;;;;;;;;;;;;Wing
0;;;6;;;;;4;0;;;;;;;;;;2;;;;;;55;;;;0;4;;0;;;;;;;;;;;;;;;Wing
0;;;3;;;;;1;;;;;;;;;;;;;;;;;75;;;;1;7;;12;;;;;;;;;;;;;;;Wing
0;;;0;;;;;1;0;;;;;;;;;;0;;;;;;0;;;;2;6;;;;;;;;;;;;;;;;;Pivot
0;;;3;;;;;0;0;;;;;;;;;;3;;;;;;50;;;;0;2;;;;;;;;;;;;;;;;;Wing
0;;;5;;;;;2;0;;;;;;;;;;;;;;;;62;;;;2;10;;17;;;;;;;;;;;;;;;Wing
0;;;;;;;;;1;;;;;;;;;;;;;;;;73;;;;11;6;;54;;;;;;;;;;;;;;;Wing
0;;;28;;;;;0;2;;;;;;;;;;;;;;;;68;;;;3;1;;75;;;;;;;;;;;;;;;Wing
0;;;7;;;;;0;0;;;;;;;;;;;;;;;;30;;;;2;5;;40;;;;;;;;;;;;;;;Wing
0;;;1;;;;;0;1;;;;;;;;;;;;;;;;50;;;;3;3;;50;;;;;;;;;;;;;;;Pivot
0;;;10;;;;;0;5;;;;;;;;;;;;;;;;67;;;;;1;;67;;;;;;;;;;;;;;;Wing
0;;;1;;;;;0;3;;;;;;;;;;;;;;;;25;;;;9;10;;;;;;;;;;;;;;;;;Pivot
0;;;0;;;;;;2;;;;;;;;;;;;;;;;69;;;;0;0;;;;;;;;;;;;;;;;;Wing
0;;;0;;;;;0;;;;;;;;;;;;;;;;;0;;;;5;5;;50;;;;;;;;;;;;;;;Pivot
0;;;;;;;;0;;;;;;;;;;;;;;;;;50;;;;;3;;57;;;;;;;;;;;;;;;Pivot
0;;;5;;;;;1;0;;;;;;;;;;2;;;;;;62;;;;0;4;;0;;;;;;;;;;;;;;;Wing
0;;;4;;;;;0;;;;;;;;;;;4;;;;;;67;;;;0;6;;0;;;;;;;;;;;;;;;Wing
0;;;4;;;;;9;;;;;;;;;;;2;;;;;;25;;;;2;5;;29;;;;;;;;;;;;;;;Wing
0;;;6;;;;;4;0;;;;;;;;;;6;;;;;;38;;;;;3;;25;;;;;;;;;;;;;;;Wing
0;;;;;;;;;0;;;;;;;;;;2;;;;;;25;;;;3;;;17;;;;;;;;;;;;;;;Pivot
0;;;15;;;;;;;;;;;;;;;;3;;;;;;48;;;;;0;;100;;;;;;;;;;;;;;;Wing
0;;;0;;;;;0;0;;;;;;;;;;;;;;;;0;;;;4;8;;33;;;;;;;;;;;;;;;Pivot
0;;;3;;;;;3;0;;;;;;;;;;3;;;;;;33;;;;3;6;;33;;;;;;;;;;;;;;;Wing
0;;;0;;;;;1;0;;;;;;;;;;0;;;;;;0;;;;3;4;;43;;;;;;;;;;;;;;;Pivot
0;;;8;;;;;6;0;;;;;;;;;;6;;;;;;40;;;;9;6;;60;;;;;;;;;;;;;;;Wing
0;;;2;;;;;1;0;;;;;;;;;;0;;;;;;67;;;;1;1;;50;;;;;;;;;;;;;;;Wing
0;;;3;;;;;6;0;;;;;;;;;;;;;;;;30;;;;4;3;;57;;;;;;;;;;;;;;;Wing
0;;;0;;;;;1;0;;;;;;;;;;1;;;;;;0;;;;9;2;;82;;;;;;;;;;;;;;;Pivot
0;;;4;;;;;4;0;;;;;;;;;;6;;;;;;58;;;;8;5;;73;;;;;;;;;;;;;;;Wing
0;;;9;;;;;7;1;;;;;;;;;;3;;;;;;45;;;;3;2;;20;;;;;;;;;;;;;;;Wing
0;;;2;;;;;0;0;;;;;;;;;;1;;;;;;67;;;;2;10;;55;;;;;;;;;;;;;;;Pivot
0;;;4;;;;;8;0;;;;;;;;;;1;;;;;;42;;;;;3;;25;;;;;;;;;;;;;;;Wing
0;;;3;;;;;2;0;;;;;;;;;;0;;;;;;60;;;;10;4;;;;;;;;;;;;;;;;;Pivot
0;;;9;;;;;0;0;;;;;;;;;;;;;;;;47;;;;2;;;67;;;;;;;;;;;;;;;Wing
0;;;1;;;;;1;0;;;;;;;;;;1;;;;;;33;;;;1;4;;20;;;;;;;;;;;;;;;Pivot
0;;;0;;;;;0;0;;;;;;;;;;;;;;;;0;;;;5;;;83;;;;;;;;;;;;;;;Pivot
0;;;1;;;;;0;0;;;;;;;;;;;;;;;;100;;;;;4;;20;;;;;;;;;;;;;;;Pivot
0;;;;;;;;6;2;;;;;;;;;;5;;;;;;76;;;;0;4;;0;;;;;;;;;;;;;;;Wing
0;;;20;;;;;1;;;;;;;;;;;2;;;;;;61;;;;3;9;;25;;;;;;;;;;;;;;;Wing
0;;;0;;;;;2;0;;;;;;;;;;2;;;;;;0;;;;0;8;;0;;;;;;;;;;;;;;;Wing
0;;;0;;;;;0;0;;;;;;;;;;;;;;;;0;;;;9;15;;38;;;;;;;;;;;;;;;Pivot
0;;;7;;;;;2;0;;;;;;;;;;1;;;;;;70;;;;2;7;;22;;;;;;;;;;;;;;;Wing
0;;;;;;;;0;0;;;;;;;;;;0;;;;;;100;;;;4;8;;33;;;;;;;;;;;;;;;Pivot
0;;;;;;;;0;0;;;;;;;;;;1;;;;;;50;;;;3;5;;38;;;;;;;;;;;;;;;Pivot
0;;;0;;;;;;0;;;;;;;;;;1;;;;;;0;;;;5;5;;50;;;;;;;;;;;;;;;Wing
0;;;14;;;;;4;3;;;;;;;;;;3;;;;;;58;;;;1;9;;10;;;;;;;;;;;;;;;Wing
0;;;10;;;;;9;;;;;;;;;;;;;;;;;45;;;;;2;;8;;;;;;;;;;;;;;;Wing
0;;;0;;;;;0;0;;;;;;;;;;;;;;;;0;;;;1;2;;8;;;;;;;;;;;;;;;Pivot
0;;;26;;;;;7;;;;;;;;;;;2;;;;;;74;;;;1;1;;50;;;;;;;;;;;;;;;Wing
0;;;;;;;;6;2;;;;;;;;;;2;;;;;;35;;;;2;9;;18;;;;;;;;;;;;;;;Wing
0;;;0;;;;;0;0;;;;;;;;;;0;;;;;;;;;;;6;;14;;;;;;;;;;;;;;;Pivot
0;;;0;;;;;0;0;;;;;;;;;;0;;;;;;;;;;1;2;;8;;;;;;;;;;;;;;;Pivot
0;;;0;;;;;0;0;;;;;;;;;;0;;;;;;;;;;2;6;;25;;;;;;;;;;;;;;;Pivot
0;;;0;;;;;0;1;;;;;;;;;;;;;;;;0;;;;4;;;33;;;;;;;;;;;;;;;Wing
1;;;4;;;;;;1;;;;;;;;;;2;;;;;;47;;;;7;10;;41;;;;;;;;;;;;;;;Wing
1;;;3;;;;;4;;;;;;;;;;;;;;;;;38;;;;2;3;;80;;;;;;;;;;;;;;;Wing
1;;;8;;;;;9;2;;;;;;;;;;5;;;;;;33;;;;3;6;;33;;;;;;;;;;;;;;;Wing
1;;;0;;;;;2;;;;;;;;;;;;;;;;;0;;;;0;2;;43;;;;;;;;;;;;;;;Pivot
1;;;14;;;;;7;2;;;;;;;;;;4;;;;;;52;;;;4;;;80;;;;;;;;;;;;;;;Wing
1;;;5;;;;;10;0;;;;;;;;;;2;;;;;;29;;;;4;5;;44;;;;;;;;;;;;;;;Wing
1;;;0;;;;;0;0;;;;;;;;;;0;;;;;;0;;;;5;6;;45;;;;;;;;;;;;;;;Pivot
1;;;2;;;;;1;6;;;;;;;;;;;;;;;;34;;;;;5;;38;;;;;;;;;;;;;;;Wing
1;;;9;;;;;2;1;;;;;;;;;;4;;;;;;53;;;;8;4;;67;;;;;;;;;;;;;;;Wing
1;;;;;;;;;;;;;;;;;;;;;;;;;;;;;4;;;57;;;;;;;;;;;;;;;Pivot
1;;;0;;;;;0;0;;;;;;;;;;;;;;;;0;;;;;4;;44;;;;;;;;;;;;;;;Pivot
1;;;7;;;;;5;0;;;;;;;;;;1;;;;;;54;;;;2;0;;100;;;;;;;;;;;;;;;Wing
1;;;0;;;;;0;0;;;;;;;;;;;;;;;;0;;;;7;;;39;;;;;;;;;;;;;;;Pivot
1;;;2;;;;;5;2;;;;;;;;;;4;;;;;;15;;;;;5;;17;;;;;;;;;;;;;;;Wing
1;;;0;;;;;0;0;;;;;;;;;;1;;;;;;0;;;;5;2;;;;;;;;;;;;;;;;;Pivot
0;;;0;;;;;0;0;;;;;;;;;;1;;;;;;0;;;;5;7;;42;;;;;;;;;;;;;;;Pivot
0;;;6;;;;;9;0;;;;;;;;;;2;;;;;;35;;;;5;8;;38;;;;;;;;;;;;;;;Wing
0;;;23;;;;;4;0;;;;;;;;;;2;;;;;;79;;;;6;8;;43;;;;;;;;;;;;;;;Wing
0;;;1;;;;;0;0;;;;;;;;;;1;;;;;;50;;;;5;5;;50;;;;;;;;;;;;;;;Pivot
0;;;7;;;;;7;0;;;;;;;;;;5;;;;;;37;;;;3;5;;38;;;;;;;;;;;;;;;Wing
0;;;17;;;;;3;3;;;;;;;;;;3;;;;;;65;;;;2;5;;40;;;;;;;;;;;;;;;Wing
0;;;0;;;;;0;0;;;;;;;;;;1;;;;;;0;;;;5;4;;56;;;;;;;;;;;;;;;Pivot
0;;;0;;;;;0;0;;;;;;;;;;0;;;;;;0;;;;3;;;73;;;;;;;;;;;;;;;Pivot
0;;;0;;;;;1;2;;;;;;;;;;;;;;;;0;;;;0;5;;0;;;;;;;;;;;;;;;Wing
1;;;3;;;;;1;1;;;;;;;;;;1;;;;;;50;;;;6;2;;75;;;;;;;;;;;;;;;Wing
1;;;1;;;;;0;0;;;;;;;;;;1;;;;;;50;;;;6;2;;75;;;;;;;;;;;;;;;Pivot
1;;;8;;;;;0;0;;;;;;;;;;2;;;;;;80;;;;4;1;;80;;;;;;;;;;;;;;;Wing
1;;;2;;;;;1;0;;;;;;;;;;;;;;;;52;;;;8;5;;62;;;;;;;;;;;;;;;Pivot
1;;;;;;;;9;0;;;;;;;;;;3;;;;;;50;;;;5;;;50;;;;;;;;;;;;;;;Wing
1;;;;;;;;;2;;;;;;;;;;;;;;;;0;;;;;;;50;;;;;;;;;;;;;;;Wing
1;;;3;;;;;1;;;;;;;;;;;;;;;;;75;;;;10;4;;;;;;;;;;;;;;;;;Pivot
1;;;8;;;;;6;1;;;;;;;;;;3;;;;;;;;;;4;0;;100;;;;;;;;;;;;;;;Wing
1;;;0;;;;;1;0;;;;;;;;;;0;;;;;;0;;;;5;0;;100;;;;;;;;;;;;;;;Pivot
1;;;5;;;;;5;0;;;;;;;;;;;;;;;;45;;;;0;;;0;;;;;;;;;;;;;;;Wing
1;;;1;;;;;0;1;;;;;;;;;;1;;;;;;33;;;;7;3;;70;;;;;;;;;;;;;;;Pivot
1;;;5;;;;;2;1;;;;;;;;;;2;;;;;;50;;;;;0;;100;;;;;;;;;;;;;;;Wing
1;;;2;;;;;1;3;;;;;;;;;;3;;;;;;22;;;;2;5;;29;;;;;;;;;;;;;;;Pivot
1;;;;;;;;5;;;;;;;;;;;6;;;;;;8;;;;2;2;;50;;;;;;;;;;;;;;;Pivot
1;;;;;;;;10;2;;;;;;;;;;2;;;;;;44;;;;2;;;15;;;;;;;;;;;;;;;Wing
1;;;0;;;;;;2;;;;;;;;;;3;;;;;;0;;;;2;4;;33;;;;;;;;;;;;;;;Wing
1;;;8;;;;;;1;;;;;;;;;;7;;;;;;30;;;;2;5;;29;;;;;;;;;;;;;;;Wing
1;;;0;;;;;0;0;;;;;;;;;;5;;;;;;0;;;;5;5;;38;;;;;;;;;;;;;;;Pivot
1;;;0;;;;;0;0;;;;;;;;;;4;;;;;;0;;;;3;;;21;;;;;;;;;;;;;;;Pivot
1;;;0;;;;;0;0;;;;;;;;;;3;;;;;;0;;;;0;8;;0;;;;;;;;;;;;;;;Wing
1;;;0;;;;;;0;;;;;;;;;;4;;;;;;0;;;;;1;;50;;;;;;;;;;;;;;;Wing
1;;;23;;;;;6;1;;;;;;;;;;1;;;;;;74;;;;;3;;70;;;;;;;;;;;;;;;Wing
1;;;;;;;;3;0;;;;;;;;;;1;;;;;;69;;;;3;6;;33;;;;;;;;;;;;;;;Wing
1;;;16;;;;;6;2;;;;;;;;;;5;;;;;;55;;;;;0;;100;;;;;;;;;;;;;;;Wing
1;;;3;;;;;2;2;;;;;;;;;;6;;;;;;23;;;;2;0;;100;;;;;;;;;;;;;;;Wing
1;;;0;;;;;0;0;;;;;;;;;;1;;;;;;0;;;;5;5;;;;;;;;;;;;;;;;;Pivot
1;;;0;;;;;0;0;;;;;;;;;;;;;;;;0;;;;5;4;;43;;;;;;;;;;;;;;;Pivot
1;;;;;;;;0;0;;;;;;;;;;6;;;;;;14;;;;3;0;;100;;;;;;;;;;;;;;;Pivot
1;;;0;;;;;0;0;;;;;;;;;;1;;;;;;0;;;;5;4;;36;;;;;;;;;;;;;;;Pivot
0;;;3;;;;;0;0;;;;;;;;;;0;;;;;;100;;;;5;13;;27;;;;;;;;;;;;;;;Pivot
0;;;8;;;;;3;1;;;;;;;;;;1;;;;;;66;;;;0;4;;0;;;;;;;;;;;;;;;Wing
0;;;14;;;;;0;0;;;;;;;;;;1;;;;;;100;;;;2;3;;40;;;;;;;;;;;;;;;Wing
0;;;1;;;;;0;0;;;;;;;;;;0;;;;;;100;;;;0;1;;0;;;;;;;;;;;;;;;Wing
0;;;14;;;;;2;1;;;;;;;;;;3;;;;;;82;;;;1;1;;;;;;;;;;;;;;;;;Wing
0;;;10;;;;;3;0;;;;;;;;;;1;;;;;;76;;;;1;4;;20;;;;;;;;;;;;;;;Wing
0;;;2;;;;;0;0;;;;;;;;;;1;;;;;;100;;;;0;2;;0;;;;;;;;;;;;;;;Pivot
0;;;0;;;;;1;0;;;;;;;;;;0;;;;;;0;;;;1;7;;12;;;;;;;;;;;;;;;Wing
0;;;2;;;;;2;0;;;;;;;;;;0;;;;;;50;;;;1;6;;14;;;;;;;;;;;;;;;Pivot
0;;;0;;;;;0;0;;;;;;;;;;0;;;;;;;;;;0;1;;25;;;;;;;;;;;;;;;Wing
0;;;2;;;;;1;0;;;;;;;;;;0;;;;;;66;;;;2;6;;;;;;;;;;;;;;;;;Wing
;;;3;;;;;2;0;;;;;;;;;;1;;;;;;60;;;;2;3;;40;;;;;;;;;;;;;;;Pivot
1;;;1;;;;;3;1;;;;;;;;;;3;;;;;;20;;;;0;1;;0;;;;;;;;;;;;;;;Wing
1;;;1;;;;;2;0;;;;;;;;;;3;;;;;;33;;;;7;2;;77;;;;;;;;;;;;;;;Pivot
1;;;3;;;;;1;0;;;;;;;;;;0;;;;;;75;;;;1;3;;25;;;;;;;;;;;;;;;Wing
1;;;1;;;;;1;0;;;;;;;;;;1;;;;;;50;;;;7;5;;58;;;;;;;;;;;;;;;Pivot
1;;;0;;;;;2;0;;;;;;;;;;1;;;;;;0;;;;0;1;;0;;;;;;;;;;;;;;;Wing
1;;;0;;;;;2;0;;;;;;;;;;3;;;;;;0;;;;1;0;;100;;;;;;;;;;;;;;;Wing
1;;;8;;;;;5;0;;;;;;;;;;5;;;;;;61;;;;0;1;;0;;;;;;;;;;;;;;;Wing
1;;;0;;;;;2;0;;;;;;;;;;0;;;;;;0;;;;0;;;;;;;;;;;;;;;;;;Wing
1;;;2;;;;;0;0;;;;;;;;;;1;;;;;;100;;;;3;3;;50;;;;;;;;;;;;;;;Pivot
1;;;3;;;;;3;0;;;;;;;;;;3;;;;;;50;;;;0;0;;;;;;;;;;;;;;;;;Wing
1;;;1;;;;;1;0;;;;;;;;;;0;;;;;;50;;;;4;4;;50;;;;;;;;;;;;;;;Pivot
1;;;5;;;;;0;0;;;;;;;;;;2;;;;;;100;;;;2;1;;66;;;;;;;;;;;;;;;Wing
1;;;0;;;;;0;1;;;;;;;;;;1;;;;;;0;;;;1;2;;33;;;;;;;;;;;;;;;Pivot
1;;;0;;;;;1;0;;;;;;;;;;1;;;;;;0;;;;5;5;;50;;;;;;;;;;;;;;;Pivot
1;;;0;;;;;1;0;;;;;;;;;;2;;;;;;0;;;;2;0;;100;;;;;;;;;;;;;;;Wing
1;;;2;;;;;1;0;;;;;;;;;;2;;;;;;66;;;;2;4;;33;;;;;;;;;;;;;;;Wing
1;;;6;;;;;2;0;;;;;;;;;;5;;;;;;75;;;;0;4;;0;;;;;;;;;;;;;;;Wing
1;;;3;;;;;5;0;;;;;;;;;;2;;;;;;37;;;;3;1;;75;;;;;;;;;;;;;;;Wing
1;;;5;;;;;5;1;;;;;;;;;;4;;;;;;45;;;;3;3;;50;;;;;;;;;;;;;;;Wing
1;;;4;;;;;10;0;;;;;;;;;;2;;;;;;28;;;;2;6;;25;;;;;;;;;;;;;;;Wing
1;;;1;;;;;0;0;;;;;;;;;;1;;;;;;100;;;;3;0;;100;;;;;;;;;;;;;;;Pivot
1;;;0;;;;;3;1;;;;;;;;;;2;;;;;;0;;;;3;6;;33;;;;;;;;;;;;;;;Wing
1;;;0;;;;;1;1;;;;;;;;;;1;;;;;;0;;;;3;1;;75;;;;;;;;;;;;;;;Wing
1;;;1;;;;;1;0;;;;;;;;;;0;;;;;;50;;;;13;8;;61;;;;;;;;;;;;;;;Pivot
1;;;7;;;;;12;2;;;;;;;;;;6;;;;;;33;;;;5;3;;62;;;;;;;;;;;;;;;Pivot
1;;;8;;;;;6;0;;;;;;;;;;2;;;;;;57;;;;1;13;;;;;;;;;;;;;;;;;Pivot
1;;;1;;;;;1;0;;;;;;;;;;1;;;;;;50;;;;7;5;;58;;;;;;;;;;;;;;;Pivot
1;;;8;;;;;16;2;;;;;;;;;;2;;;;;;30;;;;5;5;;50;;;;;;;;;;;;;;;Wing
1;;;5;;;;;12;1;;;;;;;;;;6;;;;;;27;;;;1;4;;20;;;;;;;;;;;;;;;Wing
0;;;14;;;;;7;2;;;;;;;;;;1;;;;;;60;;;;2;2;;50;;;;;;;;;;;;;;;Wing
0;;;3;;;;;4;0;;;;;;;;;;0;;;;;;42;;;;1;3;;25;;;;;;;;;;;;;;;Wing
0;;;6;;;;;4;2;;;;;;;;;;2;;;;;;50;;;;3;1;;75;;;;;;;;;;;;;;;Wing
0;;;1;;;;;4;1;;;;;;;;;;4;;;;;;16;;;;0;4;;0;;;;;;;;;;;;;;;Wing
0;;;0;;;;;0;0;;;;;;;;;;0;;;;;;;;;;2;10;;16;;;;;;;;;;;;;;;Pivot
0;;;5;;;;;3;0;;;;;;;;;;0;;;;;;62;;;;1;6;;14;;;;;;;;;;;;;;;Pivot
0;;;;;;;;7;0;;;;;;;;;;5;;;;;;61;;;;4;1;;26;;;;;;;;;;;;;;;Wing
0;;;0;;;;;0;0;;;;;;;;;;0;;;;;;;;;;2;16;;;;;;;;;;;;;;;;;Pivot
0;;;2;;;;;1;0;;;;;;;;;;1;;;;;;66;;;;1;0;;100;;;;;;;;;;;;;;;Wing
0;;;7;;;;;4;1;;;;;;;;;;0;;;;;;58;;;;3;2;;60;;;;;;;;;;;;;;;Wing
0;;;0;;;;;0;0;;;;;;;;;;0;;;;;;;;;;2;2;;50;;;;;;;;;;;;;;;Pivot
0;;;4;;;;;4;0;;;;;;;;;;0;;;;;;50;;;;0;3;;0;;;;;;;;;;;;;;;Wing
0;;;1;;;;;0;0;;;;;;;;;;1;;;;;;100;;;;0;4;;0;;;;;;;;;;;;;;;Pivot
0;;;2;;;;;1;0;;;;;;;;;;2;;;;;;66;;;;1;6;;14;;;;;;;;;;;;;;;Wing
0;;;8;;;;;6;1;;;;;;;;;;3;;;;;;53;;;;4;2;;66;;;;;;;;;;;;;;;Wing
0;;;32;;;;;5;2;;;;;;;;;;7;;;;;;82;;;;2;3;;40;;;;;;;;;;;;;;;Wing
0;;;1;;;;;0;0;;;;;;;;;;0;;;;;;100;;;;9;9;;50;;;;;;;;;;;;;;;Pivot
0;;;6;;;;;4;0;;;;;;;;;;2;;;;;;60;;;;3;5;;37;;;;;;;;;;;;;;;Wing
0;;;3;;;;;1;0;;;;;;;;;;0;;;;;;75;;;;0;1;;0;;;;;;;;;;;;;;;Wing
0;;;0;;;;;0;0;;;;;;;;;;2;;;;;;;;;;8;2;;80;;;;;;;;;;;;;;;Pivot
0;;;0;;;;;0;0;;;;;;;;;;0;;;;;;;;;;7;14;;33;;;;;;;;;;;;;;;Pivot
1;;;1;;;;;4;0;;;;;;;;;;0;;;;;;20;;;;1;2;;33;;;;;;;;;;;;;;;Wing
1;;;0;;;;;0;0;;;;;;;;;;0;;;;;;;;;;15;4;;78;;;;;;;;;;;;;;;Pivot
1;;;0;;;;;0;0;;;;;;;;;;0;;;;;;;;;;3;3;;50;;;;;;;;;;;;;;;Pivot
1;;;0;;;;;0;0;;;;;;;;;;2;;;;;;;;;;9;5;;64;;;;;;;;;;;;;;;Pivot
1;;;1;;;;;5;0;;;;;;;;;;2;;;;;;16;;;;2;3;;40;;;;;;;;;;;;;;;Wing
1;;;5;;;;;7;0;;;;;;;;;;2;;;;;;;;;;2;5;;28;;;;;;;;;;;;;;;Wing
1;;;2;;;;;9;2;;;;;;;;;;2;;;;;;15;;;;1;0;;100;;;;;;;;;;;;;;;Wing
1;;;14;;;;;6;5;;;;;;;;;;5;;;;;;56;;;;8;2;;80;;;;;;;;;;;;;;;Wing
1;;;16;;;;;15;0;;;;;;;;;;3;;;;;;51;;;;7;4;;63;;;;;;;;;;;;;;;Wing
1;;;0;;;;;0;0;;;;;;;;;;1;;;;;;;;;;9;2;;81;;;;;;;;;;;;;;;Pivot
1;;;5;;;;;0;0;;;;;;;;;;1;;;;;;100;;;;1;3;;25;;;;;;;;;;;;;;;Wing
1;;;2;;;;;4;0;;;;;;;;;;2;;;;;;33;;;;5;1;;50;;;;;;;;;;;;;;;Pivot
1;;;0;;;;;7;0;;;;;;;;;;2;;;;;;0;;;;53;1;;50;;;;;;;;;;;;;;;Wing
1;;;15;;;;;17;1;;;;;;;;;;1;;;;;;45;;;;8;7;;8;;;;;;;;;;;;;;;Wing
1;;;1;;;;;3;0;;;;;;;;;;0;;;;;;25;;;;8;;;50;;;;;;;;;;;;;;;Pivot
1;;;6;;;;;8;0;;;;;;;;;;6;;;;;;42;;;;9;6;;60;;;;;;;;;;;;;;;Wing
1;;;0;;;;;1;0;;;;;;;;;;0;;;;;;0;;;;7;10;;2;;;;;;;;;;;;;;;Pivot
1;;;1;;;;;0;0;;;;;;;;;;0;;;;;;100;;;;1;;;33;;;;;;;;;;;;;;;Wing
1;;;8;;;;;18;2;;;;;;;;;;7;;;;;;28;;;;7;5;;58;;;;;;;;;;;;;;;Wing
0;;;10;;;;;6;0;0;;;;;;;;;;;;16;;;63;;;;2;2;;;36.5;0.273972602739726;0.0547945205479452;10;0.273972602739726;0.625;0.16129032258064516;0.04878048780487805;0.1694915254237288;;;10.200.000.000.000.000;0.27945205479452057;0.10708661417322836;Wing
0;;;16;;;;;1;1;1;;;;;;;;;;;;19;;;84;;;;5;2;;;3.499.999.999.999.990;0.45714285714285724;0.14285714285714288;15;0.42857142857142866;0.7894736842105263;0.25806451612903225;0.12195121951219512;0.2542372881355932;;;19.55;0.5585714285714287;0.205249343832021;Wing
1;;;0;;;;;0;0;0;;;;;;;;;;;;0;;;;;;;6;0;;;37.0;0.0;0.16216216216216217;0;0.0;;0.0;0.14634146341463414;0.0;;;7.199.999.999.999.990;0.19459459459459458;0.07559055118110236;Pivot
0;;;7;;;;;4;1;1;;;;;;;;;;;;13;;;54;;;;7;0;;;45.0;0.15555555555555556;0.15555555555555556;6;0.13333333333333333;0.46153846153846156;0.11290322580645161;0.17073170731707318;0.1016949152542373;;;13.350.000.000.000.000;0.2966666666666667;0.14015748031496064;Pivot
0;;;7;;;;;4;0;2;;;;;;;;;;;;13;;;54;;;;6;3;;;38.0;0.18421052631578946;0.15789473684210525;7;0.18421052631578946;0.5384615384615384;0.11290322580645161;0.14634146341463414;0.11864406779661017;;;11.399.999.999.999.900;0.3;0.11968503937007872;Pivot
0;;;8;;;;;3;0;1;;;;;;;;;;;;12;;;67;;;;4;2;;;38.5;0.2077922077922078;0.1038961038961039;8;0.2077922077922078;0.6666666666666666;0.12903225806451613;0.0975609756097561;0.13559322033898305;;;10.95;0.2844155844155844;0.11496062992125984;Pivot
0;;;14;;;;;3;1;2;;;;;;;;;;;;20;;;70;;;;7;3;;;40.0;0.35;0.175;13;0.325;0.65;0.22580645161290322;0.17073170731707318;0.22033898305084745;;;18.8;0.47000000000000003;0.1973753280839895;Wing
1;;;0;;;;;0;0;0;;;;;;;;;;;;0;;;;;;;4;2;;;45.0;0.0;0.08888888888888889;0;0.0;;0.0;0.0975609756097561;0.0;;;3.8;0.08444444444444445;0.03989501312335958;Pivot
0;;;8;;;;;3;0;1;;;;;;;;;;;;12;;;67;;;;1;4;;;30.0;0.26666666666666666;0.03333333333333333;8;0.26666666666666666;0.6666666666666666;0.22857142857142856;0.047619047619047616;0.27586206896551724;;;63.500.000.000.000.000;0.2116666666666667;0.18540145985401466;Wing
0;;;2;;;;;3;1;1;;;;;;;;;;;;7;;;29;;;;2;0;;;31.499.999.999.999.900;0.0634920634920635;0.0634920634920635;1;0.03174603174603175;0.14285714285714285;0.05714285714285714;0.09523809523809523;0.034482758620689655;;;2.55;0.08095238095238097;0.07445255474452556;Pivot
0;;;2;;;;;2;0;0;;;;;;;;;;;;4;;;50;;;;2;1;;;36.0;0.05555555555555555;0.05555555555555555;2;0.05555555555555555;0.5;0.05714285714285714;0.09523809523809523;0.06896551724137931;;;3.5;0.09722222222222222;0.10218978102189784;Pivot
0;;;4;;;;;3;2;1;;;;;;;;;;;;10;;;40;;;;1;2;;;45.0;0.08888888888888889;0.022222222222222223;2;0.044444444444444446;0.2;0.11428571428571428;0.047619047619047616;0.06896551724137931;;;13.499.999.999.999.900;0.029999999999999995;0.03941605839416059;Wing
0;;;15;;;;;7;0;0;;;;;;;;;;;;22;;;68;;;;9;4;;;45.0;0.3333333333333333;0.2;15;0.3333333333333333;0.6818181818181818;0.42857142857142855;0.42857142857142855;0.5172413793103449;;;22.4;0.49777777777777776;0.6540145985401461;Wing
0;;;1;;;;;8;1;0;;;;;;;;;;;;10;;;10;;;;0;0;;;24.0;0.041666666666666664;0.0;0;0.0;0.0;0.02857142857142857;0.0;0.0;;;-1.6;-0.06666666666666667;-0.046715328467153296;Wing
1;;;1;;;;;10;1;0;;;;;;;;;;;;12;;;8;;;;0;2;;;36.0;0.027777777777777776;0.0;0;0.0;0.0;0.02857142857142857;0.0;0.0;;;-3.0;-0.08333333333333333;-0.08759124087591243;Wing
1;;;0;;;;;2;1;0;;;;;;;;;;;;3;;;0;;;;4;4;;;30.0;0.0;0.13333333333333333;-1;-0.03333333333333333;-0.3333333333333333;0.0;0.19047619047619047;-0.034482758620689655;;;1.4;0.04666666666666666;0.04087591240875913;Pivot
0;;;2;;;;;3;0;0;;;;;;;;;;;;5;;;40;;;;2;5;;;37.5;0.05333333333333334;0.05333333333333334;2;0.05333333333333334;0.4;0.05714285714285714;0.09523809523809523;0.06896551724137931;;;12.999.999.999.999.900;0.034666666666666665;0.03795620437956205;Wing
0;;;2;;;;;0;0;0;;;;;;;;;;;;2;;;100;;;;0;0;;;3.999.999.999.999.990;0.5000000000000001;0.0;2;0.5000000000000001;1.0;0.03076923076923077;0.0;0.03278688524590164;;;2.0;0.5000000000000001;0.020942408376963352;Wing
0;;;8;;;;;6;0;1;;;;;;;;;;;;15;;;53;;;;7;0;;;4.099.999.999.999.990;0.19512195121951223;0.1707317073170732;8;0.19512195121951223;0.5333333333333333;0.12307692307692308;0.1891891891891892;0.13114754098360656;;;14.95;0.36463414634146346;0.15654450261780103;Wing
0;;;14;;;;;3;0;1;;;;;;;;;;;;18;;;78;;;;6;0;;;36.5;0.3835616438356164;0.1643835616438356;14;0.3835616438356164;0.7777777777777778;0.2153846153846154;0.16216216216216217;0.22950819672131148;;;20.35;0.5575342465753425;0.21308900523560212;Wing
1;;;0;;;;;0;0;0;;;;;;;;;;;;0;;;;;;;6;0;;;40.75;0.0;0.147239263803681;0;0.0;;0.0;0.16216216216216217;0.0;;;7.199.999.999.999.990;0.17668711656441716;0.07539267015706806;Pivot
1;;;7;;;;;3;1;0;;;;;;;;;;;;11;;;64;;;;3;1;;;35.0;0.2;0.08571428571428572;6;0.17142857142857143;0.5454545454545454;0.1076923076923077;0.08108108108108109;0.09836065573770492;;;8.5;0.24285714285714285;0.08900523560209424;Pivot
0;;;15;;;;;5;0;1;;;;;;;;;;;;21;;;71;;;;7;0;;;45.0;0.3333333333333333;0.15555555555555556;15;0.3333333333333333;0.7142857142857143;0.23076923076923078;0.1891891891891892;0.2459016393442623;;;22.15;0.49222222222222217;0.23193717277486908;Pivot
0;;;4;;;;;2;1;1;;;;;;;;;;;;8;;;50;;;;5;1;;;45.0;0.08888888888888889;0.1111111111111111;3;0.06666666666666667;0.375;0.06153846153846154;0.13513513513513514;0.04918032786885246;;;7.85;0.17444444444444443;0.08219895287958115;Pivot
0;;;15;;;;;3;1;2;;;;;;;;;;;;21;;;71;;;;0;5;;;3.299.999.999.999.990;0.45454545454545464;0.0;14;0.4242424242424243;0.6666666666666666;0.23076923076923078;0.0;0.22950819672131148;;;10.4;0.31515151515151524;0.10890052356020943;Wing
1;;;0;;;;;0;1;0;;;;;;;;;;;;1;;;0;;;;3;1;;;34.75;0.0;0.08633093525179857;-1;-0.02877697841726619;-1.0;0.0;0.08108108108108109;-0.01639344262295082;;;20.999.999.999.999.900;0.06043165467625898;0.021989528795811515;Pivot
0;;;6;;;;;7;0;2;;;;;;;;;;;;15;;;40;;;;0;1;;;30.0;0.2;0.0;6;0.2;0.4;0.13636363636363635;0.0;0.15;;;35.999.999.999.999.900;0.11999999999999998;0.0710059171597633;Wing
0;;;1;;;;;0;0;0;;;;;;;;;;;;1;;;100;;;;3;1;;;15.0;0.06666666666666667;0.2;1;0.06666666666666667;1.0;0.022727272727272728;0.13636363636363635;0.025;;;4.1;0.2733333333333333;0.08086785009861931;Pivot
0;;;1;;;;;0;0;0;;;;;;;;;;;;1;;;100;;;;0;2;;;30.0;0.03333333333333333;0.0;1;0.03333333333333333;1.0;0.022727272727272728;0.0;0.025;;;0.0;0.0;0.0;Pivot
0;;;9;;;;;6;0;0;;;;;;;;;;;;15;;;60;;;;6;2;;;30.0;0.3;0.2;9;0.3;0.6;0.20454545454545456;0.2727272727272727;0.225;;;14.0;0.4666666666666667;0.2761341222879684;Wing
0;;;0;;;;;1;0;0;;;;;;;;;;;;1;;;0;;;;3;1;;;30.0;0.0;0.1;0;0.0;0.0;0.0;0.13636363636363635;0.0;;;28.999.999.999.999.900;0.09666666666666665;0.05719921104536488;Pivot
0;;;2;;;;;3;1;2;;;;;;;;;;;;8;;;25;;;;0;1;;;30.0;0.06666666666666667;0.0;1;0.03333333333333333;0.125;0.045454545454545456;0.0;0.025;;;-0.6000000000000001;-0.020000000000000004;-0.01183431952662722;Wing
0;;;2;;;;;2;0;0;;;;;;;;;;;;4;;;50;;;;0;0;;;8.0;0.25;0.0;2;0.25;0.5;0.045454545454545456;0.0;0.05;;;1.6;0.2;0.03155818540433925;Wing
1;;;0;;;;;0;0;0;;;;;;;;;;;;0;;;;;;;4;2;;;45.0;0.0;0.08888888888888889;0;0.0;;0.0;0.18181818181818182;0.0;;;3.8;0.08444444444444445;0.07495069033530571;Pivot
0;;;15;;;;;11;2;4;;;;;;;;;;;;32;;;47;;;;4;3;;;38.25;0.39215686274509803;0.10457516339869281;13;0.33986928104575165;0.40625;0.3409090909090909;0.18181818181818182;0.325;;;13.100.000.000.000.000;0.342483660130719;0.2583826429980276;Wing
0;;;5;;;;;6;1;0;;;;;;;;;;;;12;;;42;;;;1;0;;;28.749.999.999.999.900;0.1739130434782609;0.03478260869565218;4;0.13913043478260873;0.3333333333333333;0.11363636363636363;0.045454545454545456;0.1;;;4.0;0.13913043478260873;0.07889546351084813;Wing
0;;;3;;;;;0;0;0;;;;;;;;;;;;3;;;100;;;;1;0;;;15.0;0.2;0.06666666666666667;3;0.2;1.0;0.06818181818181818;0.045454545454545456;0.075;;;4.2;0.28;0.08284023668639053;Wing
1;;;0;;;;;2;0;0;;;;;;;;;;;;2;;;0;;;;3;3;;;32.999.999.999.999.900;0.0;0.09090909090909095;0;0.0;0.0;0.0;0.17647058823529413;0.0;;;16.999.999.999.999.900;0.05151515151515153;0.09189189189189188;Pivot
0;;;2;;;;;4;2;3;;;;;;;;;;;;11;;;18;;;;1;1;;;30.0;0.06666666666666667;0.03333333333333333;0;0.0;0.0;0.08;0.058823529411764705;0.0;;;-0.8499999999999999;-0.02833333333333333;-0.04594594594594594;Wing
0;;;5;;;;;5;1;5;;;;;;;;;;;;16;;;31;;;;2;1;;;3.324.999.999.999.990;0.15037593984962408;0.060150375939849635;4;0.12030075187969927;0.25;0.2;0.11764705882352941;0.23529411764705882;;;3.65;0.10977443609022558;0.19729729729729728;Wing
0;;;2;;;;;7;0;0;;;;;;;;;;;;9;;;22;;;;2;0;;;25.0;0.08;0.08;2;0.08;0.2222222222222222;0.08;0.11764705882352941;0.11764705882352941;;;3.0;0.12;0.16216216216216217;Wing
1;;;0;;;;;0;0;0;;;;;;;;;;;;0;;;;;;;1;2;;;8.166.666.666.666.660;0.0;0.12244897959183675;0;0.0;;0.0;0.058823529411764705;0.0;;;0.19999999999999996;0.024489795918367342;0.010810810810810808;Pivot
1;;;0;;;;;0;0;0;;;;;;;;;;;;0;;;;;;;2;0;;;45.0;0.0;0.044444444444444446;0;0.0;;0.0;0.11764705882352941;0.0;;;2.4;0.05333333333333333;0.12972972972972974;Pivot
0;;;0;;;;;1;1;0;;;;;;;;;;;;2;;;0;;;;1;0;;;15.0;0.0;0.06666666666666667;-1;-0.06666666666666667;-0.5;0.0;0.058823529411764705;-0.058823529411764705;;;0.0;0.0;0.0;Pivot
1;;;0;;;;;2;0;0;;;;;;;;;;;;2;;;0;;;;1;2;;;33.833.333.333.333.300;0.0;0.029556650246305417;0;0.0;0.0;0.0;0.058823529411764705;0.0;;;-0.19999999999999996;-0.005911330049261082;-0.010810810810810808;Pivot
0;;;0;;;;;0;0;0;;;;;;;;;;;;0;;;;;;;1;1;;;15.0;0.0;0.06666666666666667;0;0.0;;0.0;0.058823529411764705;0.0;;;0.7;0.04666666666666666;0.03783783783783783;Pivot
0;;;10;;;;;8;3;0;;;;;;;;;;;;21;;;48;;;;1;1;;;3.575.000.000.000.000;0.2797202797202797;0.027972027972027965;7;0.19580419580419575;0.3333333333333333;0.4;0.058823529411764705;0.4117647058823529;;;61.000.000.000.000.000;0.1706293706293706;0.32972972972972975;Wing
0;;;1;;;;;6;0;0;;;;;;;;;;;;7;;;14;;;;1;2;;;15.0;0.06666666666666667;0.06666666666666667;1;0.06666666666666667;0.14285714285714285;0.04;0.058823529411764705;0.058823529411764705;;;0.0;0.0;0.0;Wing
0;;;5;;;;;12;1;0;;;;;;;;;;;;18;;;28;;;;1;2;;;25.999.999.999.999.900;0.19230769230769235;0.038461538461538464;4;0.15384615384615385;0.2222222222222222;0.2;0.058823529411764705;0.23529411764705882;;;17.999.999.999.999.900;0.06923076923076922;0.09729729729729727;Wing
0;;;7;;;;;1;0;0;;;;;;;;;;;;8;;;88;;;;3;1;;;22.25;0.3146067415730337;0.1348314606741573;7;0.3146067415730337;0.875;0.109375;0.06382978723404255;0.11475409836065574;;;9.899.999.999.999.990;0.444943820224719;0.0938388625592417;Pivot
0;;;9;;;;;2;0;0;;;;;;;;;;;;11;;;82;;;;6;4;;;21.499.999.999.999.900;0.4186046511627908;0.2790697674418605;9;0.4186046511627908;0.8181818181818182;0.140625;0.1276595744680851;0.14754098360655737;;;13.799.999.999.999.900;0.6418604651162791;0.1308056872037915;Wing
0;;;0;;;;;0;1;0;;;;;;;;;;;;1;;;0;;;;5;0;;;23.499.999.999.999.900;0.0;0.21276595744680854;-1;-0.04255319148936171;-1.0;0.0;0.10638297872340426;-0.01639344262295082;;;5.0;0.21276595744680854;0.047393364928909956;Pivot
1;;;0;;;;;0;0;0;;;;;;;;;;;;0;;;;;;;3;0;;;22.25;0.0;0.1348314606741573;0;0.0;;0.0;0.06382978723404255;0.0;;;35.999.999.999.999.900;0.16179775280898875;0.034123222748815164;Pivot
1;;;0;;;;;0;0;0;;;;;;;;;;;;0;;;;;;;5;0;;;22.75;0.0;0.21978021978021978;0;0.0;;0.0;0.10638297872340426;0.0;;;6.0;0.26373626373626374;0.05687203791469195;Pivot
0;;;6;;;;;0;0;0;;;;;;;;;;;;6;;;100;;;;1;0;;;21.833.333.333.333.300;0.2748091603053435;0.04580152671755725;6;0.2748091603053435;1.0;0.09375;0.02127659574468085;0.09836065573770492;;;7.2;0.3297709923664122;0.06824644549763034;Wing
0;;;8;;;;;0;0;2;;;;;;;;;;;;10;;;80;;;;2;5;;;27.749.999.999.999.900;0.28828828828828834;0.07207207207207209;8;0.28828828828828834;0.8;0.125;0.0425531914893617;0.13114754098360656;;;7.4;0.2666666666666668;0.07014218009478675;Wing
0;;;0;;;;;0;0;0;;;;;;;;;;;;0;;;;;;;7;0;;;22.25;0.0;0.3146067415730337;0;0.0;;0.0;0.14893617021276595;0.0;;;8.4;0.3775280898876405;0.07962085308056874;Pivot
0;;;7;;;;;4;0;0;;;;;;;;;;;;11;;;64;;;;3;2;;;30.0;0.23333333333333334;0.1;7;0.23333333333333334;0.6363636363636364;0.109375;0.06382978723404255;0.11475409836065574;;;8.8;0.29333333333333333;0.08341232227488153;Wing
0;;;11;;;;;5;1;1;;;;;;;;;;;;18;;;61;;;;4;1;;;33.166.666.666.666.600;0.3316582914572865;0.1206030150753769;10;0.30150753768844224;0.5555555555555556;0.171875;0.0851063829787234;0.16393442622950818;;;13.05;0.39346733668341716;0.123696682464455;Wing
0;;;5;;;;;4;0;0;;;;;;;;;;;;9;;;56;;;;2;2;;;23.166.666.666.666.600;0.2158273381294964;0.08633093525179855;5;0.2158273381294964;0.5555555555555556;0.078125;0.0425531914893617;0.08196721311475409;;;5.6;0.24172661870503595;0.053080568720379154;Wing
0;;;3;;;;;0;0;0;;;;;;;;;;;;3;;;100;;;;4;0;;;22.75;0.13186813186813187;0.17582417582417584;3;0.13186813186813187;1.0;0.046875;0.0851063829787234;0.04918032786885246;;;7.8;0.34285714285714286;0.07393364928909954;Pivot
0;;;8;;;;;1;1;1;;;;;;;;;;;;11;;;73;;;;2;0;;;21.833.333.333.333.300;0.366412213740458;0.0916030534351145;7;0.3206106870229008;0.6363636363636364;0.125;0.0425531914893617;0.11475409836065574;;;8.95;0.4099236641221374;0.08483412322274882;Wing
1;;;1;;;;;1;0;0;;;;;;;;;;;;2;;;50;;;;4;2;;;45.0;0.022222222222222223;0.08888888888888889;1;0.022222222222222223;0.5;0.022222222222222223;0.19047619047619047;0.030303030303030304;;;4.6;0.10222222222222221;0.10143329658213891;Pivot
0;;;9;;;;;2;3;1;;;;;;;;;;;;15;;;60;;;;3;3;;;45.0;0.2;0.06666666666666667;6;0.13333333333333333;0.4;0.2;0.14285714285714285;0.18181818181818182;;;7.449.999.999.999.990;0.16555555555555554;0.16427783902976845;Wing
0;;;7;;;;;6;1;1;;;;;;;;;;;;10;;;70;;;;6;2;;;45.0;0.15555555555555556;0.13333333333333333;6;0.13333333333333333;0.6;0.15555555555555556;0.2857142857142857;0.18181818181818182;;;10.75;0.2388888888888889;0.23704520396912898;Wing
1;;;7;;;;;7;0;1;;;;;;;;;;;;15;;;47;;;;2;1;;;4.233.333.333.333.330;0.16535433070866143;0.04724409448818898;7;0.16535433070866143;0.4666666666666667;0.15555555555555556;0.09523809523809523;0.21212121212121213;;;7.25;0.17125984251968507;0.15986769570011025;Wing
1;;;1;;;;;1;0;0;;;;;;;;;;;;2;;;50;;;;1;2;;;34.166.666.666.666.600;0.02926829268292683;0.02926829268292683;1;0.02926829268292683;0.5;0.022222222222222223;0.047619047619047616;0.030303030303030304;;;1.0;0.02926829268292683;0.022050716648291068;Pivot
0;;;8;;;;;5;5;2;;;;;;;;;;;;20;;;40;;;;1;1;;;3.550.000.000.000.000;0.2253521126760563;0.028169014084507036;3;0.08450704225352111;0.15;0.17777777777777778;0.047619047619047616;0.09090909090909091;;;2.2;0.06197183098591549;0.04851157662624035;Wing
0;;;12;;;;;6;3;0;;;;;;;;;;;;21;;;57;;;;4;1;;;45.0;0.26666666666666666;0.08888888888888889;9;0.2;0.42857142857142855;0.26666666666666666;0.19047619047619047;0.2727272727272727;;;12.1;0.2688888888888889;0.26681367144432194;Wing
0;;;5;;;;;3;2;4;;;;;;;;;;;;14;;;36;;;;3;3;;;39.25;0.12738853503184713;0.07643312101910828;3;0.07643312101910828;0.21428571428571427;0.10869565217391304;0.10344827586206896;0.08823529411764706;;;34.999.999.999.999.900;0.08917197452229299;0.06529850746268656;Wing
0;;;6;;;;;2;5;0;;;;;;;;;;;;13;;;46;;;;1;1;;;3.341.666.666.666.660;0.1795511221945137;0.02992518703241895;1;0.02992518703241895;0.07692307692307693;0.13043478260869565;0.034482758620689655;0.029411764705882353;;;12.999.999.999.999.900;0.038902743142144626;0.024253731343283583;Wing
0;;;5;;;;;2;0;0;;;;;;;;;;;;7;;;71;;;;5;4;;;40.5;0.12345679012345678;0.12345679012345678;5;0.12345679012345678;0.7142857142857143;0.10869565217391304;0.1724137931034483;0.14705882352941177;;;8.6;0.21234567901234566;0.16044776119402987;Pivot
0;;;0;;;;;1;0;0;;;;;;;;;;;;1;;;0;;;;4;2;;;28.166.666.666.666.600;0.0;0.14201183431952663;0;0.0;0.0;0.0;0.13793103448275862;0.0;;;35.999.999.999.999.900;0.12781065088757396;0.06716417910447761;Pivot
0;;;14;;;;;2;3;0;;;;;;;;;;;;19;;;74;;;;2;3;;;30.0;0.4666666666666667;0.06666666666666667;11;0.36666666666666664;0.5789473684210527;0.30434782608695654;0.06896551724137931;0.3235294117647059;;;11.5;0.38333333333333336;0.21455223880597019;Wing
1;;;1;;;;;2;1;0;;;;;;;;;;;;4;;;25;;;;3;1;;;36.333.333.333.333.300;0.027522935779816512;0.08256880733944953;0;0.0;0.0;0.021739130434782608;0.10344827586206896;0.0;;;26.999.999.999.999.900;0.07431192660550458;0.05037313432835821;Pivot
1;;;7;;;;;6;0;4;;;;;;;;;;;;17;;;41;;;;4;1;;;45.0;0.15555555555555556;0.08888888888888889;7;0.15555555555555556;0.4117647058823529;0.15217391304347827;0.13793103448275862;0.20588235294117646;;;9.1;0.20222222222222222;0.1697761194029851;Wing
0;;;2;;;;;0;0;0;;;;;;;;;;;;2;;;100;;;;4;2;;;30.0;0.06666666666666667;0.13333333333333333;2;0.06666666666666667;1.0;0.043478260869565216;0.13793103448275862;0.058823529411764705;;;5.8;0.19333333333333333;0.1082089552238806;Pivot
0;;;6;;;;;3;1;0;;;;;;;;;;;;10;;;60;;;;3;1;;;32.333.333.333.333.300;0.18556701030927833;0.09278350515463916;5;0.15463917525773194;0.5;0.13043478260869565;0.10344827586206896;0.14705882352941177;;;7.5;0.23195876288659792;0.13992537313432837;Wing
0;;;5;;;;;4;1;0;;;;;;;;;;;;10;;;50;;;;1;2;;;27.666.666.666.666.600;0.18072289156626506;0.03614457831325301;4;0.14457831325301204;0.4;0.11627906976744186;0.038461538461538464;0.10810810810810811;;;34.000.000.000.000.000;0.12289156626506025;0.06500956022944551;Wing
0;;;1;;;;;0;0;0;;;;;;;;;;;;1;;;100;;;;5;3;;;45.0;0.022222222222222223;0.1111111111111111;1;0.022222222222222223;1.0;0.023255813953488372;0.19230769230769232;0.02702702702702703;;;5.5;0.12222222222222222;0.10516252390057361;Pivot
0;;;7;;;;;6;0;0;;;;;;;;;;;;13;;;54;;;;4;4;;;24.0;0.2916666666666667;0.16666666666666666;7;0.2916666666666667;0.5384615384615384;0.16279069767441862;0.15384615384615385;0.1891891891891892;;;8.6;0.35833333333333334;0.1644359464627151;Wing
0;;;1;;;;;2;1;0;;;;;;;;;;;;4;;;25;;;;2;1;;;21.0;0.047619047619047616;0.09523809523809523;0;0.0;0.0;0.023255813953488372;0.07692307692307693;0.0;;;1.5;0.07142857142857142;0.028680688336520075;Pivot
1;;;0;;;;;0;0;0;;;;;;;;;;;;0;;;;;;;3;0;;;25.5;0.0;0.11764705882352941;0;0.0;;0.0;0.11538461538461539;0.0;;;35.999.999.999.999.900;0.1411764705882353;0.06883365200764817;Pivot
1;;;0;;;;;0;0;0;;;;;;;;;;;;0;;;;;;;1;0;;;19.5;0.0;0.05128205128205128;0;0.0;;0.0;0.038461538461538464;0.0;;;1.2;0.061538461538461535;0.02294455066921606;Pivot
0;;;10;;;;;9;1;1;;;;;;;;;;;;21;;;48;;;;1;2;;;45.0;0.2222222222222222;0.022222222222222223;9;0.2;0.42857142857142855;0.23255813953488372;0.038461538461538464;0.24324324324324326;;;7.15;0.15888888888888889;0.1367112810707457;Wing
0;;;11;;;;;8;1;1;;;;;;;;;;;;21;;;52;;;;4;5;;;45.0;0.24444444444444444;0.08888888888888889;10;0.2222222222222222;0.47619047619047616;0.2558139534883721;0.15384615384615385;0.2702702702702703;;;10.45;0.23222222222222222;0.19980879541108984;Wing
0;;;0;;;;;1;0;0;;;;;;;;;;;;1;;;0;;;;3;1;;;20.5;0.0;0.14634146341463414;0;0.0;0.0;0.0;0.11538461538461539;0.0;;;28.999.999.999.999.900;0.14146341463414633;0.0554493307839388;Pivot
0;;;7;;;;;2;2;0;;;;;;;;;;;;11;;;64;;;;1;0;;;30.916.666.666.666.600;0.22641509433962265;0.03234501347708895;5;0.16172506738544476;0.45454545454545453;0.16279069767441862;0.038461538461538464;0.13513513513513514;;;5.8;0.1876010781671159;0.11089866156787762;Wing
0;;;1;;;;;0;0;0;;;;;;;;;;;;1;;;100;;;;1;0;;;10.916.666.666.666.600;0.0916030534351145;0.0916030534351145;1;0.0916030534351145;1.0;0.023255813953488372;0.038461538461538464;0.02702702702702703;;;2.2;0.20152671755725193;0.04206500956022945;Wing
0;;;3;;;;;1;2;0;;;;;;;;;;;;6;;;50;;;;0;5;;;30.0;0.1;0.0;1;0.03333333333333333;0.16666666666666666;0.0625;0.0;0.024390243902439025;;;-1.7;-0.056666666666666664;-0.026275115919629062;Wing
0;;;0;;;;;0;1;0;;;;;;;;;;;;1;;;0;;;;6;0;;;20.5;0.0;0.2926829268292683;-1;-0.04878048780487805;-1.0;0.0;0.1875;-0.024390243902439025;;;6.199.999.999.999.990;0.3024390243902439;0.09582689335394128;Pivot
0;;;0;;;;;0;0;0;;;;;;;;;;;;0;;;;;;;4;1;;;30.0;0.0;0.13333333333333333;0;0.0;;0.0;0.125;0.0;;;4.3;0.14333333333333334;0.06646058732612056;Pivot
0;;;14;;;;;7;2;2;;;;;;;;;;;;25;;;56;;;;4;5;;;45.0;0.3111111111111111;0.08888888888888889;12;0.26666666666666666;0.48;0.2916666666666667;0.125;0.2926829268292683;;;12.399.999.999.999.900;0.2755555555555555;0.19165378670788255;Wing
0;;;0;;;;;0;0;0;;;;;;;;;;;;0;;;;;;;7;0;;;35.583.333.333.333.300;0.0;0.19672131147540983;0;0.0;;0.0;0.21875;0.0;;;8.4;0.2360655737704918;0.12982998454404948;Pivot
0;;;1;;;;;1;0;0;;;;;;;;;;;;2;;;50;;;;0;1;;;15.0;0.06666666666666667;0.0;1;0.06666666666666667;0.5;0.020833333333333332;0.0;0.024390243902439025;;;0.30000000000000004;0.020000000000000004;0.004636785162287482;Wing
0;;;1;;;;;0;1;0;;;;;;;;;;;;2;;;50;;;;0;1;;;1.5;0.6666666666666666;0.0;0;0.0;0.0;0.020833333333333332;0.0;0.0;;;-0.5;-0.3333333333333333;-0.007727975270479135;Wing
1;;;0;;;;;0;0;0;;;;;;;;;;;;0;;;;;;;5;1;;;45.0;0.0;0.1111111111111111;0;0.0;;0.0;0.15625;0.0;;;5.5;0.12222222222222222;0.0850077279752705;Pivot
0;;;23;;;;;10;1;2;;;;;;;;;;;;36;;;64;;;;4;1;;;3.450.000.000.000.000;0.6666666666666665;0.11594202898550722;22;0.6376811594202897;0.6111111111111112;0.4791666666666667;0.125;0.5365853658536586;;;23.8;0.689855072463768;0.3678516228748069;Wing
0;;;2;;;;;2;0;0;;;;;;;;;;;;4;;;50;;;;1;0;;;21.416.666.666.666.600;0.0933852140077821;0.04669260700389105;2;0.0933852140077821;0.5;0.041666666666666664;0.03125;0.04878048780487805;;;2.8;0.13073929961089492;0.04327666151468316;Wing
0;;;4;;;;;4;0;0;;;;;;;;;;;;8;;;50;;;;1;2;;;32.583.333.333.333.300;0.1227621483375959;0.030690537084398974;4;0.1227621483375959;0.5;0.08333333333333333;0.03125;0.0975609756097561;;;34.000.000.000.000.000;0.10434782608695653;0.05255023183925813;Wing
0;;;0;;;;;1;0;0;;;;;;;;;;;;1;;;0;;;;0;0;;;3.916.666.666.666.660;0.0;0.0;0;0.0;0.0;0.0;0.0;0.0;;;-0.2;-0.05106382978723404;-0.0030911901081916546;Pivot
0;;;3;;;;;8;4;1;;;;;;;;;;;;16;;;19;;;;5;4;;;45.0;0.06666666666666667;0.1111111111111111;-1;-0.022222222222222223;-0.0625;0.06976744186046512;0.09259259259259259;-0.03125;;;11.500.000.000.000.000;0.025555555555555564;0.015052356020942412;Wing
0;;;2;;;;;1;0;0;;;;;;;;;;;;3;;;67;;;;9;1;;;45.0;0.044444444444444446;0.2;2;0.044444444444444446;0.6666666666666666;0.046511627906976744;0.16666666666666666;0.0625;;;12.1;0.2688888888888889;0.15837696335078533;Pivot
0;;;8;;;;;6;3;0;;;;;;;;;;;;17;;;47;;;;6;3;;;27.499.999.999.999.900;0.29090909090909095;0.2181818181818182;5;0.18181818181818185;0.29411764705882354;0.18604651162790697;0.1111111111111111;0.15625;;;9.5;0.3454545454545455;0.12434554973821989;Wing
0;;;1;;;;;3;0;0;;;;;;;;;;;;4;;;25;;;;4;2;;;17.499.999.999.999.900;0.057142857142857155;0.22857142857142862;1;0.057142857142857155;0.25;0.023255813953488372;0.07407407407407407;0.03125;;;4.199.999.999.999.990;0.24000000000000002;0.054973821989528784;Pivot
1;;;0;;;;;0;0;0;;;;;;;;;;;;0;;;;;;;5;1;;;40.833.333.333.333.300;0.0;0.12244897959183673;0;0.0;;0.0;0.09259259259259259;0.0;;;5.5;0.1346938775510204;0.07198952879581151;Pivot
1;;;0;;;;;0;0;0;;;;;;;;;;;;0;;;;;;;0;1;;;4.166.666.666.666.660;0.0;0.0;0;0.0;;0.0;0.0;0.0;;;-0.5;-0.12;-0.006544502617801046;Pivot
0;;;16;;;;;8;2;1;;;;;;;;;;;;27;;;59;;;;7;2;;;45.0;0.35555555555555557;0.15555555555555556;14;0.3111111111111111;0.5185185185185185;0.37209302325581395;0.12962962962962962;0.4375;;;19.55;0.43444444444444447;0.2558900523560209;Wing
0;;;11;;;;;6;2;2;;;;;;;;;;;;21;;;52;;;;7;8;;;45.0;0.24444444444444444;0.15555555555555556;9;0.2;0.42857142857142855;0.2558139534883721;0.12962962962962962;0.28125;;;11.7;0.26;0.15314136125654448;Wing
0;;;2;;;;;0;0;0;;;;;;;;;;;;2;;;100;;;;11;4;;;45.0;0.044444444444444446;0.24444444444444444;2;0.044444444444444446;1.0;0.046511627906976744;0.2037037037037037;0.0625;;;13.2;0.29333333333333333;0.17277486910994763;Pivot
0;;;4;;;;;5;0;1;;;;;;;;;;;;10;;;40;;;;0;4;;;30;0.13333333333333333;0.0;4;0.13333333333333333;0.4;0.11764705882352941;0.0;0.14814814814814814;;;0.75;0.025;0.016447368421052627;Wing
0;;;2;;;;;8;0;0;;;;;;;;;;;;10;;;20;;;;4;2;;;45;0.044444444444444446;0.08888888888888889;2;0.044444444444444446;0.2;0.058823529411764705;0.125;0.07407407407407407;;;4.199.999.999.999.990;0.09333333333333332;0.0921052631578947;Pivot
0;;;0;;;;;3;2;0;;;;;;;;;;;;5;;;0;;;;6;0;;;45;0.0;0.13333333333333333;-2;-0.044444444444444446;-0.4;0.0;0.1875;-0.07407407407407407;;;4.6;0.10222222222222221;0.10087719298245611;Pivot
0;;;2;;;;;7;1;0;;;;;;;;;;;;10;;;20;;;;8;1;;;30;0.06666666666666667;0.26666666666666666;1;0.03333333333333333;0.1;0.058823529411764705;0.25;0.037037037037037035;;;8.7;0.29;0.19078947368421048;Wing
0;;;9;;;;;7;2;0;;;;;;;;;;;;18;;;50;;;;4;0;;;45;0.2;0.08888888888888889;7;0.15555555555555556;0.3888888888888889;0.2647058823529412;0.125;0.25925925925925924;;;10.399.999.999.999.900;0.23111111111111107;0.22807017543859642;Wing
0;;;14;;;;;18;2;1;;;;;;;;;;;;35;;;40;;;;6;4;;;45;0.3111111111111111;0.13333333333333333;12;0.26666666666666666;0.34285714285714286;0.4117647058823529;0.1875;0.4444444444444444;;;13.35;0.29666666666666663;0.2927631578947368;Wing
0;;;2;;;;;4;0;0;;;;;;;;;;;;6;;;33;;;;0;1;;;15;0.13333333333333333;0.0;2;0.13333333333333333;0.3333333333333333;0.058823529411764705;0.0;0.07407407407407407;;;0.7;0.04666666666666666;0.015350877192982452;Wing
1;;;1;;;;;2;0;0;;;;;;;;;;;;3;;;33;;;;3;3;;;45;0.022222222222222223;0.06666666666666667;1;0.022222222222222223;0.3333333333333333;0.029411764705882353;0.09375;0.037037037037037035;;;26.999.999.999.999.900;0.05999999999999999;0.059210526315789457;Pivot
0;;;0;;;;;0;0;0;;;;;;;;;;;;0;;;;;;;1;2;;;15;0.0;0.06666666666666667;0;0.0;;0.0;0.03125;0.0;;;0.19999999999999996;0.01333333333333333;0.0043859649122807;Wing
1;;;0;;;;;1;0;0;;;;;;;;;;;;1;;;0;;;;3;0;;;3.625.000.000.000.000;0.0;0.08275862068965516;0;0.0;0.0;0.0;0.2;0.0;;;33.999.999.999.999.900;0.09379310344827584;0.1521252796420582;Pivot
0;;;6;;;;;7;1;1;;;;;;;;;;;;15;;;40;;;;2;3;;;35.666.666.666.666.600;0.16822429906542058;0.05607476635514019;5;0.14018691588785048;0.3333333333333333;0.21428571428571427;0.13333333333333333;0.21739130434782608;;;4.25;0.11915887850467291;0.19015659955257275;Pivot
1;;;0;;;;;0;0;0;;;;;;;;;;;;0;;;;;;;0;1;;;30.0;0.0;0.0;0;0.0;;0.0;0.0;0.0;;;-0.5;-0.016666666666666666;-0.022371364653243853;Pivot
0;;;3;;;;;6;0;3;;;;;;;;;;;;12;;;25;;;;3;2;;;26.499.999.999.999.900;0.11320754716981134;0.11320754716981134;3;0.11320754716981134;0.25;0.10714285714285714;0.2;0.13043478260869565;;;36.499.999.999.999.900;0.13773584905660377;0.1633109619686801;Wing
0;;;0;;;;;5;0;2;;;;;;;;;;;;7;;;0;;;;1;2;;;21.249.999.999.999.900;0.0;0.04705882352941177;0;0.0;0.0;0.0;0.06666666666666667;0.0;;;-1.3;-0.061176470588235304;-0.05816554809843402;Wing
0;;;9;;;;;8;1;3;;;;;;;;;;;;21;;;43;;;;2;3;;;33.583.333.333.333.300;0.2679900744416873;0.059553349875930514;8;0.23821339950372206;0.38095238095238093;0.32142857142857145;0.13333333333333333;0.34782608695652173;;;6.550.000.000.000.000;0.19503722084367248;0.2930648769574945;Wing
0;;;7;;;;;6;0;0;;;;;;;;;;;;13;;;54;;;;1;3;;;30.0;0.23333333333333334;0.03333333333333333;7;0.23333333333333334;0.5384615384615384;0.25;0.06666666666666667;0.30434782608695654;;;5.5;0.18333333333333332;0.24608501118568238;Wing
0;;;2;;;;;3;1;0;;;;;;;;;;;;6;;;33;;;;0;1;;;34.75;0.05755395683453238;0.0;1;0.02877697841726619;0.16666666666666666;0.07142857142857142;0.0;0.043478260869565216;;;-0.10000000000000009;-0.0028776978417266214;-0.004474272930648775;Pivot
0;;;1;;;;;1;2;2;;;;;;;;;;;;6;;;17;;;;3;2;;;45.0;0.022222222222222223;0.06666666666666667;-1;-0.022222222222222223;-0.16666666666666666;0.03571428571428571;0.2;-0.043478260869565216;;;0.8999999999999995;0.019999999999999987;0.04026845637583891;Wing
0;;;8;;;;;1;0;1;;;;;;;;;;;;10;;;80;;;;1;2;;;23.499.999.999.999.900;0.34042553191489366;0.04255319148936171;8;0.34042553191489366;0.8;0.12121212121212122;0.02702702702702703;0.14035087719298245;;;7.75;0.3297872340425532;0.0829764453961456;Pivot
0;;;10;;;;;2;2;0;;;;;;;;;;;;14;;;71;;;;5;1;;;45.0;0.2222222222222222;0.1111111111111111;8;0.17777777777777778;0.5714285714285714;0.15151515151515152;0.13513513513513514;0.14035087719298245;;;13.1;0.2911111111111111;0.14025695931477514;Wing
0;;;0;;;;;1;0;0;;;;;;;;;;;;1;;;0;;;;4;0;;;28.249.999.999.999.900;0.0;0.14159292035398233;0;0.0;0.0;0.0;0.10810810810810811;0.0;;;4.6;0.16283185840707967;0.04925053533190577;Pivot
1;;;0;;;;;0;0;0;;;;;;;;;;;;0;;;;;;;3;0;;;25.25;0.0;0.1188118811881188;0;0.0;;0.0;0.08108108108108109;0.0;;;35.999.999.999.999.900;0.14257425742574256;0.03854389721627408;Pivot
1;;;0;;;;;0;0;0;;;;;;;;;;;;0;;;;;;;3;0;;;19.75;0.0;0.1518987341772152;0;0.0;;0.0;0.08108108108108109;0.0;;;35.999.999.999.999.900;0.1822784810126582;0.03854389721627408;Pivot
0;;;6;;;;;1;2;0;;;;;;;;;;;;9;;;67;;;;0;2;;;15.0;0.4;0.0;4;0.26666666666666666;0.4444444444444444;0.09090909090909091;0.0;0.07017543859649122;;;2.8;0.18666666666666665;0.029978586723768734;Wing
0;;;10;;;;;1;3;0;;;;;;;;;;;;14;;;71;;;;4;3;;;28.249.999.999.999.900;0.35398230088495586;0.14159292035398233;7;0.24778761061946908;0.5;0.15151515151515152;0.10810810810810811;0.12280701754385964;;;10.1;0.3575221238938054;0.10813704496788007;Wing
0;;;2;;;;;0;0;0;;;;;;;;;;;;2;;;100;;;;7;0;;;21.499.999.999.999.900;0.0930232558139535;0.3255813953488373;2;0.0930232558139535;1.0;0.030303030303030304;0.1891891891891892;0.03508771929824561;;;10.4;0.48372093023255824;0.11134903640256959;Pivot
0;;;7;;;;;2;1;1;;;;;;;;;;;;11;;;64;;;;1;0;;;30.0;0.23333333333333334;0.03333333333333333;6;0.2;0.5454545454545454;0.10606060606060606;0.02702702702702703;0.10526315789473684;;;6.55;0.21833333333333332;0.07012847965738757;Wing
0;;;9;;;;;1;0;0;;;;;;;;;;;;10;;;90;;;;0;1;;;21.499.999.999.999.900;0.4186046511627908;0.0;9;0.4186046511627908;0.9;0.13636363636363635;0.0;0.15789473684210525;;;8.3;0.3860465116279071;0.08886509635974305;Wing
0;;;4;;;;;3;0;0;;;;;;;;;;;;7;;;57;;;;3;0;;;23.499.999.999.999.900;0.17021276595744683;0.12765957446808512;4;0.17021276595744683;0.5714285714285714;0.06060606060606061;0.08108108108108109;0.07017543859649122;;;7.0;0.29787234042553196;0.07494646680942184;Wing
0;;;0;;;;;0;0;0;;;;;;;;;;;;0;;;;;;;2;0;;;16.749.999.999.999.900;0.0;0.11940298507462689;0;0.0;;0.0;0.05405405405405406;0.0;;;2.4;0.14328358208955227;0.025695931477516056;Pivot
0;;;10;;;;;3;1;0;;;;;;;;;;;;14;;;71;;;;4;0;;;16.749.999.999.999.900;0.5970149253731345;0.23880597014925378;9;0.537313432835821;0.6428571428571429;0.15151515151515152;0.10810810810810811;0.15789473684210525;;;13.2;0.7880597014925375;0.14132762312633831;Wing
0;;;4;;;;;4;0;0;;;;;;;;;;;;8;;;50;;;;4;1;;;3.249.999.999.999.990;0.1230769230769231;0.1230769230769231;4;0.1230769230769231;0.5;0.07547169811320754;0.125;0.0851063829787234;;;7.5;0.2307692307692308;0.09986684420772304;Pivot
0;;;10;;;;;2;1;0;;;;;;;;;;;;13;;;77;;;;2;0;;;36.5;0.273972602739726;0.0547945205479452;9;0.2465753424657534;0.6923076923076923;0.18867924528301888;0.0625;0.19148936170212766;;;11.0;0.3013698630136986;0.14647137150466047;Wing
0;;;7;;;;;8;0;0;;;;;;;;;;;;15;;;47;;;;8;1;;;45.0;0.15555555555555556;0.17777777777777778;7;0.15555555555555556;0.4666666666666667;0.1320754716981132;0.25;0.14893617021276595;;;14.5;0.32222222222222224;0.1930758988015979;Wing
0;;;5;;;;;1;1;0;;;;;;;;;;;;7;;;71;;;;1;4;;;24.750.000.000.000.000;0.202020202020202;0.0404040404040404;4;0.1616161616161616;0.5714285714285714;0.09433962264150944;0.03125;0.0851063829787234;;;3.0;0.1212121212121212;0.03994673768308922;Wing
1;;;0;;;;;0;0;0;;;;;;;;;;;;0;;;;;;;1;0;;;15.0;0.0;0.06666666666666667;0;0.0;;0.0;0.03125;0.0;;;1.2;0.08;0.015978695073235686;Pivot
0;;;8;;;;;6;3;1;;;;;;;;;;;;18;;;44;;;;9;0;;;45.0;0.17777777777777778;0.2;5;0.1111111111111111;0.2777777777777778;0.1509433962264151;0.28125;0.10638297872340426;;;14.349.999.999.999.900;0.31888888888888883;0.1910785619174434;Wing
0;;;18;;;;;6;1;1;;;;;;;;;;;;26;;;69;;;;3;2;;;4.249.999.999.999.990;0.42352941176470593;0.07058823529411766;17;0.4000000000000001;0.6538461538461539;0.33962264150943394;0.09375;0.3617021276595745;;;18.15;0.4270588235294118;0.24167776298268975;Wing
0;;;1;;;;;2;0;0;;;;;;;;;;;;3;;;33;;;;4;0;;;23.499.999.999.999.900;0.04255319148936171;0.17021276595744683;1;0.04255319148936171;0.3333333333333333;0.018867924528301886;0.125;0.02127659574468085;;;53.999.999.999.999.900;0.2297872340425532;0.07190412782956059;Pivot
0;;;10;;;;;3;6;2;;;;;;;;;;;;21;;;48;;;;1;1;;;4.299.999.999.999.990;0.23255813953488377;0.023255813953488375;4;0.0930232558139535;0.19047619047619047;0.21739130434782608;0.034482758620689655;0.10810810810810811;;;35.999.999.999.999.900;0.08372093023255814;0.06035205364626991;Wing
0;;;10;;;;;3;0;0;;;;;;;;;;;;13;;;77;;;;1;0;;;21.0;0.47619047619047616;0.047619047619047616;10;0.47619047619047616;0.7692307692307693;0.21739130434782608;0.034482758620689655;0.2702702702702703;;;10.6;0.5047619047619047;0.17770326906957254;Wing
0;;;2;;;;;1;0;0;;;;;;;;;;;;3;;;67;;;;6;2;;;45.0;0.044444444444444446;0.13333333333333333;2;0.044444444444444446;0.6666666666666666;0.043478260869565216;0.20689655172413793;0.05405405405405406;;;7.999.999.999.999.990;0.17777777777777776;0.13411567476948869;Pivot
0;;;0;;;;;1;0;0;;;;;;;;;;;;1;;;0;;;;4;2;;;45.0;0.0;0.08888888888888889;0;0.0;0.0;0.0;0.13793103448275862;0.0;;;35.999.999.999.999.900;0.07999999999999999;0.06035205364626991;Pivot
0;;;17;;;;;9;1;1;;;;;;;;;;;;28;;;61;;;;3;1;;;45.0;0.37777777777777777;0.06666666666666667;16;0.35555555555555557;0.5714285714285714;0.3695652173913043;0.10344827586206896;0.43243243243243246;;;17.049.999.999.999.900;0.37888888888888883;0.28583403185247275;Wing
1;;;0;;;;;3;0;0;;;;;;;;;;;;3;;;0;;;;0;0;;;21.666.666.666.666.600;0.0;0.0;0;0.0;0.0;0.0;0.0;0.0;;;-0.6000000000000001;-0.027692307692307697;-0.010058675607711655;Pivot
1;;;6;;;;;8;1;2;;;;;;;;;;;;17;;;35;;;;8;1;;;45.0;0.13333333333333333;0.17777777777777778;5;0.1111111111111111;0.29411764705882354;0.13043478260869565;0.27586206896551724;0.13513513513513514;;;12.0;0.26666666666666666;0.20117351215423304;Wing
0;;;1;;;;;1;0;0;;;;;;;;;;;;2;;;50;;;;1;0;;;24.0;0.041666666666666664;0.041666666666666664;1;0.041666666666666664;0.5;0.021739130434782608;0.034482758620689655;0.02702702702702703;;;2.0;0.08333333333333333;0.03352891869237218;Pivot
0;;;0;;;;;3;1;0;;;;;;;;;;;;4;;;0;;;;5;2;;;2.533.333.333.333.330;0.0;0.1973684210526316;-1;-0.03947368421052632;-0.25;0.0;0.1724137931034483;-0.02702702702702703;;;3.4;0.1342105263157895;0.056999161777032695;Wing
1;;;0;;;;;0;0;0;;;;;;;;;;;;0;;;;;;;2;0;;;45.0;0.0;0.044444444444444446;0;0.0;;0.0;0.06896551724137931;0.0;;;2.4;0.05333333333333333;0.03980099502487562;Pivot
1;;;0;;;;;0;0;0;;;;;;;;;;;;0;;;;;;;0;0;;;0.0;;;0;;;0.0;0.0;0.0;;;0.0;;0.0;Pivot
0;;;0;;;;;0;0;0;;;;;;;;;;;;0;;;;;;;6;1;;;45.0;0.0;0.13333333333333333;0;0.0;;0.0;0.20689655172413793;0.0;;;6.699.999.999.999.990;0.14888888888888888;0.1111111111111111;Pivot
1;;;1;;;;;3;0;0;;;;;;;;;;;;4;;;25;;;;4;0;;;3.450.000.000.000.000;0.028985507246376805;0.11594202898550722;1;0.028985507246376805;0.25;0.022727272727272728;0.13793103448275862;0.02631578947368421;;;5.199.999.999.999.990;0.15072463768115937;0.08623548922056384;Wing
0;;;0;;;;;0;2;0;;;;;;;;;;;;2;;;0;;;;0;0;;;10.5;0.0;0.0;-2;-0.19047619047619047;-1.0;0.0;0.0;-0.05263157894736842;;;-2.0;-0.19047619047619047;-0.03316749585406302;Wing
0;;;11;;;;;6;2;3;;;;;;;;;;;;22;;;50;;;;6;0;;;45.0;0.24444444444444444;0.13333333333333333;9;0.2;0.4090909090909091;0.25;0.20689655172413793;0.23684210526315788;;;14.25;0.31666666666666665;0.236318407960199;Wing
0;;;8;;;;;14;0;0;;;;;;;;;;;;22;;;36;;;;2;3;;;45.0;0.17777777777777778;0.044444444444444446;8;0.17777777777777778;0.36363636363636365;0.18181818181818182;0.06896551724137931;0.21052631578947367;;;6.1;0.13555555555555554;0.1011608623548922;Wing
0;;;19;;;;;14;0;0;;;;;;;;;;;;33;;;58;;;;3;3;;;45.0;0.4222222222222222;0.06666666666666667;19;0.4222222222222222;0.5757575757575758;0.4318181818181818;0.10344827586206896;0.5;;;18.299.999.999.999.900;0.4066666666666666;0.30348258706467657;Wing
0;;;5;;;;;3;2;1;;;;;;;;;;;;11;;;45;;;;6;0;;;45.0;0.1111111111111111;0.13333333333333333;3;0.06666666666666667;0.2727272727272727;0.11363636363636363;0.20689655172413793;0.07894736842105263;;;9.35;0.20777777777777778;0.1550580431177446;Pivot
0;;;3;;;;;3;1;1;;;;;;;;;;;;8;;;38;;;;3;0;;;11.750.000.000.000.000;0.25531914893617014;0.25531914893617014;2;0.17021276595744675;0.25;0.061224489795918366;0.075;0.047619047619047616;;;4.75;0.40425531914893603;0.06192959582790091;Pivot
0;;;18;;;;;7;1;1;;;;;;;;;;;;27;;;67;;;;3;2;;;37.75;0.4768211920529801;0.07947019867549669;17;0.4503311258278146;0.6296296296296297;0.3673469387755102;0.075;0.40476190476190477;;;17.95;0.47549668874172185;0.23402868318122555;Wing
1;;;0;;;;;1;0;0;;;;;;;;;;;;1;;;0;;;;5;1;;;45.0;0.0;0.1111111111111111;0;0.0;0.0;0.0;0.125;0.0;;;5.3;0.11777777777777777;0.06910039113428944;Pivot
0;;;4;;;;;4;0;0;;;;;;;;;;;;8;;;50;;;;1;3;;;3.324.999.999.999.990;0.12030075187969927;0.030075187969924817;4;0.12030075187969927;0.5;0.08163265306122448;0.025;0.09523809523809523;;;29.000.000.000.000.000;0.08721804511278199;0.03780964797913951;Wing
0;;;2;;;;;2;0;0;;;;;;;;;;;;4;;;50;;;;2;1;;;10.166.666.666.666.600;0.19672131147540986;0.19672131147540986;2;0.19672131147540986;0.5;0.04081632653061224;0.05;0.047619047619047616;;;3.5;0.3442622950819672;0.04563233376792699;Wing
0;;;1;;;;;0;0;0;;;;;;;;;;;;1;;;100;;;;9;1;;;45.0;0.022222222222222223;0.2;1;0.022222222222222223;1.0;0.02040816326530612;0.225;0.023809523809523808;;;11.299.999.999.999.900;0.25111111111111106;0.14732724902216426;Pivot
0;;;0;;;;;2;2;0;;;;;;;;;;;;4;;;0;;;;0;1;;;7.250.000.000.000.000;0.0;0.0;-2;-0.2758620689655172;-0.5;0.0;0.0;-0.047619047619047616;;;-2.9;-0.3999999999999999;-0.0378096479791395;Wing
0;;;7;;;;;6;0;0;;;;;;;;;;;;13;;;54;;;;3;0;;;27.083.333.333.333.300;0.25846153846153846;0.11076923076923077;7;0.25846153846153846;0.5384615384615384;0.14285714285714285;0.075;0.16666666666666666;;;9.399.999.999.999.990;0.34707692307692306;0.12255541069100388;Wing
0;;;0;;;;;2;0;0;;;;;;;;;;;;2;;;0;;;;0;2;;;11.750.000.000.000.000;0.0;0.0;0;0.0;0.0;0.0;0.0;0.0;;;-1.4;-0.11914893617021272;-0.018252933507170794;Wing
0;;;0;;;;;0;0;0;;;;;;;;;;;;0;;;;;;;6;1;;;45.0;0.0;0.13333333333333333;0;0.0;;0.0;0.15;0.0;;;6.699.999.999.999.990;0.14888888888888888;0.08735332464146023;Pivot
0;;;14;;;;;2;3;0;;;;;;;;;;;;19;;;74;;;;8;2;;;41.0;0.34146341463414637;0.1951219512195122;11;0.2682926829268293;0.5789473684210527;0.2857142857142857;0.2;0.2619047619047619;;;19.2;0.46829268292682924;0.25032594524119944;Wing
1;;;0;;;;;1;0;0;;;;;;;;;;;;1;;;0;;;;8;0;;;45.0;0.0;0.17777777777777778;0;0.0;0.0;0.0;0.20512820512820512;0.0;;;9.4;0.2088888888888889;0.10479375696767002;Pivot
1;;;0;;;;;0;0;0;;;;;;;;;;;;0;;;;;;;4;1;;;45.0;0.0;0.08888888888888889;0;0.0;;0.0;0.10256410256410256;0.0;;;4.3;0.09555555555555555;0.047937569676700105;Pivot
0;;;0;;;;;0;0;0;;;;;;;;;;;;0;;;;;;;11;0;;;45.0;0.0;0.24444444444444444;0;0.0;;0.0;0.28205128205128205;0.0;;;13.2;0.29333333333333333;0.1471571906354515;Pivot
1;;;5;;;;;1;1;0;;;;;;;;;;;;7;;;71;;;;3;2;;;23.499.999.999.999.900;0.21276595744680854;0.12765957446808512;4;0.17021276595744683;0.5714285714285714;0.08333333333333333;0.07692307692307693;0.07407407407407407;;;63.999.999.999.999.900;0.2723404255319149;0.0713489409141583;Wing
0;;;5;;;;;4;1;2;;;;;;;;;;;;12;;;42;;;;0;2;;;27.333.333.333.333.300;0.18292682926829268;0.0;4;0.14634146341463417;0.3333333333333333;0.08333333333333333;0.0;0.07407407407407407;;;17.000.000.000.000.000;0.06219512195121952;0.0189520624303233;Wing
0;;;13;;;;;5;0;1;;;;;;;;;;;;19;;;68;;;;4;4;;;39.166.666.666.666.600;0.3319148936170213;0.1021276595744681;13;0.3319148936170213;0.6842105263157895;0.21666666666666667;0.10256410256410256;0.24074074074074073;;;14.55;0.3714893617021277;0.16220735785953178;Wing
0;;;15;;;;;1;2;1;;;;;;;;;;;;19;;;79;;;;6;3;;;30.0;0.5;0.2;13;0.43333333333333335;0.6842105263157895;0.25;0.15384615384615385;0.24074074074074073;;;18.25;0.6083333333333333;0.20345596432552954;Wing
0;;;3;;;;;0;2;0;;;;;;;;;;;;5;;;60;;;;1;2;;;2.333.333.333.333.330;0.1285714285714286;0.042857142857142864;1;0.042857142857142864;0.2;0.05;0.02564102564102564;0.018518518518518517;;;1.2;0.051428571428571435;0.013377926421404682;Pivot
0;;;19;;;;;1;0;0;;;;;;;;;;;;20;;;95;;;;2;1;;;36.666.666.666.666.600;0.5181818181818182;0.05454545454545455;19;0.5181818181818182;0.95;0.31666666666666665;0.05128205128205128;0.35185185185185186;;;20.7;0.5645454545454546;0.23076923076923075;Wing
0;;;9;;;;;7;3;0;;;;;;;;;;;;19;;;47;;;;2;3;;;45.0;0.2;0.044444444444444446;6;0.13333333333333333;0.3157894736842105;0.24324324324324326;0.15384615384615385;0.20689655172413793;;;5.5;0.12222222222222222;0.1877133105802048;Wing
0;;;3;;;;;4;0;1;;;;;;;;;;;;8;;;38;;;;2;3;;;4.266.666.666.666.660;0.07031249999999999;0.04687499999999999;3;0.07031249999999999;0.375;0.08108108108108109;0.15384615384615385;0.10344827586206896;;;28.499.999.999.999.900;0.06679687499999998;0.09726962457337884;Pivot
0;;;4;;;;;4;0;0;;;;;;;;;;;;8;;;50;;;;3;1;;;45.0;0.08888888888888889;0.06666666666666667;4;0.08888888888888889;0.5;0.10810810810810811;0.23076923076923078;0.13793103448275862;;;6.3;0.13999999999999999;0.2150170648464164;Pivot
0;;;6;;;;;4;2;0;;;;;;;;;;;;12;;;50;;;;1;2;;;23.0;0.2608695652173913;0.043478260869565216;4;0.17391304347826086;0.3333333333333333;0.16216216216216217;0.07692307692307693;0.13793103448275862;;;34.000.000.000.000.000;0.14782608695652175;0.11604095563139934;Wing
1;;;1;;;;;6;2;0;;;;;;;;;;;;9;;;11;;;;2;0;;;45.0;0.022222222222222223;0.044444444444444446;-1;-0.022222222222222223;-0.1111111111111111;0.02702702702702703;0.15384615384615385;-0.034482758620689655;;;0.19999999999999973;0.004444444444444438;0.006825938566552892;Pivot
1;;;8;;;;;5;0;1;;;;;;;;;;;;14;;;57;;;;0;3;;;40.5;0.19753086419753085;0.0;8;0.19753086419753085;0.5714285714285714;0.21621621621621623;0.0;0.27586206896551724;;;5.25;0.12962962962962962;0.17918088737201368;Wing
0;;;3;;;;;1;0;0;;;;;;;;;;;;4;;;75;;;;2;0;;;45.0;0.06666666666666667;0.044444444444444446;3;0.06666666666666667;0.75;0.08108108108108109;0.15384615384615385;0.10344827586206896;;;5.199.999.999.999.990;0.11555555555555554;0.17747440273037543;Pivot
0;;;3;;;;;8;1;0;;;;;;;;;;;;12;;;25;;;;1;2;;;2.883.333.333.333.330;0.10404624277456649;0.034682080924855495;2;0.06936416184971099;0.16666666666666666;0.08108108108108109;0.07692307692307693;0.06896551724137931;;;0.5999999999999999;0.020809248554913295;0.0204778156996587;Wing
0;;;8;;;;;1;0;0;;;;;;;;;;;;9;;;89;;;;2;1;;;34.0;0.23529411764705882;0.058823529411764705;8;0.23529411764705882;0.8888888888888888;0.10666666666666667;0.05;0.1111111111111111;;;9.7;0.2852941176470588;0.08854404381560929;Wing
0;;;9;;;;;0;0;0;;;;;;;;;;;;9;;;100;;;;3;1;;;24.833.333.333.333.300;0.36241610738255037;0.12080536912751678;9;0.36241610738255037;1.0;0.12;0.075;0.125;;;12.1;0.487248322147651;0.11045184847101779;Wing
1;;;5;;;;;4;0;0;;;;;;;;;;;;9;;;56;;;;9;1;;;45.0;0.1111111111111111;0.2;5;0.1111111111111111;0.5555555555555556;0.06666666666666667;0.225;0.06944444444444445;;;14.5;0.32222222222222224;0.13235965312642628;Pivot
0;;;6;;;;;0;1;0;;;;;;;;;;;;7;;;86;;;;7;0;;;4.049.999.999.999.990;0.14814814814814817;0.17283950617283952;5;0.12345679012345681;0.7142857142857143;0.08;0.175;0.06944444444444445;;;13.4;0.33086419753086427;0.1223185759926974;Pivot
0;;;8;;;;;2;1;0;;;;;;;;;;;;11;;;73;;;;3;3;;;31.166.666.666.666.600;0.25668449197860965;0.09625668449197862;7;0.22459893048128343;0.6363636363636364;0.10666666666666667;0.075;0.09722222222222222;;;8.7;0.27914438502673794;0.07941579187585576;Wing
0;;;3;;;;;0;0;0;;;;;;;;;;;;3;;;100;;;;2;1;;;31.749.999.999.999.900;0.09448818897637798;0.06299212598425198;3;0.09448818897637798;1.0;0.04;0.05;0.041666666666666664;;;4.9;0.15433070866141738;0.04472843450479233;Pivot
0;;;22;;;;;2;0;1;;;;;;;;;;;;25;;;88;;;;3;4;;;45.0;0.4888888888888889;0.06666666666666667;22;0.4888888888888889;0.88;0.29333333333333333;0.075;0.3055555555555556;;;22.950.000.000.000.000;0.51;0.2094933820173437;Wing
0;;;13;;;;;6;1;0;;;;;;;;;;;;20;;;65;;;;8;3;;;3.600.000.000.000.000;0.36111111111111105;0.22222222222222218;12;0.33333333333333326;0.6;0.17333333333333334;0.2;0.16666666666666666;;;18.9;0.5249999999999999;0.17252396166134182;Wing
1;;;1;;;;;1;0;0;;;;;;;;;;;;2;;;50;;;;3;0;;;26.75;0.037383177570093455;0.11214953271028037;1;0.037383177570093455;0.5;0.013333333333333334;0.075;0.013888888888888888;;;43.999.999.999.999.900;0.1644859813084112;0.04016430853491555;Pivot
1;;;0;;;;;2;0;0;;;;;;;;;;;;2;;;0;;;;3;2;;;45.0;0.0;0.06666666666666667;0;0.0;0.0;0.0;0.1875;0.0;;;21.999.999.999.999.900;0.048888888888888885;0.07801418439716312;Pivot
0;;;10;;;;;9;3;0;;;;;;;;;;;;22;;;45;;;;4;3;;;45.0;0.2222222222222222;0.08888888888888889;7;0.15555555555555556;0.3181818181818182;0.2857142857142857;0.25;0.2413793103448276;;;8.5;0.18888888888888888;0.3014184397163121;Wing
0;;;9;;;;;11;1;1;;;;;;;;;;;;22;;;41;;;;4;6;;;38.166.666.666.666.600;0.23580786026200876;0.10480349344978167;8;0.20960698689956334;0.36363636363636365;0.2571428571428571;0.25;0.27586206896551724;;;7.35;0.1925764192139738;0.26063829787234044;Wing
0;;;4;;;;;8;0;1;;;;;;;;;;;;13;;;31;;;;1;2;;;45.0;0.08888888888888889;0.022222222222222223;4;0.08888888888888889;0.3076923076923077;0.11428571428571428;0.0625;0.13793103448275862;;;23.499.999.999.999.900;0.05222222222222221;0.08333333333333333;Wing
1;;;0;;;;;0;0;0;;;;;;;;;;;;0;;;;;;;0;1;;;35.0;0.0;0.0;0;0.0;;0.0;0.0;0.0;;;-0.5;-0.014285714285714285;-0.01773049645390071;Pivot
0;;;2;;;;;4;0;0;;;;;;;;;;;;6;;;33;;;;1;5;;;30.0;0.06666666666666667;0.03333333333333333;2;0.06666666666666667;0.3333333333333333;0.05714285714285714;0.0625;0.06896551724137931;;;-0.10000000000000009;-0.003333333333333336;-0.0035460992907801457;Pivot
0;;;10;;;;;6;2;0;;;;;;;;;;;;18;;;56;;;;3;4;;;45.0;0.2222222222222222;0.06666666666666667;8;0.17777777777777778;0.4444444444444444;0.2857142857142857;0.1875;0.27586206896551724;;;8.399.999.999.999.990;0.18666666666666665;0.2978723404255319;Wing
0;;;17;;;;;1;0;1;;;;;;;;;;;;19;;;89;;;;4;4;;;37.0;0.4594594594594595;0.10810810810810811;17;0.4594594594594595;0.8947368421052632;0.2361111111111111;0.08;0.2463768115942029;;;19.35;0.522972972972973;0.16281026503996635;Wing
0;;;11;;;;;1;0;0;;;;;;;;;;;;12;;;92;;;;2;4;;;3.716.666.666.666.660;0.2959641255605381;0.05381165919282511;11;0.2959641255605381;0.9166666666666666;0.1527777777777778;0.04;0.15942028985507245;;;11.200.000.000.000.000;0.30134529147982064;0.09423643247791334;Wing
1;;;2;;;;;1;0;0;;;;;;;;;;;;3;;;67;;;;11;1;;;45.0;0.044444444444444446;0.24444444444444444;2;0.044444444444444446;0.6666666666666666;0.027777777777777776;0.22;0.028985507246376812;;;14.5;0.32222222222222224;0.12200252419015566;Pivot
0;;;5;;;;;2;1;0;;;;;;;;;;;;8;;;63;;;;16;1;;;45.0;0.1111111111111111;0.35555555555555557;4;0.08888888888888889;0.5;0.06944444444444445;0.32;0.057971014492753624;;;22.3;0.4955555555555556;0.18763146823727386;Pivot
0;;;4;;;;;2;0;0;;;;;;;;;;;;6;;;67;;;;1;0;;;3.133.333.333.333.330;0.12765957446808512;0.03191489361702128;4;0.12765957446808512;0.6666666666666666;0.05555555555555555;0.02;0.057971014492753624;;;4.8;0.15319148936170215;0.040387042490534285;Wing
0;;;0;;;;;0;0;0;;;;;;;;;;;;0;;;;;;;6;0;;;29.5;0.0;0.2033898305084746;0;0.0;;0.0;0.12;0.0;;;7.199.999.999.999.990;0.24406779661016947;0.06058056373580142;Pivot
0;;;17;;;;;2;0;3;;;;;;;;;;;;22;;;77;;;;1;1;;;45.0;0.37777777777777777;0.022222222222222223;17;0.37777777777777777;0.7727272727272727;0.2361111111111111;0.02;0.2463768115942029;;;16.55;0.3677777777777778;0.139251156920488;Wing
0;;;16;;;;;3;2;1;;;;;;;;;;;;22;;;73;;;;9;2;;;45.0;0.35555555555555557;0.2;14;0.3111111111111111;0.6363636363636364;0.2222222222222222;0.18;0.2028985507246377;;;22.95;0.51;0.19310054690786704;Wing
0;;;8;;;;;15;1;0;;;;;;;;;;;;24;;;33;;;;1;0;;;45;0.17777777777777778;0.022222222222222223;7;0.15555555555555556;0.2916666666666667;0.21621621621621623;0.08333333333333333;0.2413793103448276;;;5.2;0.11555555555555556;0.18472468916518653;Wing
0;;;1;;;;;4;0;0;;;;;;;;;;;;5;;;20;;;;3;1;;;45;0.022222222222222223;0.06666666666666667;1;0.022222222222222223;0.2;0.02702702702702703;0.25;0.034482758620689655;;;3.3;0.07333333333333333;0.1172291296625222;Pivot
0;;;5;;;;;15;0;4;;;;;;;;;;;;24;;;21;;;;3;0;;;42;0.11904761904761904;0.07142857142857142;5;0.11904761904761904;0.20833333333333334;0.13513513513513514;0.25;0.1724137931034483;;;4.6;0.10952380952380951;0.1634103019538188;Wing
0;;;2;;;;;2;1;1;;;;;;;;;;;;6;;;33;;;;0;1;;;22;0.09090909090909091;0.0;1;0.045454545454545456;0.16666666666666666;0.05405405405405406;0.0;0.034482758620689655;;;-0.15000000000000002;-0.00681818181818182;-0.005328596802841919;Pivot
1;;;0;;;;;0;1;0;;;;;;;;;;;;1;;;0;;;;1;0;;;45;0.0;0.022222222222222223;-1;-0.022222222222222223;-1.0;0.0;0.08333333333333333;-0.034482758620689655;;;0.19999999999999996;0.004444444444444444;0.007104795737122556;Pivot
1;;;5;;;;;4;2;0;;;;;;;;;;;;11;;;45;;;;0;0;;;15;0.3333333333333333;0.0;3;0.2;0.2727272727272727;0.13513513513513514;0.0;0.10344827586206896;;;2.2;0.14666666666666667;0.07815275310834814;Wing
0;;;7;;;;;6;1;1;;;;;;;;;;;;15;;;47;;;;3;1;;;41;0.17073170731707318;0.07317073170731707;6;0.14634146341463414;0.4;0.1891891891891892;0.25;0.20689655172413793;;;76.499.999.999.999.900;0.18658536585365854;0.27175843694493784;Wing
0;;;0;;;;;0;0;0;;;;;;;;;;;;0;;;;;;;0;2;;;15;0.0;0.0;0;0.0;;0.0;0.0;0.0;;;-1.0;-0.06666666666666667;-0.03552397868561279;Pivot
0;;;0;;;;;0;0;0;;;;;;;;;;;;0;;;;;;;0;1;;;15;0.0;0.0;0;0.0;;0.0;0.0;0.0;;;-0.5;-0.03333333333333333;-0.017761989342806397;Pivot
0;;;9;;;;;4;2;1;;;;;;;;;;;;16;;;56;;;;1;1;;;30;0.3;0.03333333333333333;7;0.23333333333333334;0.4375;0.24324324324324326;0.08333333333333333;0.2413793103448276;;;6.65;0.22166666666666668;0.23623445825932507;Wing
0;;;9;;;;;7;0;0;;;;;;;;;;;;16;;;56;;;;2;1;;;37.25;0.24161073825503357;0.053691275167785234;9;0.24161073825503357;0.5625;0.15789473684210525;0.06666666666666667;0.16071428571428573;;;9.5;0.2550335570469799;0.11867582760774514;Wing
0;;;10;;;;;2;0;1;;;;;;;;;;;;13;;;77;;;;3;0;;;37.75;0.26490066225165565;0.07947019867549669;10;0.26490066225165565;0.7692307692307693;0.17543859649122806;0.1;0.17857142857142858;;;12.95;0.343046357615894;0.16177389131792627;Wing
0;;;12;;;;;7;0;1;;;;;;;;;;;;20;;;60;;;;2;2;;;32.916.666.666.666.600;0.36455696202531646;0.06075949367088608;12;0.36455696202531646;0.6;0.21052631578947367;0.06666666666666667;0.21428571428571427;;;11.75;0.3569620253164557;0.1467832604622111;Wing
1;;;0;;;;;2;0;0;;;;;;;;;;;;2;;;0;;;;11;3;;;45.0;0.0;0.24444444444444444;0;0.0;0.0;0.0;0.36666666666666664;0.0;;;11.299.999.999.999.900;0.25111111111111106;0.1411617738913179;Pivot
0;;;3;;;;;0;0;0;;;;;;;;;;;;3;;;100;;;;2;2;;;22.25;0.1348314606741573;0.0898876404494382;3;0.1348314606741573;1.0;0.05263157894736842;0.06666666666666667;0.05357142857142857;;;4.4;0.19775280898876407;0.05496564647095565;Wing
0;;;0;;;;;1;0;0;;;;;;;;;;;;1;;;0;;;;1;1;;;37.75;0.0;0.026490066225165563;0;0.0;0.0;0.0;0.03333333333333333;0.0;;;0.5;0.013245033112582781;0.006246096189881323;Pivot
0;;;3;;;;;5;0;0;;;;;;;;;;;;8;;;38;;;;0;0;;;12.083.333.333.333.300;0.24827586206896543;0.0;3;0.24827586206896543;0.375;0.05263157894736842;0.0;0.05357142857142857;;;2.0;0.1655172413793103;0.02498438475952529;Wing
0;;;20;;;;;2;1;1;;;;;;;;;;;;24;;;83;;;;7;3;;;45.0;0.4444444444444444;0.15555555555555556;19;0.4222222222222222;0.7916666666666666;0.3508771929824561;0.23333333333333334;0.3392857142857143;;;25.25;0.5611111111111111;0.3154278575890068;Wing
1;;;0;;;;;0;0;0;;;;;;;;;;;;0;;;;;;;2;0;;;45.0;0.0;0.044444444444444446;0;0.0;;0.0;0.06666666666666667;0.0;;;2.4;0.05333333333333333;0.02998126171143035;Pivot
0;;;9;;;;;3;1;0;;;;;;;;;;;;13;;;69;;;;3;2;;;3.716.666.666.666.660;0.24215246636771298;0.08071748878923765;8;0.21524663677130043;0.6153846153846154;0.17647058823529413;0.11538461538461539;0.18181818181818182;;;10.0;0.2690582959641255;0.16339869281045752;Pivot
1;;;0;;;;;0;0;0;;;;;;;;;;;;0;;;;;;;0;1;;;35.5;0.0;0.0;0;0.0;;0.0;0.0;0.0;;;-0.5;-0.014084507042253521;-0.008169934640522876;Pivot
1;;;0;;;;;0;0;0;;;;;;;;;;;;0;;;;;;;1;0;;;9.5;0.0;0.10526315789473684;0;0.0;;0.0;0.038461538461538464;0.0;;;1.2;0.12631578947368421;0.0196078431372549;Pivot
0;;;14;;;;;12;0;0;;;;;;;;;;;;26;;;54;;;;1;1;;;45.0;0.3111111111111111;0.022222222222222223;14;0.3111111111111111;0.5384615384615384;0.27450980392156865;0.038461538461538464;0.3181818181818182;;;12.299.999.999.999.900;0.2733333333333333;0.20098039215686272;Wing
0;;;8;;;;;2;0;0;;;;;;;;;;;;10;;;80;;;;1;2;;;28.916.666.666.666.600;0.27665706051873196;0.034582132564841495;8;0.27665706051873196;0.8;0.1568627450980392;0.038461538461538464;0.18181818181818182;;;7.8;0.26974063400576365;0.12745098039215685;Wing
0;;;1;;;;;1;0;0;;;;;;;;;;;;2;;;50;;;;9;0;;;32.5;0.03076923076923077;0.27692307692307694;1;0.03076923076923077;0.5;0.0196078431372549;0.34615384615384615;0.022727272727272728;;;11.6;0.3569230769230769;0.1895424836601307;Pivot
0;;;2;;;;;2;4;0;;;;;;;;;;;;8;;;25;;;;2;3;;;33.5;0.05970149253731343;0.05970149253731343;-2;-0.05970149253731343;-0.25;0.0392156862745098;0.07692307692307693;-0.045454545454545456;;;-1.5;-0.04477611940298507;-0.024509803921568627;Wing
0;;;4;;;;;3;1;0;;;;;;;;;;;;8;;;50;;;;1;1;;;1.608.333.333.333.330;0.2487046632124353;0.06217616580310883;3;0.18652849740932648;0.375;0.0784313725490196;0.038461538461538464;0.06818181818181818;;;30.999.999.999.999.900;0.19274611398963734;0.050653594771241824;Wing
0;;;0;;;;;1;0;0;;;;;;;;;;;;1;;;0;;;;2;2;;;3.183.333.333.333.330;0.0;0.06282722513089004;0;0.0;0.0;0.0;0.07692307692307693;0.0;;;1.2;0.037696335078534024;0.0196078431372549;Pivot
0;;;13;;;;;6;1;2;;;;;;;;;;;;22;;;59;;;;6;3;;;45.0;0.28888888888888886;0.13333333333333333;12;0.26666666666666666;0.5454545454545454;0.2549019607843137;0.23076923076923078;0.2727272727272727;;;16.0;0.35555555555555557;0.26143790849673204;Wing
0;;;6;;;;;6;0;0;;;;;;;;;;;;12;;;50;;;;4;1;;;3.283.333.333.333.330;0.18274111675126906;0.12182741116751271;6;0.18274111675126906;0.5;0.12244897959183673;0.12903225806451613;0.13953488372093023;;;9.1;0.2771573604060914;0.13935681470137826;Wing
0;;;5;;;;;2;1;0;;;;;;;;;;;;8;;;63;;;;3;2;;;36.5;0.136986301369863;0.0821917808219178;4;0.1095890410958904;0.5;0.10204081632653061;0.0967741935483871;0.09302325581395349;;;6.199.999.999.999.990;0.1698630136986301;0.09494640122511484;Wing
0;;;13;;;;;3;0;0;;;;;;;;;;;;16;;;81;;;;3;0;;;38.166.666.666.666.600;0.3406113537117904;0.07860262008733625;13;0.3406113537117904;0.8125;0.2653061224489796;0.0967741935483871;0.3023255813953488;;;16.0;0.41921397379912667;0.2450229709035222;Wing
0;;;4;;;;;2;1;0;;;;;;;;;;;;7;;;57;;;;3;5;;;4.374.999.999.999.990;0.09142857142857144;0.06857142857142859;3;0.06857142857142859;0.42857142857142855;0.08163265306122448;0.0967741935483871;0.06976744186046512;;;36.999.999.999.999.900;0.08457142857142858;0.05666156202143951;Wing
0;;;2;;;;;0;0;0;;;;;;;;;;;;2;;;100;;;;9;0;;;44.166.666.666.666.600;0.04528301886792453;0.2037735849056604;2;0.04528301886792453;1.0;0.04081632653061224;0.2903225806451613;0.046511627906976744;;;12.799.999.999.999.900;0.289811320754717;0.19601837672281774;Pivot
0;;;12;;;;;4;4;2;;;;;;;;;;;;22;;;55;;;;1;8;;;45.0;0.26666666666666666;0.022222222222222223;8;0.17777777777777778;0.36363636363636365;0.24489795918367346;0.03225806451612903;0.18604651162790697;;;39.000.000.000.000.000;0.08666666666666667;0.059724349157733544;Wing
0;;;7;;;;;0;0;0;;;;;;;;;;;;7;;;100;;;;6;4;;;2.958.333.333.333.330;0.2366197183098592;0.20281690140845074;7;0.2366197183098592;1.0;0.14285714285714285;0.1935483870967742;0.16279069767441862;;;12.2;0.4123943661971831;0.18683001531393567;Wing
1;;;0;;;;;0;0;0;;;;;;;;;;;;0;;;;;;;2;2;;;45.0;0.0;0.044444444444444446;0;0.0;;0.0;0.06451612903225806;0.0;;;1.4;0.03111111111111111;0.021439509954058193;Pivot
0;;;4;;;;;6;1;0;;;;;;;;;;;;11;;;36;;;;1;6;;;32.5;0.12307692307692308;0.03076923076923077;3;0.09230769230769231;0.2727272727272727;0.125;0.058823529411764705;0.13636363636363635;;;0.0;0.0;0.0;Wing
0;;;2;;;;;5;0;0;;;;;;;;;;;;7;;;29;;;;1;5;;;3.133.333.333.333.330;0.06382978723404256;0.03191489361702128;2;0.06382978723404256;0.2857142857142857;0.0625;0.058823529411764705;0.09090909090909091;;;-0.30000000000000004;-0.009574468085106386;-0.014150943396226417;Wing
0;;;1;;;;;0;1;0;;;;;;;;;;;;2;;;50;;;;1;1;;;30.0;0.03333333333333333;0.03333333333333333;0;0.0;0.0;0.03125;0.058823529411764705;0.0;;;0.7;0.02333333333333333;0.0330188679245283;Pivot
0;;;3;;;;;1;0;0;;;;;;;;;;;;4;;;75;;;;4;4;;;35.166.666.666.666.600;0.08530805687203792;0.1137440758293839;3;0.08530805687203792;0.75;0.09375;0.23529411764705882;0.13636363636363635;;;5.6;0.15924170616113745;0.2641509433962264;Wing
0;;;0;;;;;1;0;0;;;;;;;;;;;;1;;;0;;;;2;3;;;18.5;0.0;0.10810810810810811;0;0.0;0.0;0.0;0.11764705882352941;0.0;;;0.7;0.03783783783783783;0.0330188679245283;Pivot
0;;;7;;;;;4;2;0;;;;;;;;;;;;13;;;54;;;;2;2;;;30.0;0.23333333333333334;0.06666666666666667;5;0.16666666666666666;0.38461538461538464;0.21875;0.11764705882352941;0.22727272727272727;;;5.6;0.18666666666666665;0.2641509433962264;Wing
0;;;5;;;;;5;4;0;;;;;;;;;;;;14;;;36;;;;0;1;;;26.166.666.666.666.600;0.19108280254777069;0.0;1;0.03821656050955414;0.07142857142857142;0.15625;0.0;0.045454545454545456;;;-0.5;-0.01910828025477707;-0.02358490566037736;Wing
1;;;0;;;;;0;1;0;;;;;;;;;;;;1;;;0;;;;1;0;;;20.666.666.666.666.600;0.0;0.04838709677419355;-1;-0.04838709677419355;-1.0;0.0;0.058823529411764705;-0.045454545454545456;;;0.19999999999999996;0.009677419354838707;0.009433962264150941;Pivot
1;;;4;;;;;5;0;0;;;;;;;;;;;;9;;;44;;;;4;4;;;27.249.999.999.999.900;0.14678899082568808;0.14678899082568808;4;0.14678899082568808;0.4444444444444444;0.125;0.23529411764705882;0.18181818181818182;;;5.8;0.21284403669724772;0.27358490566037735;Wing
0;;;3;;;;;0;0;0;;;;;;;;;;;;3;;;100;;;;1;3;;;30.666.666.666.666.600;0.09782608695652174;0.03260869565217391;3;0.09782608695652174;1.0;0.09375;0.058823529411764705;0.13636363636363635;;;2.7;0.08804347826086958;0.12735849056603774;Pivot
0;;;3;;;;;4;1;0;;;;;;;;;;;;8;;;38;;;;0;1;;;32.75;0.0916030534351145;0.0;2;0.061068702290076333;0.25;0.09375;0.0;0.09090909090909091;;;0.7;0.021374045801526718;0.0330188679245283;Wing
0;;;7;;;;;4;0;1;;;;;;;;;;;;12;;;58;;;;2;1;;;22.333.333.333.333.300;0.31343283582089554;0.08955223880597016;7;0.31343283582089554;0.5833333333333334;0.12727272727272726;0.05714285714285714;0.12962962962962962;;;7.85;0.35149253731343283;0.09526699029126212;Wing
0;;;7;;;;;0;0;0;;;;;;;;;;;;7;;;100;;;;5;0;;;30.0;0.23333333333333334;0.16666666666666666;7;0.23333333333333334;1.0;0.12727272727272726;0.14285714285714285;0.12962962962962962;;;13.0;0.43333333333333335;0.15776699029126212;Wing
1;;;1;;;;;0;0;0;;;;;;;;;;;;1;;;100;;;;5;0;;;22.666.666.666.666.600;0.04411764705882353;0.22058823529411767;1;0.04411764705882353;1.0;0.01818181818181818;0.14285714285714285;0.018518518518518517;;;7.0;0.3088235294117647;0.0849514563106796;Pivot
0;;;11;;;;;1;0;0;;;;;;;;;;;;12;;;92;;;;7;1;;;45.0;0.24444444444444444;0.15555555555555556;11;0.24444444444444444;0.9166666666666666;0.2;0.2;0.2037037037037037;;;18.700.000.000.000.000;0.4155555555555556;0.22694174757281554;Pivot
0;;;11;;;;;4;0;1;;;;;;;;;;;;16;;;69;;;;3;1;;;45.0;0.24444444444444444;0.06666666666666667;11;0.24444444444444444;0.6875;0.2;0.08571428571428572;0.2037037037037037;;;13.049.999.999.999.900;0.29;0.15837378640776698;Wing
0;;;3;;;;;2;0;0;;;;;;;;;;;;5;;;60;;;;6;1;;;30.0;0.1;0.2;3;0.1;0.6;0.05454545454545454;0.17142857142857143;0.05555555555555555;;;9.299.999.999.999.990;0.30999999999999994;0.11286407766990289;Pivot
0;;;12;;;;;4;1;4;;;;;;;;;;;;21;;;57;;;;3;7;;;45.0;0.26666666666666666;0.06666666666666667;11;0.24444444444444444;0.5238095238095238;0.21818181818181817;0.08571428571428572;0.2037037037037037;;;9.299.999.999.999.990;0.20666666666666664;0.11286407766990289;Wing
0;;;0;;;;;0;0;0;;;;;;;;;;;;0;;;;;;;0;2;;;30.0;0.0;0.0;0;0.0;;0.0;0.0;0.0;;;-1.0;-0.03333333333333333;-0.012135922330097087;Wing
1;;;3;;;;;3;0;2;;;;;;;;;;;;8;;;38;;;;4;3;;;45.0;0.06666666666666667;0.08888888888888889;3;0.06666666666666667;0.375;0.05454545454545454;0.11428571428571428;0.05555555555555555;;;5.199.999.999.999.990;0.11555555555555554;0.06310679611650484;Pivot
0;;;0;;;;;1;0;0;;;;;;;;;;;;1;;;0;;;;2;2;;;30.0;0.0;0.06666666666666667;0;0.0;0.0;0.0;0.1111111111111111;0.0;;;1.2;0.04;0.06045340050377834;Pivot
0;;;1;;;;;4;0;2;;;;;;;;;;;;7;;;14;;;;0;1;;;17.0;0.058823529411764705;0.0;1;0.058823529411764705;0.14285714285714285;0.034482758620689655;0.0;0.05263157894736842;;;-0.8;-0.047058823529411764;-0.0403022670025189;Wing
1;;;1;;;;;0;0;0;;;;;;;;;;;;1;;;100;;;;2;1;;;19.499.999.999.999.900;0.051282051282051294;0.10256410256410259;1;0.051282051282051294;1.0;0.034482758620689655;0.1111111111111111;0.05263157894736842;;;2.9;0.14871794871794874;0.146095717884131;Pivot
0;;;6;;;;;7;2;0;;;;;;;;;;;;15;;;40;;;;2;5;;;3.433.333.333.333.330;0.1747572815533981;0.05825242718446603;4;0.11650485436893206;0.26666666666666666;0.20689655172413793;0.1111111111111111;0.21052631578947367;;;24.999.999.999.999.900;0.07281553398058252;0.12594458438287154;Wing
1;;;5;;;;;3;0;1;;;;;;;;;;;;9;;;56;;;;3;1;;;24.0;0.20833333333333334;0.125;5;0.20833333333333334;0.5555555555555556;0.1724137931034483;0.16666666666666666;0.2631578947368421;;;7.25;0.3020833333333333;0.3652392947103275;Wing
1;;;0;;;;;2;0;0;;;;;;;;;;;;2;;;0;;;;1;2;;;10.666.666.666.666.600;0.0;0.09375;0;0.0;0.0;0.0;0.05555555555555555;0.0;;;-0.19999999999999996;-0.018749999999999996;-0.010075566750629721;Pivot
1;;;0;;;;;0;0;0;;;;;;;;;;;;0;;;;;;;0;1;;;6.0;0.0;0.0;0;0.0;;0.0;0.0;0.0;;;-0.5;-0.08333333333333333;-0.02518891687657431;Pivot
1;;;0;;;;;0;0;0;;;;;;;;;;;;0;;;;;;;0;1;;;38.0;0.0;0.0;0;0.0;;0.0;0.0;0.0;;;-0.5;-0.013157894736842105;-0.02518891687657431;Pivot
0;;;0;;;;;1;2;1;;;;;;;;;;;;4;;;0;;;;1;0;;;21.0;0.0;0.047619047619047616;-2;-0.09523809523809523;-0.5;0.0;0.05555555555555555;-0.10526315789473684;;;-12.500.000.000.000.000;-0.059523809523809534;-0.06297229219143578;Wing
1;;;0;;;;;0;0;0;;;;;;;;;;;;0;;;;;;;1;1;;;20.5;0.0;0.04878048780487805;0;0.0;;0.0;0.05555555555555555;0.0;;;0.7;0.03414634146341463;0.03526448362720403;Pivot
0;;;0;;;;;1;0;0;;;;;;;;;;;;1;;;0;;;;1;2;;;12.000.000.000.000.000;0.0;0.08333333333333331;0;0.0;0.0;0.0;0.05555555555555555;0.0;;;0.0;0.0;0.0;Pivot
0;;;7;;;;;4;4;0;;;;;;;;;;;;15;;;47;;;;2;2;;;32.416.666.666.666.600;0.21593830334190234;0.06169665809768638;3;0.09254498714652958;0.2;0.2413793103448276;0.1111111111111111;0.15789473684210525;;;3.6;0.11105398457583548;0.18136020151133503;Wing
0;;;1;;;;;4;0;1;;;;;;;;;;;;6;;;17;;;;1;4;;;24.0;0.041666666666666664;0.041666666666666664;1;0.041666666666666664;0.16666666666666666;0.034482758620689655;0.05555555555555555;0.05263157894736842;;;-0.8499999999999999;-0.03541666666666666;-0.04282115869017632;Pivot
0;;;8;;;;;8;2;2;;;;;;;;;;;;20;;;40;;;;2;1;;;25.583.333.333.333.300;0.3127035830618892;0.0781758957654723;6;0.2345276872964169;0.3;0.27586206896551724;0.1111111111111111;0.3157894736842105;;;5.8;0.2267100977198697;0.292191435768262;Wing
0;;;6;;;;;4;0;0;;;;;;;;;;;;10;;;60;;;;10;1;;;3.633.333.333.333.330;0.1651376146788991;0.27522935779816515;6;0.1651376146788991;0.6;0.11764705882352941;0.20408163265306123;0.13043478260869565;;;16.7;0.45963302752293583;0.18463239358761743;Wing
0;;;7;;;;;0;0;1;;;;;;;;;;;;8;;;88;;;;5;0;;;18.25;0.3835616438356164;0.273972602739726;7;0.3835616438356164;0.875;0.13725490196078433;0.10204081632653061;0.15217391304347827;;;12.75;0.6986301369863014;0.1409618573797678;Wing
1;;;3;;;;;0;0;0;;;;;;;;;;;;3;;;100;;;;4;0;;;23.666.666.666.666.600;0.12676056338028172;0.16901408450704228;3;0.12676056338028172;1.0;0.058823529411764705;0.08163265306122448;0.06521739130434782;;;7.8;0.3295774647887324;0.08623548922056383;Pivot
0;;;7;;;;;4;1;1;;;;;;;;;;;;13;;;54;;;;2;3;;;34.5;0.2028985507246377;0.057971014492753624;6;0.17391304347826086;0.46153846153846156;0.13725490196078433;0.04081632653061224;0.13043478260869565;;;5.85;0.16956521739130434;0.06467661691542287;Pivot
0;;;9;;;;;5;0;2;;;;;;;;;;;;16;;;56;;;;3;2;;;45.0;0.2;0.06666666666666667;9;0.2;0.5625;0.17647058823529413;0.061224489795918366;0.1956521739130435;;;10.1;0.22444444444444445;0.1116639027086788;Wing
0;;;4;;;;;3;0;1;;;;;;;;;;;;8;;;50;;;;7;1;;;37.25;0.10738255033557047;0.18791946308724833;4;0.10738255033557047;0.5;0.0784313725490196;0.14285714285714285;0.08695652173913043;;;11.05;0.2966442953020134;0.12216694306246544;Pivot
0;;;12;;;;;8;1;1;;;;;;;;;;;;22;;;55;;;;5;3;;;45.0;0.26666666666666666;0.1111111111111111;11;0.24444444444444444;0.5;0.23529411764705882;0.10204081632653061;0.2391304347826087;;;13.65;0.30333333333333334;0.1509121061359867;Wing
0;;;3;;;;;1;3;3;;;;;;;;;;;;10;;;30;;;;8;2;;;30.0;0.1;0.26666666666666666;0;0.0;0.0;0.058823529411764705;0.16326530612244897;0.0;;;76.499.999.999.999.900;0.255;0.08457711442786067;Wing
1;;;0;;;;;3;0;0;;;;;;;;;;;;3;;;0;;;;5;1;;;45.0;0.0;0.1111111111111111;0;0.0;0.0;0.0;0.10204081632653061;0.0;;;4.9;0.1088888888888889;0.05417357656163626;Pivot
0;;;4;;;;;8;2;0;;;;;;;;;;;;14;;;29;;;;8;1;;;37.25;0.10738255033557047;0.21476510067114093;2;0.053691275167785234;0.14285714285714285;0.10810810810810811;0.2857142857142857;0.08;;;9.5;0.2550335570469799;0.22326674500587543;Pivot
1;;;0;;;;;0;0;0;;;;;;;;;;;;0;;;;;;;4;1;;;20.083.333.333.333.300;0.0;0.1991701244813278;0;0.0;;0.0;0.14285714285714285;0.0;;;4.3;0.21410788381742735;0.10105757931844887;Pivot
0;;;6;;;;;6;1;0;;;;;;;;;;;;13;;;46;;;;5;0;;;37.75;0.15894039735099338;0.13245033112582782;5;0.13245033112582782;0.38461538461538464;0.16216216216216217;0.17857142857142858;0.2;;;9.8;0.25960264900662255;0.23031727379553465;Wing
0;;;5;;;;;5;2;0;;;;;;;;;;;;12;;;42;;;;0;2;;;3.691.666.666.666.660;0.1354401805869075;0.0;3;0.0812641083521445;0.25;0.13513513513513514;0.0;0.12;;;1.0;0.027088036117381496;0.02350176263219741;Wing
1;;;0;;;;;0;0;0;;;;;;;;;;;;0;;;;;;;1;1;;;31.166.666.666.666.600;0.0;0.03208556149732621;0;0.0;;0.0;0.03571428571428571;0.0;;;0.7;0.022459893048128343;0.016451233842538188;Pivot
0;;;11;;;;;12;1;1;;;;;;;;;;;;25;;;44;;;;6;2;;;3.683.333.333.333.330;0.29864253393665163;0.16289592760181;10;0.2714932126696833;0.4;0.2972972972972973;0.21428571428571427;0.4;;;13.549.999.999.999.900;0.36787330316742084;0.31844888366627494;Wing
0;;;8;;;;;10;5;1;;;;;;;;;;;;24;;;33;;;;1;1;;;38.166.666.666.666.600;0.20960698689956334;0.026200873362445417;3;0.07860262008733625;0.125;0.21621621621621623;0.03571428571428571;0.12;;;1.45;0.037991266375545854;0.03407755581668625;Wing
0;;;1;;;;;3;0;0;;;;;;;;;;;;4;;;25;;;;1;3;;;4.308.333.333.333.330;0.02321083172147002;0.02321083172147002;1;0.02321083172147002;0.25;0.02702702702702703;0.03571428571428571;0.04;;;0.09999999999999987;0.002321083172146999;0.002350176263219738;Pivot
0;;;2;;;;;5;1;1;;;;;;;;;;;;9;;;22;;;;2;0;;;3.374.999.999.999.990;0.05925925925925927;0.05925925925925927;1;0.029629629629629634;0.1111111111111111;0.05405405405405406;0.07142857142857142;0.04;;;2.15;0.06370370370370372;0.050528789659224436;Wing
0;;;13;;;;;3;1;1;;;;;;;;;;;;18;;;72;;;;2;1;;;45;0.28888888888888886;0.044444444444444446;12;0.26666666666666666;0.6666666666666666;0.23214285714285715;0.06451612903225806;0.23076923076923078;;;13.05;0.29000000000000004;0.16498103666245262;Wing
0;;;10;;;;;7;0;1;;;;;;;;;;;;18;;;56;;;;1;1;;;45;0.2222222222222222;0.022222222222222223;10;0.2222222222222222;0.5555555555555556;0.17857142857142858;0.03225806451612903;0.19230769230769232;;;9.049.999.999.999.990;0.20111111111111107;0.11441213653603034;Wing
0;;;12;;;;;5;0;1;;;;;;;;;;;;18;;;67;;;;7;2;;;45;0.26666666666666666;0.15555555555555556;12;0.26666666666666666;0.6666666666666666;0.21428571428571427;0.22580645161290322;0.23076923076923078;;;18.15;0.4033333333333333;0.22945638432364096;Wing
1;;;0;;;;;1;0;0;;;;;;;;;;;;1;;;0;;;;8;0;;;45;0.0;0.17777777777777778;0;0.0;0.0;0.0;0.25806451612903225;0.0;;;9.4;0.2088888888888889;0.1188369152970923;Pivot
0;;;0;;;;;1;0;0;;;;;;;;;;;;1;;;0;;;;8;1;;;45;0.0;0.17777777777777778;0;0.0;0.0;0.0;0.25806451612903225;0.0;;;8.9;0.19777777777777777;0.11251580278128952;Pivot
0;;;0;;;;;2;0;1;;;;;;;;;;;;3;;;0;;;;2;0;;;45;0.0;0.044444444444444446;0;0.0;0.0;0.0;0.06451612903225806;0.0;;;1.75;0.03888888888888889;0.022123893805309738;Pivot
0;;;21;;;;;4;3;0;;;;;;;;;;;;28;;;75;;;;3;4;;;45;0.4666666666666667;0.06666666666666667;18;0.4;0.6428571428571429;0.375;0.0967741935483871;0.34615384615384615;;;18.799.999.999.999.900;0.4177777777777777;0.23767383059418457;Wing
0;;;0;;;;;0;0;0;;;;;;;;;;;;0;;;;;;;2;1;;;30;0.0;0.06666666666666667;0;0.0;;0.0;0.08695652173913043;0.0;;;1.9;0.06333333333333332;0.02927580893682588;Pivot
0;;;1;;;;;1;1;0;;;;;;;;;;;;3;;;33;;;;2;2;;;45;0.022222222222222223;0.044444444444444446;0;0.0;0.0;0.0196078431372549;0.08695652173913043;0.0;;;1.2;0.026666666666666665;0.018489984591679505;Wing
0;;;6;;;;;3;0;0;;;;;;;;;;;;9;;;67;;;;3;1;;;45;0.13333333333333333;0.06666666666666667;6;0.13333333333333333;0.6666666666666666;0.11764705882352941;0.13043478260869565;0.12244897959183673;;;8.5;0.18888888888888888;0.13097072419106318;Wing
0;;;6;;;;;5;0;1;;;;;;;;;;;;12;;;50;;;;4;5;;;45;0.13333333333333333;0.08888888888888889;6;0.13333333333333333;0.5;0.11764705882352941;0.17391304347826086;0.12244897959183673;;;7.05;0.15666666666666668;0.10862865947611709;Wing
0;;;4;;;;;4;0;1;;;;;;;;;;;;9;;;44;;;;7;0;;;45;0.08888888888888889;0.15555555555555556;4;0.08888888888888889;0.4444444444444444;0.0784313725490196;0.30434782608695654;0.08163265306122448;;;11.350.000.000.000.000;0.25222222222222224;0.174884437596302;Pivot
1;;;0;;;;;0;0;0;;;;;;;;;;;;0;;;;;;;2;1;;;45;0.0;0.044444444444444446;0;0.0;;0.0;0.08695652173913043;0.0;;;1.9;0.042222222222222223;0.02927580893682588;Pivot
0;;;34;;;;;18;1;0;;;;;;;;;;;;53;;;64;;;;3;0;;;45;0.7555555555555555;0.06666666666666667;33;0.7333333333333333;0.6226415094339622;0.6666666666666666;0.13043478260869565;0.673469387755102;;;33.0;0.7333333333333333;0.5084745762711864;Wing
0;;;2;;;;;1;0;0;;;;;;;;;;;;3;;;67;;;;14;3;;;45.0;0.044444444444444446;0.3111111111111111;2;0.044444444444444446;0.6666666666666666;0.038461538461538464;0.358974358974359;0.043478260869565216;;;17.1;0.38;0.21797323135755264;Pivot
0;;;12;;;;;5;3;0;;;;;;;;;;;;20;;;60;;;;4;2;;;36.166.666.666.666.600;0.3317972350230415;0.11059907834101383;9;0.2488479262672811;0.45;0.23076923076923078;0.10256410256410256;0.1956521739130435;;;11.8;0.32626728110599085;0.15041427660930531;Wing
0;;;17;;;;;3;1;1;;;;;;;;;;;;22;;;77;;;;5;0;;;3.616.666.666.666.660;0.4700460829493089;0.13824884792626732;16;0.44239631336405544;0.7272727272727273;0.3269230769230769;0.1282051282051282;0.34782608695652173;;;21.15;0.5847926267281107;0.26959847036328877;Wing
0;;;14;;;;;4;1;0;;;;;;;;;;;;19;;;74;;;;2;1;;;3.433.333.333.333.330;0.4077669902912622;0.05825242718446603;13;0.3786407766990292;0.6842105263157895;0.2692307692307692;0.05128205128205128;0.2826086956521739;;;14.1;0.4106796116504855;0.17973231357552583;Wing
0;;;3;;;;;6;1;0;;;;;;;;;;;;10;;;30;;;;1;3;;;18.166.666.666.666.600;0.1651376146788991;0.05504587155963304;2;0.11009174311926608;0.2;0.057692307692307696;0.02564102564102564;0.043478260869565216;;;0.4999999999999998;0.027522935779816505;0.0063734862970044595;Wing
0;;;4;;;;;4;0;0;;;;;;;;;;;;8;;;50;;;;0;2;;;23.166.666.666.666.600;0.17266187050359713;0.0;4;0.17266187050359713;0.5;0.07692307692307693;0.0;0.08695652173913043;;;2.2;0.09496402877697843;0.028043339706819638;Wing
0;;;0;;;;;0;0;0;;;;;;;;;;;;0;;;;;;;4;1;;;45.0;0.0;0.08888888888888889;0;0.0;;0.0;0.10256410256410256;0.0;;;4.3;0.09555555555555555;0.054811982154238374;Pivot
0;;;0;;;;;4;0;0;;;;;;;;;;;;4;;;0;;;;2;4;;;31.999.999.999.999.900;0.0;0.06250000000000001;0;0.0;0.0;0.0;0.05128205128205128;0.0;;;-0.3999999999999999;-0.0125;-0.005098789037603569;Wing
1;;;0;;;;;1;0;0;;;;;;;;;;;;1;;;0;;;;7;1;;;45.0;0.0;0.15555555555555556;0;0.0;0.0;0.0;0.1794871794871795;0.0;;;7.7;0.1711111111111111;0.09815168897386872;Pivot
0;;;8;;;;;6;0;1;;;;;;;;;;;;15;;;53;;;;4;2;;;30.0;0.26666666666666666;0.13333333333333333;8;0.26666666666666666;0.5333333333333333;0.19047619047619047;0.14285714285714285;0.21052631578947367;;;10.35;0.345;0.18383658969804617;Wing
0;;;0;;;;;4;0;0;;;;;;;;;;;;4;;;0;;;;2;0;;;21.499.999.999.999.900;0.0;0.0930232558139535;0;0.0;0.0;0.0;0.07142857142857142;0.0;;;15.999.999.999.999.900;0.0744186046511628;0.02841918294849023;Wing
1;;;0;;;;;0;0;0;;;;;;;;;;;;0;;;;;;;0;1;;;30.0;0.0;0.0;0;0.0;;0.0;0.0;0.0;;;-0.5;-0.016666666666666666;-0.008880994671403198;Pivot
0;;;2;;;;;2;0;0;;;;;;;;;;;;4;;;50;;;;9;2;;;45.0;0.044444444444444446;0.2;2;0.044444444444444446;0.5;0.047619047619047616;0.32142857142857145;0.05263157894736842;;;11.399.999.999.999.900;0.2533333333333333;0.20248667850799287;Pivot
1;;;1;;;;;0;0;0;;;;;;;;;;;;1;;;100;;;;1;0;;;8.166.666.666.666.660;0.12244897959183675;0.12244897959183675;1;0.12244897959183675;1.0;0.023809523809523808;0.03571428571428571;0.02631578947368421;;;2.2;0.2693877551020409;0.03907637655417407;Wing
0;;;2;;;;;4;0;0;;;;;;;;;;;;6;;;33;;;;0;1;;;15.0;0.13333333333333333;0.0;2;0.13333333333333333;0.3333333333333333;0.047619047619047616;0.0;0.05263157894736842;;;0.7;0.04666666666666666;0.012433392539964476;Wing
0;;;8;;;;;5;2;0;;;;;;;;;;;;15;;;53;;;;7;3;;;38.5;0.2077922077922078;0.18181818181818182;6;0.15584415584415584;0.4;0.19047619047619047;0.25;0.15789473684210525;;;11.9;0.3090909090909091;0.21136767317939611;Wing
1;;;5;;;;;6;0;0;;;;;;;;;;;;11;;;45;;;;2;1;;;45.0;0.1111111111111111;0.044444444444444446;5;0.1111111111111111;0.45454545454545453;0.11904761904761904;0.07142857142857142;0.13157894736842105;;;5.699.999.999.999.990;0.12666666666666665;0.10124333925399644;Wing
1;;;0;;;;;1;0;0;;;;;;;;;;;;1;;;0;;;;1;0;;;15.0;0.0;0.06666666666666667;0;0.0;0.0;0.0;0.03571428571428571;0.0;;;1.0;0.06666666666666667;0.017761989342806397;Pivot
0;;;4;;;;;7;1;0;;;;;;;;;;;;12;;;33;;;;0;3;;;30.0;0.13333333333333333;0.0;3;0.1;0.25;0.09523809523809523;0.0;0.07894736842105263;;;0.09999999999999987;0.0033333333333333288;0.0017761989342806371;Wing
0;;;12;;;;;4;1;1;;;;;;;;;;;;18;;;67;;;;2;1;;;36.833.333.333.333.300;0.32579185520361986;0.054298642533936646;11;0.2986425339366516;0.6111111111111112;0.2857142857142857;0.07142857142857142;0.2894736842105263;;;11.85;0.32171945701357463;0.21047957371225579;Wing
0;;;1;;;;;1;0;0;;;;;;;;;;;;2;;;50;;;;12;2;;;45.0;0.022222222222222223;0.26666666666666666;1;0.022222222222222223;0.5;0.017543859649122806;0.32432432432432434;0.017857142857142856;;;14.2;0.31555555555555553;0.15990990990990997;Pivot
0;;;12;;;;;4;0;0;;;;;;;;;;;;16;;;75;;;;2;0;;;33.166.666.666.666.600;0.36180904522613067;0.06030150753768845;12;0.36180904522613067;0.75;0.21052631578947367;0.05405405405405406;0.21428571428571427;;;13.6;0.4100502512562814;0.1531531531531532;Wing
0;;;14;;;;;5;1;1;;;;;;;;;;;;21;;;67;;;;2;0;;;26.666.666.666.666.600;0.525;0.07500000000000001;13;0.48750000000000004;0.6190476190476191;0.24561403508771928;0.05405405405405406;0.23214285714285715;;;14.15;0.530625;0.1593468468468469;Wing
0;;;9;;;;;6;0;0;;;;;;;;;;;;15;;;60;;;;2;2;;;27.166.666.666.666.600;0.33128834355828224;0.0736196319018405;9;0.33128834355828224;0.6;0.15789473684210525;0.05405405405405406;0.16071428571428573;;;9.2;0.33865030674846625;0.10360360360360363;Wing
0;;;8;;;;;6;0;3;;;;;;;;;;;;17;;;47;;;;8;1;;;36.166.666.666.666.600;0.22119815668202766;0.22119815668202766;8;0.22119815668202766;0.47058823529411764;0.14035087719298245;0.21621621621621623;0.14285714285714285;;;15.149.999.999.999.900;0.41889400921658987;0.17060810810810814;Wing
0;;;8;;;;;2;0;2;;;;;;;;;;;;12;;;67;;;;0;0;;;30.5;0.26229508196721313;0.0;8;0.26229508196721313;0.6666666666666666;0.14035087719298245;0.0;0.14285714285714285;;;7.1;0.23278688524590163;0.07995495495495498;Wing
0;;;1;;;;;1;0;1;;;;;;;;;;;;3;;;33;;;;4;1;;;45.0;0.022222222222222223;0.08888888888888889;1;0.022222222222222223;0.3333333333333333;0.017543859649122806;0.10810810810810811;0.017857142857142856;;;4.85;0.10777777777777776;0.054617117117117135;Pivot
0;;;4;;;;;2;0;1;;;;;;;;;;;;7;;;57;;;;0;1;;;26.333.333.333.333.300;0.1518987341772152;0.0;4;0.1518987341772152;0.5714285714285714;0.07017543859649122;0.0;0.07142857142857142;;;2.85;0.10822784810126583;0.03209459459459461;Wing
1;;;0;;;;;1;0;0;;;;;;;;;;;;1;;;0;;;;7;1;;;45.0;0.0;0.15555555555555556;0;0.0;0.0;0.0;0.1891891891891892;0.0;;;7.7;0.1711111111111111;0.08671171171171174;Pivot
1;;;3;;;;;6;1;1;;;;;;;;;;;;11;;;27;;;;3;5;;;45;0.06666666666666667;0.06666666666666667;2;0.044444444444444446;0.18181818181818182;0.08333333333333333;0.10714285714285714;0.07142857142857142;;;16.499.999.999.999.900;0.03666666666666665;0.04130162703379223;Wing
1;;;0;;;;;0;0;0;;;;;;;;;;;;0;;;;;;;2;5;;;45;0.0;0.044444444444444446;0;0.0;;0.0;0.07142857142857142;0.0;;;-0.10000000000000009;-0.0022222222222222244;-0.0025031289111389263;Pivot
0;;;0;;;;;6;0;0;;;;;;;;;;;;6;;;0;;;;4;3;;;45;0.0;0.08888888888888889;0;0.0;0.0;0.0;0.14285714285714285;0.0;;;20.999.999.999.999.900;0.04666666666666666;0.052565707133917394;Wing
0;;;2;;;;;4;0;0;;;;;;;;;;;;6;;;33;;;;8;4;;;45;0.044444444444444446;0.17777777777777778;2;0.044444444444444446;0.3333333333333333;0.05555555555555555;0.2857142857142857;0.07142857142857142;;;8.799.999.999.999.990;0.19555555555555554;0.2202753441802253;Pivot
0;;;13;;;;;5;4;1;;;;;;;;;;;;23;;;57;;;;3;7;;;45;0.28888888888888886;0.06666666666666667;9;0.2;0.391304347826087;0.3611111111111111;0.10714285714285714;0.32142857142857145;;;7.85;0.17444444444444443;0.19649561952440553;Wing
0;;;1;;;;;2;2;0;;;;;;;;;;;;5;;;20;;;;7;1;;;45;0.022222222222222223;0.15555555555555556;-1;-0.022222222222222223;-0.2;0.027777777777777776;0.25;-0.03571428571428571;;;6.5;0.14444444444444443;0.16270337922403005;Pivot
0;;;17;;;;;14;1;1;;;;;;;;;;;;33;;;52;;;;1;2;;;45;0.37777777777777777;0.022222222222222223;16;0.35555555555555557;0.48484848484848486;0.4722222222222222;0.03571428571428571;0.5714285714285714;;;13.149.999.999.999.900;0.2922222222222222;0.32916145181476847;Wing
0;;;8;;;;;12;1;6;;;;;;;;;;;;27;;;30;;;;1;5;;;45.0;0.17777777777777778;0.022222222222222223;7;0.15555555555555556;0.25925925925925924;0.27586206896551724;0.058823529411764705;0.30434782608695654;;;17.999.999.999.999.900;0.039999999999999994;0.08333333333333333;Wing
0;;;8;;;;;13;1;1;;;;;;;;;;;;23;;;35;;;;8;5;;;45.0;0.17777777777777778;0.17777777777777778;7;0.15555555555555556;0.30434782608695654;0.27586206896551724;0.47058823529411764;0.30434782608695654;;;11.25;0.25;0.5208333333333334;Wing
1;;;0;;;;;0;0;0;;;;;;;;;;;;0;;;;;;;1;1;;;30.0;0.0;0.03333333333333333;0;0.0;;0.0;0.058823529411764705;0.0;;;0.7;0.02333333333333333;0.032407407407407406;Pivot
0;;;7;;;;;6;2;0;;;;;;;;;;;;15;;;47;;;;1;1;;;30.0;0.23333333333333334;0.03333333333333333;5;0.16666666666666666;0.3333333333333333;0.2413793103448276;0.058823529411764705;0.21739130434782608;;;4.5;0.15;0.20833333333333334;Wing
1;;;0;;;;;0;0;0;;;;;;;;;;;;0;;;;;;;1;2;;;30.0;0.0;0.03333333333333333;0;0.0;;0.0;0.058823529411764705;0.0;;;0.19999999999999996;0.006666666666666665;0.009259259259259259;Pivot
0;;;1;;;;;0;0;0;;;;;;;;;;;;1;;;100;;;;1;0;;;30.0;0.03333333333333333;0.03333333333333333;1;0.03333333333333333;1.0;0.034482758620689655;0.058823529411764705;0.043478260869565216;;;2.2;0.07333333333333333;0.10185185185185187;Pivot
1;;;0;;;;;2;0;0;;;;;;;;;;;;2;;;0;;;;2;1;;;30.0;0.0;0.06666666666666667;0;0.0;0.0;0.0;0.11764705882352941;0.0;;;1.5;0.05;0.06944444444444445;Pivot
0;;;0;;;;;0;0;0;;;;;;;;;;;;0;;;;;;;0;7;;;22.333.333.333.333.300;0.0;0.0;0;0.0;;0.0;0.0;0.0;;;-3.5;-0.15671641791044777;-0.16203703703703706;Pivot
1;;;1;;;;;3;0;0;;;;;;;;;;;;4;;;25;;;;2;0;;;22.666.666.666.666.600;0.044117647058823525;0.08823529411764705;1;0.044117647058823525;0.25;0.034482758620689655;0.11764705882352941;0.043478260869565216;;;2.8;0.12352941176470587;0.12962962962962962;Pivot
0;;;4;;;;;3;2;1;;;;;;;;;;;;10;;;40;;;;0;2;;;30.0;0.13333333333333333;0.0;2;0.06666666666666667;0.2;0.13793103448275862;0.0;0.08695652173913043;;;0.1499999999999999;0.004999999999999997;0.006944444444444441;Wing
0;;;10;;;;;2;2;0;;;;;;;;;;;;14;;;71;;;;14;2;;;45.0;0.2222222222222222;0.3111111111111111;8;0.17777777777777778;0.5714285714285714;0.18867924528301888;0.358974358974359;0.18181818181818182;;;23.4;0.52;0.32320441988950277;Wing
0;;;4;;;;;4;1;0;;;;;;;;;;;;9;;;44;;;;1;5;;;30.0;0.13333333333333333;0.03333333333333333;3;0.1;0.3333333333333333;0.07547169811320754;0.02564102564102564;0.06818181818181818;;;0.9000000000000001;0.030000000000000006;0.01243093922651934;Wing
1;;;4;;;;;1;1;0;;;;;;;;;;;;6;;;67;;;;0;4;;;23.749.999.999.999.900;0.16842105263157897;0.0;3;0.12631578947368424;0.5;0.07547169811320754;0.0;0.06818181818181818;;;0.7999999999999998;0.03368421052631579;0.011049723756906077;Pivot
1;;;0;;;;;0;0;0;;;;;;;;;;;;0;;;;;;;0;6;;;22.0;0.0;0.0;0;0.0;;0.0;0.0;0.0;;;-3.0;-0.13636363636363635;-0.041436464088397795;Pivot
1;;;8;;;;;1;1;0;;;;;;;;;;;;10;;;80;;;;4;2;;;45.0;0.17777777777777778;0.08888888888888889;7;0.15555555555555556;0.7;0.1509433962264151;0.10256410256410256;0.1590909090909091;;;10.6;0.23555555555555555;0.14640883977900554;Wing
0;;;2;;;;;1;0;1;;;;;;;;;;;;4;;;50;;;;3;3;;;23.0;0.08695652173913043;0.13043478260869565;2;0.08695652173913043;0.5;0.03773584905660377;0.07692307692307693;0.045454545454545456;;;36.499.999.999.999.900;0.15869565217391302;0.050414364640883974;Wing
1;;;2;;;;;2;2;0;;;;;;;;;;;;6;;;33;;;;0;0;;;15.0;0.13333333333333333;0.0;0;0.0;0.0;0.03773584905660377;0.0;0.0;;;-0.4;-0.02666666666666667;-0.005524861878453039;Wing
1;;;6;;;;;5;0;0;;;;;;;;;;;;11;;;55;;;;10;1;;;45.0;0.13333333333333333;0.2222222222222222;6;0.13333333333333333;0.5454545454545454;0.11320754716981132;0.2564102564102564;0.13636363636363635;;;16.5;0.36666666666666664;0.22790055248618787;Wing
0;;;13;;;;;0;2;1;;;;;;;;;;;;16;;;81;;;;6;0;;;45.0;0.28888888888888886;0.13333333333333333;11;0.24444444444444444;0.6875;0.24528301886792453;0.15384615384615385;0.25;;;17.95;0.39888888888888885;0.24792817679558013;Wing
0;;;4;;;;;1;0;0;;;;;;;;;;;;5;;;80;;;;1;6;;;21.249.999.999.999.900;0.18823529411764708;0.04705882352941177;4;0.18823529411764708;0.8;0.07547169811320754;0.02564102564102564;0.09090909090909091;;;19.999.999.999.999.900;0.09411764705882353;0.027624309392265192;Pivot
0;;;16;;;;;6;3;1;;;;;;;;;;;;26;;;62;;;;2;6;;;45.0;0.35555555555555557;0.044444444444444446;13;0.28888888888888886;0.5;0.5333333333333333;0.18181818181818182;0.6842105263157895;;;10.950.000.000.000.000;0.24333333333333335;0.948051948051948;Wing
0;;;6;;;;;6;0;2;;;;;;;;;;;;14;;;43;;;;4;4;;;4.033.333.333.333.330;0.1487603305785124;0.09917355371900828;6;0.1487603305785124;0.42857142857142855;0.2;0.36363636363636365;0.3157894736842105;;;7.1;0.17603305785123968;0.6147186147186147;Wing
1;;;1;;;;;0;0;2;;;;;;;;;;;;3;;;33;;;;0;2;;;30.0;0.03333333333333333;0.0;1;0.03333333333333333;0.3333333333333333;0.03333333333333333;0.0;0.05263157894736842;;;-0.5;-0.016666666666666666;-0.04329004329004329;Pivot
0;;;3;;;;;11;4;1;;;;;;;;;;;;19;;;16;;;;0;4;;;41.0;0.07317073170731707;0.0;-1;-0.024390243902439025;-0.05263157894736842;0.1;0.0;-0.05263157894736842;;;-5.45;-0.1329268292682927;-0.47186147186147187;Wing
1;;;0;;;;;0;0;0;;;;;;;;;;;;0;;;;;;;0;2;;;30.0;0.0;0.0;0;0.0;;0.0;0.0;0.0;;;-1.0;-0.03333333333333333;-0.08658008658008658;Pivot
0;;;1;;;;;1;1;0;;;;;;;;;;;;3;;;33;;;;0;0;;;30.0;0.03333333333333333;0.0;0;0.0;0.0;0.03333333333333333;0.0;0.0;;;-0.2;-0.006666666666666667;-0.017316017316017316;Pivot
1;;;1;;;;;1;0;0;;;;;;;;;;;;2;;;50;;;;3;0;;;30.0;0.03333333333333333;0.1;1;0.03333333333333333;0.5;0.03333333333333333;0.2727272727272727;0.05263157894736842;;;43.999.999.999.999.900;0.14666666666666664;0.3809523809523809;Pivot
0;;;0;;;;;0;0;0;;;;;;;;;;;;0;;;;;;;0;4;;;19.666.666.666.666.600;0.0;0.0;0;0.0;;0.0;0.0;0.0;;;-2.0;-0.1016949152542373;-0.17316017316017315;Pivot
1;;;0;;;;;1;0;0;;;;;;;;;;;;1;;;0;;;;1;1;;;19.0;0.0;0.05263157894736842;0;0.0;0.0;0.0;0.09090909090909091;0.0;;;0.5;0.02631578947368421;0.04329004329004329;Pivot
0;;;2;;;;;6;3;1;;;;;;;;;;;;12;;;17;;;;1;2;;;30.0;0.06666666666666667;0.03333333333333333;-1;-0.03333333333333333;-0.08333333333333333;0.06666666666666667;0.09090909090909091;-0.05263157894736842;;;-2.25;-0.075;-0.1948051948051948;Wing
1;;;4;;;;;1;1;1;;;;;;;;;;;;7;;;57;;;;7;4;;;45;0.08888888888888889;0.15555555555555556;3;0.06666666666666667;0.42857142857142855;0.08163265306122448;0.21875;0.07142857142857142;;;8.95;0.19888888888888887;0.14105594956658785;Pivot
1;;;0;;;;;0;0;0;;;;;;;;;;;;0;;;;;;;2;5;;;45;0.0;0.044444444444444446;0;0.0;;0.0;0.0625;0.0;;;-0.10000000000000009;-0.0022222222222222244;-0.00157604412923562;Pivot
0;;;1;;;;;0;0;0;;;;;;;;;;;;1;;;100;;;;2;1;;;45;0.022222222222222223;0.044444444444444446;1;0.022222222222222223;1.0;0.02040816326530612;0.0625;0.023809523809523808;;;2.9;0.06444444444444444;0.045705279747832936;Pivot
0;;;3;;;;;0;0;1;;;;;;;;;;;;4;;;75;;;;8;1;;;45;0.06666666666666667;0.17777777777777778;3;0.06666666666666667;0.75;0.061224489795918366;0.25;0.07142857142857142;;;11.85;0.2633333333333333;0.1867612293144208;Pivot
0;;;14;;;;;1;4;1;;;;;;;;;;;;20;;;70;;;;2;6;;;45;0.3111111111111111;0.044444444444444446;10;0.2222222222222222;0.5;0.2857142857142857;0.0625;0.23809523809523808;;;8.950.000.000.000.000;0.19888888888888892;0.14105594956658787;Wing
0;;;7;;;;;5;1;0;;;;;;;;;;;;13;;;54;;;;7;5;;;45;0.15555555555555556;0.15555555555555556;6;0.13333333333333333;0.46153846153846156;0.14285714285714285;0.21875;0.14285714285714285;;;10.9;0.24222222222222223;0.17178881008668243;Wing
0;;;20;;;;;4;1;4;;;;;;;;;;;;29;;;69;;;;4;4;;;45;0.4444444444444444;0.08888888888888889;19;0.4222222222222222;0.6551724137931034;0.40816326530612246;0.125;0.4523809523809524;;;20.0;0.4444444444444444;0.31520882584712373;Wing
0;;;9;;;;;4;0;0;;;;;;;;;;;;13;;;69;;;;6;3;;;45.0;0.2;0.13333333333333333;9;0.2;0.6923076923076923;0.25;0.23076923076923078;0.2903225806451613;;;13.899.999.999.999.900;0.3088888888888889;0.33016627078384797;Pivot
0;;;11;;;;;6;3;1;;;;;;;;;;;;21;;;52;;;;2;1;;;45.0;0.24444444444444444;0.044444444444444446;8;0.17777777777777778;0.38095238095238093;0.3055555555555556;0.07692307692307693;0.25806451612903225;;;8.45;0.18777777777777777;0.2007125890736342;Wing
0;;;6;;;;;6;1;1;;;;;;;;;;;;14;;;43;;;;2;9;;;3.433.333.333.333.330;0.1747572815533981;0.05825242718446603;5;0.14563106796116507;0.35714285714285715;0.16666666666666666;0.07692307692307693;0.16129032258064516;;;14.499.999.999.999.900;0.04223300970873786;0.0344418052256532;Wing
0;;;2;;;;;3;0;1;;;;;;;;;;;;6;;;33;;;;0;1;;;28.249.999.999.999.900;0.07079646017699116;0.0;2;0.07079646017699116;0.3333333333333333;0.05555555555555555;0.0;0.06451612903225806;;;0.6499999999999999;0.023008849557522127;0.015439429928741092;Wing
0;;;4;;;;;7;1;1;;;;;;;;;;;;13;;;31;;;;2;3;;;27.416.666.666.666.600;0.14589665653495443;0.07294832826747721;3;0.10942249240121582;0.23076923076923078;0.1111111111111111;0.07692307692307693;0.0967741935483871;;;2.25;0.08206686930091187;0.053444180522565325;Wing
0;;;0;;;;;5;0;0;;;;;;;;;;;;5;;;0;;;;5;2;;;45.0;0.0;0.1111111111111111;0;0.0;0.0;0.0;0.19230769230769232;0.0;;;4.0;0.08888888888888889;0.09501187648456058;Pivot
0;;;4;;;;;2;0;0;;;;;;;;;;;;6;;;67;;;;2;6;;;45.0;0.08888888888888889;0.044444444444444446;4;0.08888888888888889;0.6666666666666666;0.1111111111111111;0.07692307692307693;0.12903225806451613;;;3.0;0.06666666666666667;0.07125890736342044;Wing
1;;;0;;;;;0;0;0;;;;;;;;;;;;0;;;;;;;7;0;;;45.0;0.0;0.15555555555555556;0;0.0;;0.0;0.2692307692307692;0.0;;;8.4;0.18666666666666668;0.19952494061757722;Pivot
1;;;0;;;;;2;0;0;;;;;;;;;;;;2;;;0;;;;1;2;;;15;0.0;0.06666666666666667;0;0.0;0.0;0.0;0.030303030303030304;0.0;;;-0.19999999999999996;-0.01333333333333333;-0.003192338387869114;Pivot
0;;;9;;;;;6;1;1;;;;;;;;;;;;17;;;53;;;;20;0;;;45;0.2;0.4444444444444444;8;0.17777777777777778;0.47058823529411764;0.1836734693877551;0.6060606060606061;0.20512820512820512;;;30.55;0.6788888888888889;0.48762968874700724;Pivot
0;;;4;;;;;5;2;0;;;;;;;;;;;;11;;;36;;;;1;7;;;45;0.08888888888888889;0.022222222222222223;2;0.044444444444444446;0.18181818181818182;0.08163265306122448;0.030303030303030304;0.05128205128205128;;;-1.3;-0.02888888888888889;-0.020750199521149246;Wing
0;;;10;;;;;6;3;0;;;;;;;;;;;;19;;;53;;;;2;3;;;45;0.2222222222222222;0.044444444444444446;7;0.15555555555555556;0.3684210526315789;0.20408163265306123;0.06060606060606061;0.1794871794871795;;;6.699.999.999.999.990;0.14888888888888888;0.10694333599361533;Wing
0;;;12;;;;;3;0;0;;;;;;;;;;;;15;;;80;;;;2;1;;;45;0.26666666666666666;0.044444444444444446;12;0.26666666666666666;0.8;0.24489795918367346;0.06060606060606061;0.3076923076923077;;;13.3;0.29555555555555557;0.21229050279329614;Wing
1;;;0;;;;;1;1;0;;;;;;;;;;;;2;;;0;;;;3;0;;;30;0.0;0.1;-1;-0.03333333333333333;-0.5;0.0;0.09090909090909091;-0.02564102564102564;;;23.999.999.999.999.900;0.07999999999999999;0.03830806065442936;Pivot
0;;;5;;;;;1;2;2;;;;;;;;;;;;10;;;50;;;;2;1;;;45;0.1111111111111111;0.044444444444444446;3;0.06666666666666667;0.3;0.10204081632653061;0.06060606060606061;0.07692307692307693;;;4.199.999.999.999.990;0.09333333333333332;0.0670391061452514;Wing
0;;;9;;;;;2;1;0;;;;;;;;;;;;12;;;75;;;;2;6;;;45;0.2;0.044444444444444446;8;0.17777777777777778;0.6666666666666666;0.1836734693877551;0.06060606060606061;0.20512820512820512;;;7.0;0.15555555555555556;0.11173184357541902;Wing
0;;;5;;;;;12;1;1;;;;;;;;;;;;19;;;26;;;;3;2;;;31.499.999.999.999.900;0.15873015873015878;0.09523809523809526;4;0.126984126984127;0.21052631578947367;0.2777777777777778;0.23076923076923078;0.6666666666666666;;;39.499.999.999.999.900;0.1253968253968254;7.900.000.000.000.000;Wing
0;;;3;;;;;9;0;0;;;;;;;;;;;;12;;;25;;;;0;4;;;30.0;0.1;0.0;3;0.1;0.25;0.16666666666666666;0.0;0.5;;;-0.8;-0.02666666666666667;-16.000.000.000.000.000;Wing
0;;;3;;;;;10;1;1;;;;;;;;;;;;15;;;20;;;;3;0;;;28.5;0.10526315789473684;0.10526315789473684;2;0.07017543859649122;0.13333333333333333;0.16666666666666666;0.23076923076923078;0.3333333333333333;;;33.499.999.999.999.900;0.1175438596491228;6.700.000.000.000.000;Wing
1;;;0;;;;;1;0;0;;;;;;;;;;;;1;;;0;;;;1;1;;;15.0;0.0;0.06666666666666667;0;0.0;0.0;0.0;0.07692307692307693;0.0;;;0.5;0.03333333333333333;10.000.000.000.000.000;Pivot
1;;;0;;;;;0;0;0;;;;;;;;;;;;0;;;;;;;1;1;;;30.0;0.0;0.03333333333333333;0;0.0;;0.0;0.07692307692307693;0.0;;;0.7;0.02333333333333333;14.000.000.000.000.000;Pivot
0;;;1;;;;;3;2;0;;;;;;;;;;;;6;;;17;;;;0;4;;;30.0;0.03333333333333333;0.0;-1;-0.03333333333333333;-0.16666666666666666;0.05555555555555555;0.0;-0.16666666666666666;;;-3.6;-0.12000000000000001;-7.200.000.000.000.000;Wing
1;;;0;;;;;0;0;0;;;;;;;;;;;;0;;;;;;;2;2;;;30.0;0.0;0.06666666666666667;0;0.0;;0.0;0.15384615384615385;0.0;;;1.4;0.04666666666666666;2.800.000.000.000.000;Pivot
0;;;0;;;;;3;2;0;;;;;;;;;;;;5;;;0;;;;0;3;;;28.5;0.0;0.0;-2;-0.07017543859649122;-0.4;0.0;0.0;-0.3333333333333333;;;-4.1;-0.143859649122807;-8.200.000.000.000.000;Pivot
1;;;0;;;;;0;0;0;;;;;;;;;;;;0;;;;;;;0;1;;;30.0;0.0;0.0;0;0.0;;0.0;0.0;0.0;;;-0.5;-0.016666666666666666;-10.000.000.000.000.000;Pivot
0;;;3;;;;;7;4;0;;;;;;;;;;;;14;;;21;;;;2;1;;;31.499.999.999.999.900;0.09523809523809526;0.0634920634920635;-1;-0.03174603174603175;-0.07142857142857142;0.16666666666666666;0.15384615384615385;-0.16666666666666666;;;-0.5000000000000004;-0.01587301587301589;-10.000.000.000.000.000;Wing
0;;;3;;;;;8;2;0;;;;;;;;;;;;13;;;23;;;;1;1;;;30.0;0.1;0.03333333333333333;1;0.03333333333333333;0.07692307692307693;0.16666666666666666;0.07692307692307693;0.16666666666666666;;;0.09999999999999987;0.0033333333333333288;0.19999999999999982;Wing
1;;;4;;;;;0;2;1;;;;;;;;;;;;7;;;57;;;;0;2;;;30;0.13333333333333333;0.0;2;0.06666666666666667;0.2857142857142857;0.08163265306122448;0.0;0.044444444444444446;;;0.75;0.025;0.00815217391304348;Pivot
0;;;4;;;;;2;0;1;;;;;;;;;;;;7;;;57;;;;24;2;;;45;0.08888888888888889;0.5333333333333333;4;0.08888888888888889;0.5714285714285714;0.08163265306122448;0.4528301886792453;0.08888888888888889;;;31.15;0.6922222222222222;0.33858695652173915;Pivot
0;;;5;;;;;2;0;2;;;;;;;;;;;;9;;;56;;;;11;4;;;45;0.1111111111111111;0.24444444444444444;5;0.1111111111111111;0.5555555555555556;0.10204081632653061;0.20754716981132076;0.1111111111111111;;;15.299.999.999.999.900;0.33999999999999997;0.16630434782608697;Wing
0;;;4;;;;;1;1;0;;;;;;;;;;;;6;;;67;;;;2;2;;;30;0.13333333333333333;0.06666666666666667;3;0.1;0.5;0.08163265306122448;0.03773584905660377;0.06666666666666667;;;4.199.999.999.999.990;0.13999999999999999;0.04565217391304348;Wing
0;;;12;;;;;5;0;0;;;;;;;;;;;;17;;;71;;;;4;5;;;45;0.26666666666666666;0.08888888888888889;12;0.26666666666666666;0.7058823529411765;0.24489795918367346;0.07547169811320754;0.26666666666666666;;;13.3;0.29555555555555557;0.14456521739130437;Wing
1;;;3;;;;;2;0;0;;;;;;;;;;;;5;;;60;;;;6;3;;;45;0.06666666666666667;0.13333333333333333;3;0.06666666666666667;0.6;0.061224489795918366;0.11320754716981132;0.06666666666666667;;;8.299.999.999.999.990;0.1844444444444444;0.09021739130434783;Pivot
0;;;5;;;;;0;0;2;;;;;;;;;;;;7;;;71;;;;4;2;;;30;0.16666666666666666;0.13333333333333333;5;0.16666666666666666;0.7142857142857143;0.10204081632653061;0.07547169811320754;0.1111111111111111;;;8.3;0.27666666666666667;0.09021739130434785;Wing
0;;;12;;;;;1;1;0;;;;;;;;;;;;14;;;86;;;;2;5;;;45;0.26666666666666666;0.044444444444444446;11;0.24444444444444444;0.7857142857142857;0.24489795918367346;0.03773584905660377;0.24444444444444444;;;10.700.000.000.000.000;0.2377777777777778;0.11630434782608699;Wing
0;;;8;;;;;0;0;0;;;;;;;;;;;;8;;;100;;;;13;3;;;4.266.666.666.666.660;0.18749999999999997;0.30468749999999994;8;0.18749999999999997;1.0;0.16;0.35135135135135137;0.17391304347826086;;;22.1;0.51796875;0.30694444444444446;Pivot
0;;;9;;;;;1;1;1;;;;;;;;;;;;12;;;75;;;;3;1;;;30.333.333.333.333.300;0.2967032967032967;0.09890109890109891;8;0.26373626373626374;0.6666666666666666;0.18;0.08108108108108109;0.17391304347826086;;;10.649.999.999.999.900;0.3510989010989011;0.14791666666666664;Wing
0;;;4;;;;;0;1;2;;;;;;;;;;;;7;;;57;;;;0;5;;;25.166.666.666.666.600;0.15894039735099338;0.0;3;0.11920529801324505;0.42857142857142855;0.08;0.0;0.06521739130434782;;;0.0;0.0;0.0;Wing
0;;;11;;;;;4;1;8;;;;;;;;;;;;24;;;46;;;;3;1;;;3.683.333.333.333.330;0.29864253393665163;0.081447963800905;10;0.2714932126696833;0.4166666666666667;0.22;0.08108108108108109;0.21739130434782608;;;10.3;0.2796380090497738;0.14305555555555557;Wing
0;;;8;;;;;13;1;2;;;;;;;;;;;;24;;;33;;;;3;7;;;45.0;0.17777777777777778;0.06666666666666667;7;0.15555555555555556;0.2916666666666667;0.16;0.08108108108108109;0.15217391304347827;;;39.999.999.999.999.900;0.08888888888888888;0.05555555555555555;Wing
0;;;1;;;;;0;0;0;;;;;;;;;;;;1;;;100;;;;6;2;;;45.0;0.022222222222222223;0.13333333333333333;1;0.022222222222222223;1.0;0.02;0.16216216216216217;0.021739130434782608;;;7.199.999.999.999.990;0.15999999999999998;0.09999999999999999;Pivot
0;;;7;;;;;3;0;1;;;;;;;;;;;;11;;;64;;;;2;1;;;45.0;0.15555555555555556;0.044444444444444446;7;0.15555555555555556;0.6363636363636364;0.14;0.05405405405405406;0.15217391304347827;;;8.05;0.1788888888888889;0.11180555555555556;Wing
1;;;2;;;;;1;0;0;;;;;;;;;;;;3;;;67;;;;7;1;;;45.0;0.044444444444444446;0.15555555555555556;2;0.044444444444444446;0.6666666666666666;0.04;0.1891891891891892;0.043478260869565216;;;9.700.000.000.000.000;0.21555555555555558;0.13472222222222224;Pivot
0;;;9;;;;;8;1;0;;;;;;;;;;;;18;;;50;;;;0;2;;;26.999.999.999.999.900;0.33333333333333337;0.0;8;0.29629629629629634;0.4444444444444444;0.2571428571428571;0.0;0.27586206896551724;;;5.4;0.20000000000000004;0.1700787401574803;Wing
0;;;10;;;;;4;2;1;;;;;;;;;;;;17;;;59;;;;0;0;;;3.483.333.333.333.330;0.2870813397129187;0.0;8;0.22966507177033496;0.47058823529411764;0.2857142857142857;0.0;0.27586206896551724;;;6.95;0.1995215311004785;0.21889763779527557;Wing
0;;;1;;;;;2;0;1;;;;;;;;;;;;4;;;25;;;;2;4;;;30.0;0.03333333333333333;0.06666666666666667;1;0.03333333333333333;0.25;0.02857142857142857;0.09090909090909091;0.034482758620689655;;;0.75;0.025;0.023622047244094484;Pivot
0;;;2;;;;;5;0;0;;;;;;;;;;;;7;;;29;;;;10;5;;;45.0;0.044444444444444446;0.2222222222222222;2;0.044444444444444446;0.2857142857142857;0.05714285714285714;0.45454545454545453;0.06896551724137931;;;10.5;0.23333333333333334;0.3307086614173228;Pivot
0;;;2;;;;;7;0;1;;;;;;;;;;;;10;;;20;;;;5;10;;;45.0;0.044444444444444446;0.1111111111111111;2;0.044444444444444446;0.2;0.05714285714285714;0.22727272727272727;0.06896551724137931;;;13.499.999.999.999.900;0.029999999999999992;0.042519685039370064;Wing
0;;;6;;;;;3;1;1;;;;;;;;;;;;11;;;55;;;;2;3;;;43.166.666.666.666.600;0.138996138996139;0.04633204633204634;5;0.11583011583011583;0.45454545454545453;0.17142857142857143;0.09090909090909091;0.1724137931034483;;;5.050.000.000.000.000;0.11698841698841701;0.15905511811023623;Wing
1;;;0;;;;;1;0;1;;;;;;;;;;;;2;;;0;;;;0;0;;;21.166.666.666.666.600;0.0;0.0;0;0.0;0.0;0.0;0.0;0.0;;;-0.45;-0.021259842519685043;-0.014173228346456691;Pivot
1;;;0;;;;;2;1;0;;;;;;;;;;;;3;;;0;;;;1;1;;;23.833.333.333.333.300;0.0;0.04195804195804195;-1;-0.04195804195804195;-0.3333333333333333;0.0;0.045454545454545456;-0.034482758620689655;;;-0.7;-0.029370629370629366;-0.022047244094488185;Pivot
0;;;5;;;;;5;1;0;;;;;;;;;;;;11;;;45;;;;2;5;;;45.0;0.1111111111111111;0.044444444444444446;4;0.08888888888888889;0.36363636363636365;0.14285714285714285;0.09090909090909091;0.13793103448275862;;;2.9;0.06444444444444444;0.09133858267716534;Wing
0;;;10;;;;;10;0;1;;;;;;;;;;;;21;;;48;;;;3;2;;;45.0;0.2222222222222222;0.06666666666666667;10;0.2222222222222222;0.47619047619047616;0.2564102564102564;0.15789473684210525;0.2631578947368421;;;10.35;0.22999999999999998;0.26235741444866917;Wing
0;;;11;;;;;6;0;1;;;;;;;;;;;;18;;;61;;;;1;4;;;35.0;0.3142857142857143;0.02857142857142857;11;0.3142857142857143;0.6111111111111112;0.28205128205128205;0.05263157894736842;0.2894736842105263;;;8.75;0.25;0.2217997465145754;Wing
0;;;7;;;;;3;0;5;;;;;;;;;;;;15;;;47;;;;6;2;;;35.833.333.333.333.300;0.19534883720930232;0.16744186046511628;7;0.19534883720930232;0.4666666666666667;0.1794871794871795;0.3157894736842105;0.18421052631578946;;;11.35;0.3167441860465116;0.2877059569074778;Wing
1;;;0;;;;;0;0;0;;;;;;;;;;;;0;;;;;;;2;2;;;3.433.333.333.333.330;0.0;0.05825242718446603;0;0.0;;0.0;0.10526315789473684;0.0;;;1.4;0.040776699029126215;0.03548795944233206;Pivot
1;;;0;;;;;0;0;0;;;;;;;;;;;;0;;;;;;;0;5;;;30.0;0.0;0.0;0;0.0;;0.0;0.0;0.0;;;-2.5;-0.08333333333333333;-0.06337135614702154;Pivot
0;;;0;;;;;1;0;0;;;;;;;;;;;;1;;;0;;;;1;3;;;30.0;0.0;0.03333333333333333;0;0.0;0.0;0.0;0.05263157894736842;0.0;;;-0.5;-0.016666666666666666;-0.012674271229404309;Pivot
1;;;0;;;;;0;0;0;;;;;;;;;;;;0;;;;;;;1;1;;;25.0;0.0;0.04;0;0.0;;0.0;0.05263157894736842;0.0;;;0.7;0.027999999999999997;0.01774397972116603;Pivot
0;;;2;;;;;3;0;0;;;;;;;;;;;;5;;;40;;;;1;2;;;15.0;0.13333333333333333;0.06666666666666667;2;0.13333333333333333;0.4;0.05128205128205128;0.05263157894736842;0.05263157894736842;;;15.999.999.999.999.900;0.10666666666666666;0.04055766793409378;Wing
1;;;0;;;;;0;0;0;;;;;;;;;;;;0;;;;;;;0;5;;;10.666.666.666.666.600;0.0;0.0;0;0.0;;0.0;0.0;0.0;;;-2.5;-0.23437499999999997;-0.06337135614702154;Pivot
0;;;8;;;;;3;1;0;;;;;;;;;;;;12;;;67;;;;4;0;;;39.166.666.666.666.600;0.2042553191489362;0.1021276595744681;7;0.17872340425531916;0.5833333333333334;0.20512820512820512;0.21052631578947367;0.18421052631578946;;;11.2;0.28595744680851065;0.2839036755386565;Wing
0;;;1;;;;;2;0;0;;;;;;;;;;;;3;;;33;;;;0;2;;;15.0;0.06666666666666667;0.0;1;0.06666666666666667;0.3333333333333333;0.02564102564102564;0.0;0.02631578947368421;;;-0.4;-0.02666666666666667;-0.010139416983523447;Pivot
0;;;13;;;;;6;1;1;;;;;;;;;;;;21;;;62;;;;2;4;;;45.0;0.28888888888888886;0.044444444444444446;12;0.26666666666666666;0.5714285714285714;0.24074074074074073;0.07142857142857142;0.25;;;10.950.000.000.000.000;0.24333333333333335;0.1771844660194175;Wing
0;;;3;;;;;2;0;0;;;;;;;;;;;;5;;;60;;;;4;0;;;45.0;0.06666666666666667;0.08888888888888889;3;0.06666666666666667;0.6;0.05555555555555555;0.14285714285714285;0.0625;;;7.4;0.16444444444444445;0.1197411003236246;Pivot
0;;;2;;;;;1;1;0;;;;;;;;;;;;4;;;50;;;;0;7;;;19.416.666.666.666.600;0.10300429184549358;0.0;1;0.05150214592274679;0.25;0.037037037037037035;0.0;0.020833333333333332;;;-2.7;-0.13905579399141635;-0.04368932038834952;Pivot
0;;;7;;;;;2;1;0;;;;;;;;;;;;10;;;70;;;;8;4;;;40.583.333.333.333.300;0.17248459958932238;0.19712525667351127;6;0.14784394250513347;0.6;0.12962962962962962;0.2857142857142857;0.125;;;13.2;0.3252566735112936;0.21359223300970873;Wing
0;;;12;;;;;1;1;0;;;;;;;;;;;;14;;;86;;;;6;2;;;45.0;0.26666666666666666;0.13333333333333333;11;0.24444444444444444;0.7857142857142857;0.2222222222222222;0.21428571428571427;0.22916666666666666;;;17.0;0.37777777777777777;0.2750809061488673;Wing
0;;;6;;;;;3;1;2;;;;;;;;;;;;12;;;50;;;;3;8;;;30.0;0.2;0.1;5;0.16666666666666666;0.4166666666666667;0.1111111111111111;0.10714285714285714;0.10416666666666667;;;34.999.999.999.999.900;0.11666666666666665;0.056634304207119734;Wing
1;;;0;;;;;1;0;0;;;;;;;;;;;;1;;;0;;;;1;1;;;15.0;0.0;0.06666666666666667;0;0.0;0.0;0.0;0.03571428571428571;0.0;;;0.5;0.03333333333333333;0.008090614886731393;Pivot
1;;;3;;;;;1;0;0;;;;;;;;;;;;4;;;75;;;;2;1;;;30.0;0.1;0.06666666666666667;3;0.1;0.75;0.05555555555555555;0.07142857142857142;0.0625;;;4.699.999.999.999.990;0.15666666666666665;0.07605177993527508;Pivot
0;;;8;;;;;2;1;1;;;;;;;;;;;;12;;;67;;;;2;3;;;45.0;0.17777777777777778;0.044444444444444446;7;0.15555555555555556;0.5833333333333334;0.14814814814814814;0.07142857142857142;0.14583333333333334;;;7.25;0.16111111111111112;0.11731391585760519;Wing
0;;;4;;;;;1;0;0;;;;;;;;;;;;5;;;80;;;;14;2;;;3.666.666.666.666.660;0.10909090909090907;0.3818181818181818;4;0.10909090909090907;0.8;0.07547169811320754;0.35;0.0784313725490196;;;19.6;0.5345454545454545;0.23208999407933695;Pivot
0;;;4;;;;;5;1;1;;;;;;;;;;;;11;;;36;;;;2;3;;;27.499.999.999.999.900;0.14545454545454548;0.07272727272727274;3;0.1090909090909091;0.2727272727272727;0.07547169811320754;0.05;0.058823529411764705;;;2.65;0.09636363636363637;0.03137951450562463;Wing
0;;;8;;;;;4;0;0;;;;;;;;;;;;12;;;67;;;;4;0;;;31.499.999.999.999.900;0.253968253968254;0.126984126984127;8;0.253968253968254;0.6666666666666666;0.1509433962264151;0.1;0.1568627450980392;;;12.0;0.38095238095238104;0.14209591474245117;Wing
0;;;4;;;;;1;0;0;;;;;;;;;;;;5;;;80;;;;1;3;;;15.0;0.26666666666666666;0.06666666666666667;4;0.26666666666666666;0.8;0.07547169811320754;0.025;0.0784313725490196;;;3.5;0.23333333333333334;0.04144464179988159;Wing
0;;;13;;;;;2;0;1;;;;;;;;;;;;16;;;81;;;;5;2;;;30.0;0.43333333333333335;0.16666666666666666;13;0.43333333333333335;0.8125;0.24528301886792453;0.125;0.2549019607843137;;;17.35;0.5783333333333334;0.20544701006512733;Wing
0;;;8;;;;;5;0;1;;;;;;;;;;;;14;;;57;;;;3;4;;;3.733.333.333.333.330;0.2142857142857143;0.08035714285714286;8;0.2142857142857143;0.5714285714285714;0.1509433962264151;0.075;0.1568627450980392;;;8.35;0.2236607142857143;0.09887507400828893;Wing
0;;;0;;;;;0;0;0;;;;;;;;;;;;0;;;;;;;6;1;;;4.016.666.666.666.660;0.0;0.14937759336099582;0;0.0;;0.0;0.15;0.0;;;6.699.999.999.999.990;0.166804979253112;0.0793368857312019;Pivot
0;;;8;;;;;3;0;0;;;;;;;;;;;;11;;;73;;;;1;1;;;33.5;0.23880597014925373;0.029850746268656716;8;0.23880597014925373;0.7272727272727273;0.1509433962264151;0.025;0.1568627450980392;;;8.1;0.2417910447761194;0.09591474245115454;Wing
1;;;0;;;;;0;0;0;;;;;;;;;;;;0;;;;;;;3;0;;;45.0;0.0;0.06666666666666667;0;0.0;;0.0;0.075;0.0;;;35.999.999.999.999.900;0.07999999999999999;0.04262877442273535;Pivot
0;;;4;;;;;3;1;0;;;;;;;;;;;;8;;;50;;;;1;2;;;18.333.333.333.333.300;0.2181818181818182;0.05454545454545455;3;0.16363636363636364;0.375;0.07547169811320754;0.025;0.058823529411764705;;;25.999.999.999.999.900;0.14181818181818182;0.03078744819419775;Wing
0;;;5;;;;;11;3;0;;;;;;;;;;;;19;;;26;;;;5;3;;;45;0.1111111111111111;0.1111111111111111;2;0.044444444444444446;0.10526315789473684;0.1282051282051282;0.20833333333333334;0.06451612903225806;;;4.3;0.09555555555555555;0.09930715935334873;Wing
0;;;9;;;;;6;4;1;;;;;;;;;;;;20;;;45;;;;2;1;;;45;0.2;0.044444444444444446;5;0.1111111111111111;0.25;0.23076923076923078;0.08333333333333333;0.16129032258064516;;;5.449.999.999.999.990;0.1211111111111111;0.1258660508083141;Wing
0;;;8;;;;;8;0;2;;;;;;;;;;;;18;;;44;;;;4;3;;;45;0.17777777777777778;0.08888888888888889;8;0.17777777777777778;0.4444444444444444;0.20512820512820512;0.16666666666666666;0.25806451612903225;;;9.2;0.20444444444444443;0.21247113163972287;Wing
0;;;8;;;;;9;0;1;;;;;;;;;;;;18;;;44;;;;2;3;;;45;0.17777777777777778;0.044444444444444446;8;0.17777777777777778;0.4444444444444444;0.20512820512820512;0.08333333333333333;0.25806451612903225;;;6.85;0.1522222222222222;0.1581986143187067;Wing
0;;;8;;;;;3;0;1;;;;;;;;;;;;12;;;67;;;;1;3;;;45;0.17777777777777778;0.022222222222222223;8;0.17777777777777778;0.6666666666666666;0.20512820512820512;0.041666666666666664;0.25806451612903225;;;68.500.000.000.000.000;0.15222222222222223;0.15819861431870672;Wing
1;;;1;;;;;3;1;1;;;;;;;;;;;;6;;;17;;;;10;1;;;45;0.022222222222222223;0.2222222222222222;0;0.0;0.0;0.02564102564102564;0.4166666666666667;0.0;;;10.65;0.23666666666666666;0.24595842956120095;Pivot
0;;;4;;;;;0;0;0;;;;;;;;;;;;4;;;100;;;;9;2;;;45.0;0.08888888888888889;0.2;4;0.08888888888888889;1.0;0.07272727272727272;0.20930232558139536;0.0784313725490196;;;13.799.999.999.999.900;0.30666666666666664;0.15898617511520738;Pivot
0;;;6;;;;;7;0;0;;;;;;;;;;;;13;;;46;;;;6;3;;;3.233.333.333.333.330;0.18556701030927839;0.18556701030927839;6;0.18556701030927839;0.46153846153846156;0.10909090909090909;0.13953488372093023;0.11764705882352941;;;10.299.999.999.999.900;0.31855670103092787;0.11866359447004607;Wing
0;;;15;;;;;2;1;2;;;;;;;;;;;;20;;;75;;;;3;1;;;3.299.999.999.999.990;0.45454545454545464;0.09090909090909093;14;0.4242424242424243;0.7;0.2727272727272727;0.06976744186046512;0.27450980392156865;;;16.2;0.490909090909091;0.18663594470046083;Wing
0;;;11;;;;;4;1;0;;;;;;;;;;;;16;;;69;;;;2;3;;;30.666.666.666.666.600;0.3586956521739131;0.06521739130434782;10;0.32608695652173914;0.625;0.2;0.046511627906976744;0.19607843137254902;;;10.1;0.32934782608695656;0.11635944700460829;Wing
0;;;2;;;;;5;0;0;;;;;;;;;;;;7;;;29;;;;0;0;;;1.233.333.333.333.330;0.1621621621621622;0.0;2;0.1621621621621622;0.2857142857142857;0.03636363636363636;0.0;0.0392156862745098;;;1.0;0.0810810810810811;0.01152073732718894;Wing
0;;;10;;;;;6;0;0;;;;;;;;;;;;16;;;63;;;;1;1;;;33.333.333.333.333.300;0.3;0.03;10;0.3;0.625;0.18181818181818182;0.023255813953488372;0.19607843137254902;;;9.5;0.285;0.10944700460829493;Wing
0;;;1;;;;;1;0;0;;;;;;;;;;;;2;;;50;;;;15;1;;;45.0;0.022222222222222223;0.3333333333333333;1;0.022222222222222223;0.5;0.01818181818181818;0.3488372093023256;0.0196078431372549;;;18.3;0.4066666666666667;0.2108294930875576;Pivot
0;;;3;;;;;2;1;0;;;;;;;;;;;;6;;;50;;;;1;2;;;24.333.333.333.333.300;0.12328767123287672;0.04109589041095891;2;0.08219178082191782;0.3333333333333333;0.05454545454545454;0.023255813953488372;0.0392156862745098;;;1.8;0.07397260273972603;0.020737327188940093;Wing
1;;;0;;;;;0;0;0;;;;;;;;;;;;0;;;;;;;6;5;;;45.0;0.0;0.13333333333333333;0;0.0;;0.0;0.13953488372093023;0.0;;;4.699.999.999.999.990;0.10444444444444442;0.05414746543778801;Pivot
0;;;3;;;;;2;1;0;;;;;;;;;;;;6;;;50;;;;0;1;;;14.0;0.21428571428571427;0.0;2;0.14285714285714285;0.3333333333333333;0.05454545454545454;0.0;0.0392156862745098;;;1.1;0.07857142857142858;0.012672811059907835;Wing
0;;;7;;;;;8;0;1;;;;;;;;;;;;16;;;44;;;;3;6;;;45;0.15555555555555556;0.06666666666666667;7;0.15555555555555556;0.4375;0.1794871794871795;0.10344827586206896;0.2;;;5.75;0.12777777777777777;0.11454183266932273;Wing
0;;;3;;;;;9;0;1;;;;;;;;;;;;13;;;23;;;;8;4;;;45;0.06666666666666667;0.17777777777777778;3;0.06666666666666667;0.23076923076923078;0.07692307692307693;0.27586206896551724;0.08571428571428572;;;8.549.999.999.999.990;0.18999999999999997;0.1703187250996016;Wing
0;;;0;;;;;0;0;0;;;;;;;;;;;;0;;;;;;;0;2;;;45;0.0;0.0;0;0.0;;0.0;0.0;0.0;;;-1.0;-0.022222222222222223;-0.019920318725099605;Pivot
0;;;13;;;;;14;1;0;;;;;;;;;;;;28;;;46;;;;8;3;;;45;0.28888888888888886;0.17777777777777778;12;0.26666666666666666;0.42857142857142855;0.3333333333333333;0.27586206896551724;0.34285714285714286;;;17.299.999.999.999.900;0.38444444444444437;0.34462151394422313;Wing
0;;;14;;;;;5;2;2;;;;;;;;;;;;23;;;61;;;;2;2;;;45;0.3111111111111111;0.044444444444444446;12;0.26666666666666666;0.5217391304347826;0.358974358974359;0.06896551724137931;0.34285714285714286;;;11.9;0.2644444444444444;0.23705179282868533;Wing
1;;;0;;;;;0;0;0;;;;;;;;;;;;0;;;;;;;6;2;;;45;0.0;0.13333333333333333;0;0.0;;0.0;0.20689655172413793;0.0;;;6.199.999.999.999.990;0.13777777777777775;0.12350597609561755;Pivot
0;;;2;;;;;7;1;0;;;;;;;;;;;;10;;;20;;;;2;1;;;45;0.044444444444444446;0.044444444444444446;1;0.022222222222222223;0.1;0.05128205128205128;0.06896551724137931;0.02857142857142857;;;14.999.999.999.999.900;0.033333333333333326;0.029880478087649404;Wing
0;;;7;;;;;9;0;1;;;;;;;;;;;;17;;;41;;;;0;2;;;32.25;0.21705426356589147;0.0;7;0.21705426356589147;0.4117647058823529;0.19444444444444445;0.0;0.22580645161290322;;;3.95;0.12248062015503877;0.1219135802469136;Wing
0;;;9;;;;;5;1;4;;;;;;;;;;;;19;;;47;;;;0;3;;;4.274.999.999.999.990;0.21052631578947373;0.0;8;0.18713450292397663;0.42105263157894735;0.25;0.0;0.25806451612903225;;;4.5;0.10526315789473686;0.1388888888888889;Wing
0;;;12;;;;;8;1;0;;;;;;;;;;;;21;;;57;;;;8;0;;;45.0;0.26666666666666666;0.17777777777777778;11;0.24444444444444444;0.5238095238095238;0.3333333333333333;0.42105263157894735;0.3548387096774194;;;19.0;0.4222222222222222;0.5864197530864198;Wing
1;;;0;;;;;1;0;0;;;;;;;;;;;;1;;;0;;;;0;3;;;20.666.666.666.666.600;0.0;0.0;0;0.0;0.0;0.0;0.0;0.0;;;-1.7;-0.08225806451612902;-0.05246913580246914;Pivot
1;;;0;;;;;0;0;0;;;;;;;;;;;;0;;;;;;;6;6;;;34.0;0.0;0.17647058823529413;0;0.0;;0.0;0.3157894736842105;0.0;;;4.199.999.999.999.990;0.12352941176470586;0.12962962962962962;Pivot
0;;;1;;;;;2;0;0;;;;;;;;;;;;3;;;33;;;;2;2;;;30.0;0.03333333333333333;0.06666666666666667;1;0.03333333333333333;0.3333333333333333;0.027777777777777776;0.10526315789473684;0.03225806451612903;;;2.0;0.06666666666666667;0.0617283950617284;Pivot
1;;;0;;;;;0;0;0;;;;;;;;;;;;0;;;;;;;1;1;;;16.499.999.999.999.900;0.0;0.06060606060606062;0;0.0;;0.0;0.05263157894736842;0.0;;;0.7;0.042424242424242434;0.021604938271604937;Pivot
0;;;1;;;;;1;1;1;;;;;;;;;;;;4;;;25;;;;0;3;;;30.0;0.03333333333333333;0.0;0;0.0;0.0;0.027777777777777776;0.0;0.0;;;-1.95;-0.065;-0.06018518518518519;Wing
1;;;0;;;;;1;1;0;;;;;;;;;;;;2;;;0;;;;1;2;;;24.5;0.0;0.04081632653061224;-1;-0.04081632653061224;-0.5;0.0;0.05263157894736842;-0.03225806451612903;;;-10.000.000.000.000.000;-0.040816326530612256;-0.030864197530864206;Pivot
0;;;6;;;;;5;1;0;;;;;;;;;;;;12;;;50;;;;1;5;;;3.933.333.333.333.330;0.15254237288135594;0.025423728813559324;5;0.12711864406779663;0.4166666666666667;0.16666666666666666;0.05263157894736842;0.16129032258064516;;;2.7;0.06864406779661018;0.08333333333333334;Wing
0;;;15;;;;;3;1;0;;;;;;;;;;;;19;;;79;;;;5;2;;;45;0.3333333333333333;0.1111111111111111;14;0.3111111111111111;0.7368421052631579;0.25;0.15625;0.2641509433962264;;;18.4;0.40888888888888886;0.23409669211195924;Wing
0;;;15;;;;;6;0;1;;;;;;;;;;;;22;;;68;;;;4;4;;;45;0.3333333333333333;0.08888888888888889;15;0.3333333333333333;0.6818181818181818;0.25;0.125;0.2830188679245283;;;16.35;0.36333333333333334;0.2080152671755725;Wing
0;;;11;;;;;3;1;1;;;;;;;;;;;;16;;;69;;;;13;3;;;45;0.24444444444444444;0.28888888888888886;10;0.2222222222222222;0.625;0.18333333333333332;0.40625;0.18867924528301888;;;23.25;0.5166666666666667;0.2958015267175572;Wing
0;;;9;;;;;2;0;0;;;;;;;;;;;;11;;;82;;;;4;2;;;45;0.2;0.08888888888888889;9;0.2;0.8181818181818182;0.15;0.125;0.16981132075471697;;;12.399.999.999.999.900;0.2755555555555555;0.15776081424936383;Wing
0;;;5;;;;;3;3;1;;;;;;;;;;;;12;;;42;;;;4;2;;;45;0.1111111111111111;0.08888888888888889;2;0.044444444444444446;0.16666666666666666;0.08333333333333333;0.125;0.03773584905660377;;;4.949.999.999.999.990;0.10999999999999999;0.0629770992366412;Wing
1;;;5;;;;;2;2;1;;;;;;;;;;;;10;;;50;;;;2;3;;;45;0.1111111111111111;0.044444444444444446;3;0.06666666666666667;0.3;0.08333333333333333;0.0625;0.05660377358490566;;;3.25;0.07222222222222222;0.04134860050890585;Wing
0;;;8;;;;;12;2;2;;;;;;;;;;;;24;;;33;;;;1;3;;;34.75;0.2302158273381295;0.02877697841726619;6;0.17266187050359713;0.25;0.22857142857142856;0.05;0.23076923076923078;;;2.8;0.08057553956834532;0.10071942446043165;Wing
0;;;11;;;;;10;2;0;;;;;;;;;;;;23;;;48;;;;0;4;;;36.416.666.666.666.600;0.30205949656750575;0.0;9;0.2471395881006865;0.391304347826087;0.3142857142857143;0.0;0.34615384615384615;;;5.0;0.13729977116704806;0.1798561151079137;Wing
0;;;9;;;;;6;3;2;;;;;;;;;;;;20;;;45;;;;9;2;;;39.666.666.666.666.600;0.22689075630252103;0.22689075630252103;6;0.1512605042016807;0.3;0.2571428571428571;0.45;0.23076923076923078;;;14.099.999.999.999.900;0.35546218487394954;0.5071942446043165;Wing
1;;;0;;;;;2;0;0;;;;;;;;;;;;2;;;0;;;;3;0;;;26.499.999.999.999.900;0.0;0.11320754716981134;0;0.0;0.0;0.0;0.15;0.0;;;31.999.999.999.999.900;0.12075471698113208;0.11510791366906475;Pivot
1;;;0;;;;;0;0;0;;;;;;;;;;;;0;;;;;;;1;3;;;30.0;0.0;0.03333333333333333;0;0.0;;0.0;0.05;0.0;;;-0.30000000000000004;-0.010000000000000002;-0.010791366906474822;Pivot
0;;;0;;;;;1;1;1;;;;;;;;;;;;3;;;0;;;;2;7;;;30.0;0.0;0.06666666666666667;-1;-0.03333333333333333;-0.3333333333333333;0.0;0.1;-0.038461538461538464;;;-25.500.000.000.000.000;-0.085;-0.09172661870503598;Wing
1;;;0;;;;;0;0;0;;;;;;;;;;;;0;;;;;;;0;2;;;30.0;0.0;0.0;0;0.0;;0.0;0.0;0.0;;;-1.0;-0.03333333333333333;-0.03597122302158274;Pivot
0;;;0;;;;;1;0;0;;;;;;;;;;;;1;;;0;;;;0;3;;;20.0;0.0;0.0;0;0.0;0.0;0.0;0.0;0.0;;;-1.7;-0.08499999999999999;-0.06115107913669065;Pivot
1;;;1;;;;;0;0;0;;;;;;;;;;;;1;;;100;;;;2;3;;;32.333.333.333.333.300;0.03092783505154639;0.06185567010309278;1;0.03092783505154639;1.0;0.02857142857142857;0.1;0.038461538461538464;;;1.9;0.05876288659793814;0.0683453237410072;Pivot
0;;;6;;;;;4;1;1;;;;;;;;;;;;12;;;50;;;;2;0;;;35.333.333.333.333.300;0.16981132075471697;0.056603773584905655;5;0.14150943396226415;0.4166666666666667;0.17142857142857143;0.1;0.19230769230769232;;;6.35;0.17971698113207546;0.22841726618705038;Wing
0;;;11;;;;;5;1;0;;;;;;;;;;;;17;;;65;;;;8;2;;;45;0.24444444444444444;0.17777777777777778;10;0.2222222222222222;0.5882352941176471;0.171875;0.2222222222222222;0.16666666666666666;;;17.6;0.39111111111111113;0.19675796534376752;Wing
0;;;10;;;;;7;0;0;;;;;;;;;;;;17;;;59;;;;9;2;;;45;0.2222222222222222;0.2;10;0.2222222222222222;0.5882352941176471;0.15625;0.25;0.16666666666666666;;;18.4;0.40888888888888886;0.20570150922302963;Wing
0;;;0;;;;;0;0;0;;;;;;;;;;;;0;;;;;;;0;6;;;45;0.0;0.0;0;0.0;;0.0;0.0;0.0;;;-3.0;-0.06666666666666667;-0.0335382895472331;Pivot
0;;;23;;;;;4;2;0;;;;;;;;;;;;29;;;79;;;;7;3;;;45;0.5111111111111111;0.15555555555555556;21;0.4666666666666667;0.7241379310344828;0.359375;0.19444444444444445;0.35;;;27.1;0.6022222222222222;0.3029625489100056;Wing
0;;;10;;;;;1;1;1;;;;;;;;;;;;13;;;77;;;;6;2;;;45;0.2222222222222222;0.13333333333333333;9;0.2;0.6923076923076923;0.15625;0.16666666666666666;0.15;;;14.75;0.3277777777777778;0.16489659027389605;Wing
1;;;1;;;;;0;0;0;;;;;;;;;;;;1;;;100;;;;4;2;;;45;0.022222222222222223;0.08888888888888889;1;0.022222222222222223;1.0;0.015625;0.1111111111111111;0.016666666666666666;;;4.8;0.10666666666666666;0.053661263275572954;Pivot
0;;;9;;;;;3;0;0;;;;;;;;;;;;12;;;75;;;;2;2;;;45;0.2;0.044444444444444446;9;0.2;0.75;0.140625;0.05555555555555555;0.15;;;9.8;0.2177777777777778;0.10955841252096145;Wing
0;;;2;;;;;0;0;1;;;;;;;;;;;;3;;;67;;;;5;4;;;3.808.333.333.333.330;0.052516411378555804;0.1312910284463895;2;0.052516411378555804;0.6666666666666666;0.041666666666666664;0.1388888888888889;0.045454545454545456;;;5.75;0.15098468271334795;0.08524833209785028;Pivot
0;;;9;;;;;0;1;0;;;;;;;;;;;;10;;;90;;;;2;2;;;32.583.333.333.333.300;0.27621483375959077;0.06138107416879795;8;0.2455242966751918;0.8;0.1875;0.05555555555555555;0.18181818181818182;;;9.4;0.2884910485933504;0.13936249073387696;Wing
0;;;9;;;;;1;3;1;;;;;;;;;;;;14;;;64;;;;9;5;;;38.5;0.23376623376623376;0.23376623376623376;6;0.15584415584415584;0.42857142857142855;0.1875;0.25;0.13636363636363635;;;13.849.999.999.999.900;0.3597402597402597;0.20533728687916974;Wing
0;;;5;;;;;1;0;1;;;;;;;;;;;;7;;;71;;;;1;9;;;28.916.666.666.666.600;0.1729106628242075;0.0345821325648415;5;0.1729106628242075;0.7142857142857143;0.10416666666666667;0.027777777777777776;0.11363636363636363;;;12.499.999.999.999.900;0.04322766570605187;0.018532246108228317;Wing
0;;;10;;;;;2;0;3;;;;;;;;;;;;15;;;67;;;;1;1;;;24.916.666.666.666.600;0.40133779264214053;0.04013377926421405;10;0.40133779264214053;0.6666666666666666;0.20833333333333334;0.027777777777777776;0.22727272727272727;;;9.549.999.999.999.990;0.3832775919732441;0.14158636026686436;Wing
0;;;6;;;;;4;0;1;;;;;;;;;;;;11;;;55;;;;1;3;;;2.983.333.333.333.330;0.20111731843575423;0.033519553072625705;6;0.20111731843575423;0.5454545454545454;0.125;0.027777777777777776;0.13636363636363635;;;4.65;0.15586592178770953;0.06893995552260936;Wing
0;;;2;;;;;0;0;0;;;;;;;;;;;;2;;;100;;;;6;2;;;4.266.666.666.666.660;0.04687499999999999;0.14062499999999997;2;0.04687499999999999;1.0;0.041666666666666664;0.16666666666666666;0.045454545454545456;;;8.2;0.19218749999999996;0.12157153446997777;Pivot
0;;;4;;;;;2;0;0;;;;;;;;;;;;6;;;67;;;;2;4;;;34.5;0.11594202898550725;0.057971014492753624;4;0.11594202898550725;0.6666666666666666;0.08333333333333333;0.05555555555555555;0.09090909090909091;;;4.0;0.11594202898550725;0.05930318754633063;Wing
1;;;1;;;;;0;0;0;;;;;;;;;;;;1;;;100;;;;9;2;;;45.0;0.022222222222222223;0.2;1;0.022222222222222223;1.0;0.020833333333333332;0.25;0.022727272727272728;;;10.799.999.999.999.900;0.23999999999999996;0.16011860637509268;Pivot
0;;;7;;;;;7;1;0;;;;;;;;;;;;15;;;47;;;;2;2;;;3.866.666.666.666.660;0.18103448275862066;0.051724137931034475;6;0.15517241379310343;0.4;0.28;0.2222222222222222;0.3157894736842105;;;6.0;0.15517241379310343;0.40955631399317405;Wing
0;;;7;;;;;4;1;1;;;;;;;;;;;;13;;;54;;;;0;4;;;27.666.666.666.666.600;0.25301204819277107;0.0;6;0.21686746987951808;0.46153846153846156;0.28;0.0;0.3157894736842105;;;2.95;0.10662650602409639;0.20136518771331058;Wing
0;;;1;;;;;4;0;0;;;;;;;;;;;;5;;;20;;;;0;2;;;17.333.333.333.333.300;0.057692307692307696;0.0;1;0.057692307692307696;0.2;0.04;0.0;0.05263157894736842;;;-0.8;-0.046153846153846156;-0.05460750853242321;Pivot
1;;;2;;;;;2;1;1;;;;;;;;;;;;6;;;33;;;;1;1;;;30.0;0.06666666666666667;0.03333333333333333;1;0.03333333333333333;0.16666666666666666;0.08;0.1111111111111111;0.05263157894736842;;;10.499.999.999.999.900;0.034999999999999996;0.07167235494880544;Pivot
0;;;8;;;;;8;3;1;;;;;;;;;;;;20;;;40;;;;2;2;;;3.633.333.333.333.330;0.22018348623853215;0.05504587155963304;5;0.13761467889908258;0.25;0.32;0.2222222222222222;0.2631578947368421;;;4.55;0.12522935779816516;0.31058020477815695;Wing
1;;;0;;;;;0;0;0;;;;;;;;;;;;0;;;;;;;1;2;;;30.0;0.0;0.03333333333333333;0;0.0;;0.0;0.1111111111111111;0.0;;;0.19999999999999996;0.006666666666666665;0.013651877133105799;Pivot
0;;;0;;;;;2;0;0;;;;;;;;;;;;2;;;0;;;;1;5;;;4.183.333.333.333.330;0.0;0.023904382470119525;0;0.0;0.0;0.0;0.1111111111111111;0.0;;;-1.7;-0.040637450199203194;-0.11604095563139931;Wing
1;;;0;;;;;0;0;0;;;;;;;;;;;;0;;;;;;;2;0;;;37.25;0.0;0.053691275167785234;0;0.0;;0.0;0.2222222222222222;0.0;;;2.4;0.06442953020134227;0.16382252559726962;Pivot
0;;;4;;;;;1;0;0;;;;;;;;;;;;5;;;80;;;;18;0;;;45;0.08888888888888889;0.4;4;0.08888888888888889;0.8;0.06451612903225806;0.3673469387755102;0.07142857142857142;;;25.4;0.5644444444444444;0.2509881422924901;Pivot
0;;;10;;;;;2;1;0;;;;;;;;;;;;13;;;77;;;;3;5;;;30;0.3333333333333333;0.1;9;0.3;0.6923076923076923;0.16129032258064516;0.061224489795918366;0.16071428571428573;;;9.7;0.3233333333333333;0.0958498023715415;Wing
0;;;12;;;;;2;1;0;;;;;;;;;;;;15;;;80;;;;7;1;;;30;0.4;0.23333333333333334;11;0.36666666666666664;0.7333333333333333;0.1935483870967742;0.14285714285714285;0.19642857142857142;;;18.5;0.6166666666666667;0.18280632411067196;Wing
0;;;8;;;;;1;2;1;;;;;;;;;;;;12;;;67;;;;1;3;;;30;0.26666666666666666;0.03333333333333333;6;0.2;0.5;0.12903225806451613;0.02040816326530612;0.10714285714285714;;;5.25;0.175;0.05187747035573123;Wing
0;;;8;;;;;3;2;1;;;;;;;;;;;;14;;;57;;;;0;3;;;30;0.26666666666666666;0.0;6;0.2;0.42857142857142855;0.12903225806451613;0.0;0.10714285714285714;;;36.500.000.000.000.000;0.12166666666666667;0.036067193675889335;Wing
0;;;8;;;;;0;0;0;;;;;;;;;;;;8;;;100;;;;3;2;;;30;0.26666666666666666;0.1;8;0.26666666666666666;1.0;0.12903225806451613;0.061224489795918366;0.14285714285714285;;;10.6;0.35333333333333333;0.10474308300395258;Wing
0;;;2;;;;;1;0;0;;;;;;;;;;;;3;;;67;;;;7;1;;;45;0.044444444444444446;0.15555555555555556;2;0.044444444444444446;0.6666666666666666;0.03225806451612903;0.14285714285714285;0.03571428571428571;;;9.700.000.000.000.000;0.21555555555555558;0.09584980237154152;Pivot
0;;;10;;;;;3;0;0;;;;;;;;;;;;13;;;77;;;;2;2;;;30;0.3333333333333333;0.06666666666666667;10;0.3333333333333333;0.7692307692307693;0.16129032258064516;0.04081632653061224;0.17857142857142858;;;10.8;0.36000000000000004;0.10671936758893283;Wing
1;;;0;;;;;0;0;0;;;;;;;;;;;;0;;;;;;;8;4;;;45;0.0;0.17777777777777778;0;0.0;;0.0;0.16326530612244897;0.0;;;7.6;0.1688888888888889;0.07509881422924902;Pivot
0;;;3;;;;;1;1;0;;;;;;;;;;;;5;;;60;;;;4;0;;;30.0;0.1;0.13333333333333333;2;0.06666666666666667;0.4;0.1875;0.3333333333333333;0.18181818181818182;;;6.6;0.22;0.7457627118644068;Pivot
0;;;2;;;;;3;0;0;;;;;;;;;;;;5;;;40;;;;1;0;;;2.558.333.333.333.330;0.07817589576547233;0.03908794788273617;2;0.07817589576547233;0.4;0.125;0.08333333333333333;0.18181818181818182;;;25.999.999.999.999.900;0.10162866449511401;0.29378531073446323;Pivot
0;;;3;;;;;6;2;3;;;;;;;;;;;;14;;;21;;;;1;4;;;36.75;0.08163265306122448;0.027210884353741496;1;0.027210884353741496;0.07142857142857142;0.1875;0.08333333333333333;0.09090909090909091;;;-17.500.000.000.000.000;-0.04761904761904762;-0.19774011299435032;Wing
0;;;3;;;;;7;0;0;;;;;;;;;;;;10;;;30;;;;1;3;;;30.0;0.1;0.03333333333333333;3;0.1;0.3;0.1875;0.08333333333333333;0.2727272727272727;;;12.999.999.999.999.900;0.04333333333333333;0.14689265536723162;Wing
0;;;3;;;;;4;2;0;;;;;;;;;;;;9;;;33;;;;0;2;;;2.283.333.333.333.330;0.13138686131386865;0.0;1;0.04379562043795621;0.1111111111111111;0.1875;0.0;0.09090909090909091;;;-0.8;-0.03503649635036497;-0.09039548022598871;Wing
0;;;1;;;;;4;0;0;;;;;;;;;;;;5;;;20;;;;0;2;;;30.0;0.03333333333333333;0.0;1;0.03333333333333333;0.2;0.0625;0.0;0.09090909090909091;;;-0.8;-0.02666666666666667;-0.09039548022598871;Wing
0;;;1;;;;;9;0;0;;;;;;;;;;;;10;;;10;;;;4;2;;;18.0;0.05555555555555555;0.2222222222222222;1;0.05555555555555555;0.1;0.0625;0.3333333333333333;0.09090909090909091;;;3.0;0.16666666666666666;0.33898305084745767;Wing
1;;;0;;;;;0;0;0;;;;;;;;;;;;0;;;;;;;1;5;;;15.0;0.0;0.06666666666666667;0;0.0;;0.0;0.08333333333333333;0.0;;;-1.3;-0.08666666666666667;-0.14689265536723164;Pivot
0;;;8;;;;;9;0;0;;;;;;;;;;;;17;;;47;;;;6;7;;;45.0;0.17777777777777778;0.13333333333333333;8;0.17777777777777778;0.47058823529411764;0.19047619047619047;0.2727272727272727;0.2222222222222222;;;9.899.999.999.999.990;0.21999999999999997;0.2289017341040462;Wing
0;;;18;;;;;7;2;3;;;;;;;;;;;;30;;;60;;;;1;5;;;45.0;0.4;0.022222222222222223;16;0.35555555555555557;0.5333333333333333;0.42857142857142855;0.045454545454545456;0.4444444444444444;;;12.549.999.999.999.900;0.27888888888888885;0.29017341040462424;Wing
0;;;6;;;;;9;2;1;;;;;;;;;;;;18;;;33;;;;3;3;;;45.0;0.13333333333333333;0.06666666666666667;4;0.08888888888888889;0.2222222222222222;0.14285714285714285;0.13636363636363635;0.1111111111111111;;;4.05;0.09;0.09364161849710982;Wing
1;;;0;;;;;0;0;0;;;;;;;;;;;;0;;;;;;;3;2;;;3.191.666.666.666.660;0.0;0.09399477806788513;0;0.0;;0.0;0.13636363636363635;0.0;;;25.999.999.999.999.900;0.0814621409921671;0.060115606936416176;Pivot
0;;;10;;;;;7;2;1;;;;;;;;;;;;20;;;50;;;;3;4;;;45.0;0.2222222222222222;0.06666666666666667;8;0.17777777777777778;0.4;0.23809523809523808;0.13636363636363635;0.2222222222222222;;;7.949.999.999.999.990;0.17666666666666664;0.1838150289017341;Wing
1;;;0;;;;;0;0;0;;;;;;;;;;;;0;;;;;;;2;1;;;20.083.333.333.333.300;0.0;0.0995850622406639;0;0.0;;0.0;0.09090909090909091;0.0;;;1.9;0.09460580912863069;0.04393063583815029;Pivot
1;;;0;;;;;0;0;0;;;;;;;;;;;;0;;;;;;;1;0;;;22.833.333.333.333.300;0.0;0.043795620437956206;0;0.0;;0.0;0.045454545454545456;0.0;;;1.2;0.052554744525547446;0.027745664739884393;Pivot
1;;;0;;;;;0;0;0;;;;;;;;;;;;0;;;;;;;3;1;;;45.0;0.0;0.06666666666666667;0;0.0;;0.0;0.13636363636363635;0.0;;;30.999.999.999.999.900;0.06888888888888887;0.07167630057803467;Pivot
0;;;1;;;;;0;0;0;;;;;;;;;;;;1;;;100;;;;5;2;;;30.0;0.03333333333333333;0.16666666666666666;1;0.03333333333333333;1.0;0.020833333333333332;0.19230769230769232;0.02702702702702703;;;6.0;0.2;0.11549566891241579;Pivot
0;;;1;;;;;2;2;0;;;;;;;;;;;;5;;;20;;;;2;0;;;10.166.666.666.666.600;0.09836065573770494;0.1967213114754099;-1;-0.09836065573770494;-0.2;0.020833333333333332;0.07692307692307693;-0.02702702702702703;;;1.0;0.09836065573770494;0.0192492781520693;Wing
0;;;13;;;;;4;1;5;;;;;;;;;;;;23;;;57;;;;1;6;;;45.0;0.28888888888888886;0.022222222222222223;12;0.26666666666666666;0.5217391304347826;0.2708333333333333;0.038461538461538464;0.32432432432432434;;;8.149.999.999.999.990;0.18111111111111108;0.15688161693936475;Wing
0;;;7;;;;;3;1;0;;;;;;;;;;;;11;;;64;;;;2;5;;;3.483.333.333.333.330;0.20095693779904308;0.05741626794258374;6;0.1722488038277512;0.5454545454545454;0.14583333333333334;0.07692307692307693;0.16216216216216217;;;5.300.000.000.000.000;0.15215311004784693;0.1020211742059673;Wing
0;;;5;;;;;3;3;2;;;;;;;;;;;;13;;;38;;;;4;3;;;45.0;0.1111111111111111;0.08888888888888889;2;0.044444444444444446;0.15384615384615385;0.10416666666666667;0.15384615384615385;0.05405405405405406;;;4.199.999.999.999.990;0.09333333333333332;0.08084696823869104;Wing
0;;;2;;;;;1;2;0;;;;;;;;;;;;5;;;40;;;;3;1;;;45.0;0.044444444444444446;0.06666666666666667;0;0.0;0.0;0.041666666666666664;0.11538461538461539;0.0;;;28.999.999.999.999.900;0.06444444444444443;0.05582290664100096;Pivot
0;;;19;;;;;7;2;2;;;;;;;;;;;;30;;;63;;;;9;3;;;45.0;0.4222222222222222;0.2;17;0.37777777777777777;0.5666666666666667;0.3958333333333333;0.34615384615384615;0.4594594594594595;;;24.4;0.5422222222222222;0.46968238691049086;Wing
0;;;9;;;;;0;0;0;;;;;;;;;;;;9;;;100;;;;11;2;;;45;0.2;0.24444444444444444;9;0.2;1.0;0.16363636363636364;0.2682926829268293;0.19148936170212766;;;21.2;0.4711111111111111;0.2517814726840855;Pivot
0;;;10;;;;;4;1;0;;;;;;;;;;;;15;;;67;;;;3;2;;;39;0.2564102564102564;0.07692307692307693;9;0.23076923076923078;0.6;0.18181818181818182;0.07317073170731707;0.19148936170212766;;;10.799.999.999.999.900;0.2769230769230769;0.12826603325415675;Wing
0;;;18;;;;;5;5;4;;;;;;;;;;;;32;;;56;;;;2;0;;;39;0.46153846153846156;0.05128205128205128;13;0.3333333333333333;0.40625;0.32727272727272727;0.04878048780487805;0.2765957446808511;;;13.4;0.3435897435897436;0.15914489311163896;Wing
0;;;1;;;;;2;1;0;;;;;;;;;;;;4;;;25;;;;0;3;;;21;0.047619047619047616;0.0;0;0.0;0.0;0.01818181818181818;0.0;0.0;;;-1.9;-0.09047619047619047;-0.022565320665083134;Wing
0;;;4;;;;;5;1;3;;;;;;;;;;;;13;;;31;;;;1;0;;;30;0.13333333333333333;0.03333333333333333;3;0.1;0.23076923076923078;0.07272727272727272;0.024390243902439025;0.06382978723404255;;;2.45;0.08166666666666668;0.029097387173396674;Wing
0;;;8;;;;;3;0;0;;;;;;;;;;;;11;;;73;;;;0;1;;;30;0.26666666666666666;0.0;8;0.26666666666666666;0.7272727272727273;0.14545454545454545;0.0;0.1702127659574468;;;6.9;0.23;0.08194774346793349;Wing
0;;;3;;;;;0;0;0;;;;;;;;;;;;3;;;100;;;;7;1;;;45;0.06666666666666667;0.15555555555555556;3;0.06666666666666667;1.0;0.05454545454545454;0.17073170731707318;0.06382978723404255;;;10.9;0.24222222222222223;0.12945368171021376;Pivot
0;;;2;;;;;1;0;1;;;;;;;;;;;;4;;;50;;;;1;1;;;21;0.09523809523809523;0.047619047619047616;2;0.09523809523809523;0.5;0.03636363636363636;0.024390243902439025;0.0425531914893617;;;2.25;0.10714285714285714;0.02672209026128266;Wing
1;;;0;;;;;0;0;0;;;;;;;;;;;;0;;;;;;;16;2;;;45;0.0;0.35555555555555557;0;0.0;;0.0;0.3902439024390244;0.0;;;18.2;0.40444444444444444;0.21615201900237527;Pivot
0;;;10;;;;;10;1;2;;;;;;;;;;;;23;;;43;;;;1;4;;;45;0.2222222222222222;0.022222222222222223;9;0.2;0.391304347826087;0.2702702702702703;0.05;0.2903225806451613;;;5.7;0.12666666666666668;0.14785992217898833;Wing
0;;;7;;;;;10;2;1;;;;;;;;;;;;20;;;35;;;;1;2;;;45;0.15555555555555556;0.022222222222222223;5;0.1111111111111111;0.25;0.1891891891891892;0.05;0.16129032258064516;;;2.95;0.06555555555555556;0.07652399481193256;Wing
0;;;1;;;;;1;0;0;;;;;;;;;;;;2;;;50;;;;8;0;;;45;0.022222222222222223;0.17777777777777778;1;0.022222222222222223;0.5;0.02702702702702703;0.4;0.03225806451612903;;;10.4;0.23111111111111113;0.2697795071335928;Pivot
1;;;5;;;;;4;1;1;;;;;;;;;;;;11;;;45;;;;2;0;;;45;0.1111111111111111;0.044444444444444446;4;0.08888888888888889;0.36363636363636365;0.13513513513513514;0.1;0.12903225806451613;;;5.35;0.11888888888888888;0.13878080415045396;Wing
0;;;1;;;;;2;0;0;;;;;;;;;;;;3;;;33;;;;5;3;;;45;0.022222222222222223;0.1111111111111111;1;0.022222222222222223;0.3333333333333333;0.02702702702702703;0.25;0.03225806451612903;;;5.1;0.11333333333333333;0.13229571984435798;Pivot
0;;;8;;;;;4;1;1;;;;;;;;;;;;14;;;57;;;;3;2;;;45;0.17777777777777778;0.06666666666666667;7;0.15555555555555556;0.5;0.21621621621621623;0.15;0.22580645161290322;;;8.55;0.19;0.22178988326848253;Wing
0;;;5;;;;;10;1;0;;;;;;;;;;;;16;;;31;;;;0;3;;;45;0.1111111111111111;0.0;4;0.08888888888888889;0.25;0.13513513513513514;0.0;0.12903225806451613;;;0.5;0.011111111111111112;0.01297016861219196;Wing
0;;;3;;;;;1;0;1;;;;;;;;;;;;5;;;60;;;;5;1;;;40.5;0.07407407407407407;0.12345679012345678;3;0.07407407407407407;0.6;0.05172413793103448;0.14705882352941177;0.057692307692307696;;;8.05;0.19876543209876546;0.10106716886377905;Pivot
0;;;14;;;;;5;1;0;;;;;;;;;;;;20;;;70;;;;4;0;;;3.475.000.000.000.000;0.40287769784172656;0.11510791366906473;13;0.3741007194244604;0.65;0.2413793103448276;0.11764705882352941;0.25;;;16.8;0.48345323741007185;0.21092278719397367;Wing
0;;;14;;;;;4;1;0;;;;;;;;;;;;19;;;74;;;;3;3;;;3.624.999.999.999.990;0.3862068965517242;0.08275862068965519;13;0.35862068965517246;0.6842105263157895;0.2413793103448276;0.08823529411764706;0.25;;;14.299.999.999.999.900;0.3944827586206897;0.1795354676710609;Wing
0;;;4;;;;;1;1;0;;;;;;;;;;;;6;;;67;;;;4;3;;;19.75;0.20253164556962025;0.20253164556962025;3;0.1518987341772152;0.5;0.06896551724137931;0.11764705882352941;0.057692307692307696;;;6.1;0.30886075949367087;0.0765850596359071;Wing
0;;;7;;;;;5;0;1;;;;;;;;;;;;13;;;54;;;;7;1;;;34.0;0.20588235294117646;0.20588235294117646;7;0.20588235294117646;0.5384615384615384;0.1206896551724138;0.20588235294117646;0.1346153846153846;;;13.65;0.40147058823529413;0.1713747645951036;Wing
0;;;8;;;;;4;0;1;;;;;;;;;;;;13;;;62;;;;0;2;;;31.916.666.666.666.600;0.2506527415143603;0.0;8;0.2506527415143603;0.6153846153846154;0.13793103448275862;0.0;0.15384615384615385;;;5.95;0.1864229765013055;0.07470182046453235;Wing
0;;;0;;;;;0;0;0;;;;;;;;;;;;0;;;;;;;5;1;;;45.0;0.0;0.1111111111111111;0;0.0;;0.0;0.14705882352941177;0.0;;;5.5;0.12222222222222222;0.06905210295040805;Pivot
0;;;8;;;;;2;3;0;;;;;;;;;;;;13;;;62;;;;1;4;;;27.833.333.333.333.300;0.2874251497005988;0.03592814371257485;5;0.17964071856287425;0.38461538461538464;0.13793103448275862;0.029411764705882353;0.09615384615384616;;;3.8;0.13652694610778443;0.047708725674827375;Wing
1;;;0;;;;;0;0;0;;;;;;;;;;;;0;;;;;;;5;1;;;45.0;0.0;0.1111111111111111;0;0.0;;0.0;0.14705882352941177;0.0;;;5.5;0.12222222222222222;0.06905210295040805;Pivot
1;;;1;;;;;5;4;1;;;;;;;;;;;;11;;;9;;;;2;1;;;3.883.333.333.333.330;0.025751072961373394;0.05150214592274679;-3;-0.07725321888412018;-0.2727272727272727;0.03571428571428571;0.13333333333333333;-0.15789473684210525;;;-2.35;-0.06051502145922748;-0.09936575052854124;Wing
1;;;0;;;;;0;0;0;;;;;;;;;;;;0;;;;;;;1;5;;;39.5;0.0;0.02531645569620253;0;0.0;;0.0;0.06666666666666667;0.0;;;-1.3;-0.03291139240506329;-0.054968287526427066;Pivot
0;;;1;;;;;3;0;0;;;;;;;;;;;;4;;;25;;;;0;1;;;10.666.666.666.666.600;0.09374999999999999;0.0;1;0.09374999999999999;0.25;0.03571428571428571;0.0;0.05263157894736842;;;-0.10000000000000009;-0.009375000000000007;-0.004228329809725162;Wing
0;;;0;;;;;0;0;0;;;;;;;;;;;;0;;;;;;;4;3;;;34.166.666.666.666.600;0.0;0.11707317073170732;0;0.0;;0.0;0.26666666666666666;0.0;;;3.3;0.09658536585365854;0.13953488372093023;Pivot
0;;;15;;;;;6;5;2;;;;;;;;;;;;28;;;54;;;;3;5;;;41.333.333.333.333.300;0.36290322580645157;0.07258064516129031;10;0.24193548387096772;0.35714285714285715;0.5357142857142857;0.2;0.5263157894736842;;;9.4;0.22741935483870968;0.39746300211416496;Wing
0;;;10;;;;;8;0;2;;;;;;;;;;;;20;;;50;;;;4;0;;;40.5;0.24691358024691357;0.09876543209876543;10;0.24691358024691357;0.5;0.35714285714285715;0.26666666666666666;0.5263157894736842;;;12.7;0.3135802469135802;0.5369978858350951;Wing
0;;;1;;;;;1;0;0;;;;;;;;;;;;2;;;50;;;;1;0;;;10.833.333.333.333.300;0.0923076923076923;0.0923076923076923;1;0.0923076923076923;0.5;0.03571428571428571;0.06666666666666667;0.05263157894736842;;;2.0;0.1846153846153846;0.08456659619450317;Pivot
0;;;7;;;;;5;0;4;;;;;;;;;;;;16;;;44;;;;2;5;;;36.0;0.19444444444444445;0.05555555555555555;7;0.19444444444444445;0.4375;0.28;0.08333333333333333;0.4117647058823529;;;4.9;0.13611111111111113;0.2692307692307692;Wing
0;;;7;;;;;7;3;1;;;;;;;;;;;;18;;;39;;;;2;8;;;39.5;0.17721518987341772;0.05063291139240506;4;0.10126582278481013;0.2222222222222222;0.28;0.08333333333333333;0.23529411764705882;;;0.7499999999999996;0.01898734177215189;0.04120879120879118;Wing
0;;;6;;;;;3;0;1;;;;;;;;;;;;10;;;60;;;;7;2;;;30.0;0.2;0.23333333333333334;6;0.2;0.6;0.24;0.2916666666666667;0.35294117647058826;;;12.55;0.41833333333333333;0.6895604395604394;Wing
1;;;0;;;;;0;0;0;;;;;;;;;;;;0;;;;;;;1;1;;;23.750.000.000.000.000;0.0;0.04210526315789473;0;0.0;;0.0;0.041666666666666664;0.0;;;0.7;0.029473684210526308;0.03846153846153845;Pivot
0;;;1;;;;;1;0;1;;;;;;;;;;;;3;;;33;;;;0;2;;;15.0;0.06666666666666667;0.0;1;0.06666666666666667;0.3333333333333333;0.04;0.0;0.058823529411764705;;;-0.44999999999999996;-0.029999999999999995;-0.02472527472527472;Wing
1;;;0;;;;;0;0;0;;;;;;;;;;;;0;;;;;;;2;4;;;28.0;0.0;0.07142857142857142;0;0.0;;0.0;0.08333333333333333;0.0;;;0.3999999999999999;0.014285714285714282;0.02197802197802197;Pivot
0;;;1;;;;;0;0;1;;;;;;;;;;;;2;;;50;;;;3;1;;;15.0;0.06666666666666667;0.2;1;0.06666666666666667;0.5;0.04;0.125;0.058823529411764705;;;38.499.999.999.999.900;0.25666666666666665;0.21153846153846148;Wing
1;;;0;;;;;0;0;0;;;;;;;;;;;;0;;;;;;;2;5;;;30.0;0.0;0.06666666666666667;0;0.0;;0.0;0.08333333333333333;0.0;;;-0.10000000000000009;-0.003333333333333336;-0.005494505494505498;Pivot
0;;;0;;;;;1;1;0;;;;;;;;;;;;2;;;0;;;;0;4;;;14.499.999.999.999.900;0.0;0.0;-1;-0.06896551724137932;-0.5;0.0;0.0;-0.058823529411764705;;;-3.2;-0.22068965517241385;-0.1758241758241758;Wing
1;;;0;;;;;0;0;0;;;;;;;;;;;;0;;;;;;;1;1;;;23.249.999.999.999.900;0.0;0.043010752688172046;0;0.0;;0.0;0.041666666666666664;0.0;;;0.7;0.030107526881720432;0.03846153846153845;Pivot
0;;;3;;;;;7;1;0;;;;;;;;;;;;11;;;27;;;;1;2;;;30.0;0.1;0.03333333333333333;2;0.06666666666666667;0.18181818181818182;0.12;0.041666666666666664;0.11764705882352941;;;0.7999999999999998;0.02666666666666666;0.04395604395604394;Wing
0;;;0;;;;;9;3;2;;;;;;;;;;;;14;;;0;;;;3;2;;;30.0;0.0;0.1;-3;-0.1;-0.21428571428571427;0.0;0.125;-0.17647058823529413;;;-2.7;-0.09000000000000001;-0.14835164835164835;Wing
0;;;11;;;;;2;0;2;;;;;;;;;;;;15;;;73;;;;6;1;;;45;0.24444444444444444;0.13333333333333333;11;0.24444444444444444;0.7333333333333333;0.2037037037037037;0.18181818181818182;0.22448979591836735;;;16.799.999.999.999.900;0.3733333333333333;0.23156443831840107;Wing
0;;;11;;;;;6;1;1;;;;;;;;;;;;19;;;58;;;;0;2;;;45;0.24444444444444444;0.0;10;0.2222222222222222;0.5263157894736842;0.2037037037037037;0.0;0.20408163265306123;;;7.550.000.000.000.000;0.1677777777777778;0.10406616126809098;Wing
0;;;3;;;;;2;0;0;;;;;;;;;;;;5;;;60;;;;10;2;;;45;0.06666666666666667;0.2222222222222222;3;0.06666666666666667;0.6;0.05555555555555555;0.30303030303030304;0.061224489795918366;;;13.6;0.3022222222222222;0.1874569262577533;Pivot
1;;;6;;;;;5;1;0;;;;;;;;;;;;12;;;50;;;;5;1;;;45;0.13333333333333333;0.1111111111111111;5;0.1111111111111111;0.4166666666666667;0.1111111111111111;0.15151515151515152;0.10204081632653061;;;9.5;0.2111111111111111;0.13094417643004824;Wing
0;;;4;;;;;3;0;1;;;;;;;;;;;;8;;;50;;;;11;5;;;45;0.08888888888888889;0.24444444444444444;4;0.08888888888888889;0.5;0.07407407407407407;0.3333333333333333;0.08163265306122448;;;13.85;0.30777777777777776;0.1909028256374914;Pivot
0;;;7;;;;;3;0;1;;;;;;;;;;;;11;;;64;;;;1;6;;;45;0.15555555555555556;0.022222222222222223;7;0.15555555555555556;0.6363636363636364;0.12962962962962962;0.030303030303030304;0.14285714285714285;;;43.500.000.000.000.000;0.09666666666666668;0.059958649207443156;Wing
0;;;12;;;;;3;3;0;;;;;;;;;;;;18;;;67;;;;0;3;;;45;0.26666666666666666;0.0;9;0.2;0.5;0.2222222222222222;0.0;0.1836734693877551;;;6.9;0.15333333333333335;0.0951068228807719;Wing
0;;;1;;;;;3;1;5;;;;;;;;;;;;10;;;10;;;;0;1;;;20.166.666.666.666.600;0.04958677685950414;0.0;0;0.0;0.0;0.05263157894736842;0.0;0.0;;;-2.35;-0.11652892561983473;-0.2052401746724891;Wing
0;;;8;;;;;5;1;0;;;;;;;;;;;;14;;;57;;;;0;6;;;24.833.333.333.333.300;0.32214765100671144;0.0;7;0.2818791946308725;0.5;0.42105263157894735;0.0;0.5;;;3.0;0.12080536912751678;0.26200873362445415;Wing
0;;;5;;;;;8;2;0;;;;;;;;;;;;15;;;33;;;;5;0;;;23.0;0.21739130434782608;0.21739130434782608;3;0.13043478260869565;0.2;0.2631578947368421;0.38461538461538464;0.21428571428571427;;;7.4;0.32173913043478264;0.646288209606987;Wing
1;;;0;;;;;1;0;0;;;;;;;;;;;;1;;;0;;;;0;1;;;30.0;0.0;0.0;0;0.0;0.0;0.0;0.0;0.0;;;-0.7;-0.02333333333333333;-0.0611353711790393;Pivot
0;;;5;;;;;3;1;1;;;;;;;;;;;;10;;;50;;;;1;2;;;24.5;0.20408163265306123;0.04081632653061224;4;0.16326530612244897;0.4;0.2631578947368421;0.07692307692307693;0.2857142857142857;;;33.499.999.999.999.900;0.136734693877551;0.29257641921397376;Wing
1;;;0;;;;;0;0;0;;;;;;;;;;;;0;;;;;;;2;2;;;19.916.666.666.666.600;0.0;0.10041841004184102;0;0.0;;0.0;0.15384615384615385;0.0;;;1.4;0.07029288702928871;0.1222707423580786;Pivot
0;;;0;;;;;4;0;1;;;;;;;;;;;;5;;;0;;;;4;3;;;35.0;0.0;0.11428571428571428;0;0.0;0.0;0.0;0.3076923076923077;0.0;;;2.25;0.06428571428571428;0.19650655021834063;Wing
1;;;0;;;;;0;0;0;;;;;;;;;;;;0;;;;;;;1;0;;;25.083.333.333.333.300;0.0;0.0398671096345515;0;0.0;;0.0;0.07692307692307693;0.0;;;1.2;0.04784053156146179;0.10480349344978167;Pivot
0;;;0;;;;;2;0;0;;;;;;;;;;;;2;;;0;;;;0;6;;;20.5;0.0;0.0;0;0.0;0.0;0.0;0.0;0.0;;;-3.4;-0.16585365853658537;-0.29694323144104806;Wing
1;;;0;;;;;1;0;0;;;;;;;;;;;;1;;;0;;;;0;1;;;25.0;0.0;0.0;0;0.0;0.0;0.0;0.0;0.0;;;-0.7;-0.027999999999999997;-0.0611353711790393;Pivot
1;;;5;;;;;5;1;0;;;;;;;;;;;;11;;;45;;;;3;2;;;30.0;0.16666666666666666;0.1;4;0.13333333333333333;0.36363636363636365;0.14705882352941177;0.13043478260869565;0.12903225806451613;;;5.6;0.18666666666666665;0.11233701103309929;Wing
1;;;0;;;;;0;0;0;;;;;;;;;;;;0;;;;;;;2;3;;;15.0;0.0;0.13333333333333333;0;0.0;;0.0;0.08695652173913043;0.0;;;0.8999999999999999;0.05999999999999999;0.018054162487462385;Pivot
0;;;9;;;;;3;1;0;;;;;;;;;;;;13;;;69;;;;5;2;;;30.0;0.3;0.16666666666666666;8;0.26666666666666666;0.6153846153846154;0.2647058823529412;0.21739130434782608;0.25806451612903225;;;12.4;0.41333333333333333;0.24874623871614845;Wing
0;;;4;;;;;2;0;0;;;;;;;;;;;;6;;;67;;;;11;1;;;39.166.666.666.666.600;0.1021276595744681;0.28085106382978725;4;0.1021276595744681;0.6666666666666666;0.11764705882352941;0.4782608695652174;0.12903225806451613;;;16.3;0.4161702127659575;0.32698094282848544;Pivot
0;;;0;;;;;0;0;0;;;;;;;;;;;;0;;;;;;;0;0;;;5.833.333.333.333.330;0.0;0.0;0;0.0;;0.0;0.0;0.0;;;0.0;0.0;0.0;Wing
0;;;8;;;;;1;1;0;;;;;;;;;;;;10;;;80;;;;0;1;;;15.0;0.5333333333333333;0.0;7;0.4666666666666667;0.7;0.23529411764705882;0.0;0.22580645161290322;;;6.3;0.42;0.1263791374122367;Wing
0;;;2;;;;;0;0;1;;;;;;;;;;;;3;;;67;;;;0;0;;;6.5;0.3076923076923077;0.0;2;0.3076923076923077;0.6666666666666666;0.058823529411764705;0.0;0.06451612903225806;;;1.75;0.2692307692307692;0.03510531594784353;Pivot
0;;;6;;;;;4;0;0;;;;;;;;;;;;10;;;60;;;;2;2;;;30.0;0.2;0.06666666666666667;6;0.2;0.6;0.17647058823529413;0.08695652173913043;0.1935483870967742;;;6.6;0.22;0.13239719157472415;Wing
0;;;4;;;;;3;0;3;;;;;;;;;;;;10;;;40;;;;7;2;;;45.0;0.08888888888888889;0.15555555555555556;4;0.08888888888888889;0.4;0.08888888888888889;0.1891891891891892;0.09302325581395349;;;10.05;0.22333333333333336;0.13948646773074252;Pivot
0;;;9;;;;;5;0;1;;;;;;;;;;;;15;;;60;;;;9;2;;;45.0;0.2;0.2;9;0.2;0.6;0.2;0.24324324324324326;0.20930232558139536;;;17.549.999.999.999.900;0.38999999999999996;0.24358084663428167;Wing
0;;;19;;;;;7;1;3;;;;;;;;;;;;30;;;63;;;;8;2;;;45.0;0.4222222222222222;0.17777777777777778;18;0.4;0.6;0.4222222222222222;0.21621621621621623;0.4186046511627907;;;24.45;0.5433333333333333;0.33934767522553777;Wing
0;;;1;;;;;4;0;1;;;;;;;;;;;;6;;;17;;;;2;1;;;13.249.999.999.999.900;0.07547169811320756;0.15094339622641512;1;0.07547169811320756;0.16666666666666666;0.022222222222222223;0.05405405405405406;0.023255813953488372;;;18.499.999.999.999.900;0.13962264150943396;0.025676613462872998;Wing
0;;;5;;;;;4;0;2;;;;;;;;;;;;11;;;45;;;;0;1;;;31.749.999.999.999.900;0.15748031496062995;0.0;5;0.15748031496062995;0.45454545454545453;0.1111111111111111;0.0;0.11627906976744186;;;3.2;0.10078740157480318;0.04441360166551006;Wing
0;;;3;;;;;2;0;0;;;;;;;;;;;;5;;;60;;;;0;0;;;1.623.333.333.333.330;0.18480492813141686;0.0;3;0.18480492813141686;0.6;0.06666666666666667;0.0;0.06976744186046512;;;2.6;0.16016427104722797;0.03608605135322692;Wing
0;;;0;;;;;1;0;1;;;;;;;;;;;;2;;;0;;;;3;1;;;45.0;0.0;0.06666666666666667;0;0.0;0.0;0.0;0.08108108108108109;0.0;;;26.499.999.999.999.900;0.05888888888888888;0.036780013879250506;Pivot
0;;;4;;;;;2;1;0;;;;;;;;;;;;7;;;57;;;;1;2;;;28.766.666.666.666.600;0.13904982618771727;0.03476245654692932;3;0.10428736964078797;0.42857142857142855;0.08888888888888889;0.02702702702702703;0.06976744186046512;;;2.8;0.0973348783314021;0.038861901457321296;Wing
1;;;0;;;;;0;0;0;;;;;;;;;;;;0;;;0;;;;7;3;;;45.0;0.0;0.15555555555555556;0;0.0;;0.0;0.1891891891891892;0.0;;;6.9;0.15333333333333335;0.09576682859125606;Pivot
0;;;4;;;;;3;0;0;;;;;;;;;;;;7;;;57;;;;0;2;;;2.196.666.666.666.660;0.18209408194233692;0.0;4;0.18209408194233692;0.5714285714285714;0.09090909090909091;0.0;0.10810810810810811;;;2.4;0.10925644916540214;0.0471976401179941;Pivot
1;;;0;;;;;0;2;0;;;;;;;;;;;;2;;;0;;;;0;0;;;15.0;0.0;0.0;-2;-0.13333333333333333;-1.0;0.0;0.0;-0.05405405405405406;;;-2.0;-0.13333333333333333;-0.03933136676499508;Pivot
0;;;4;;;;;5;2;1;;;;;;;;;;;;12;;;33;;;;9;0;;;4.041.666.666.666.660;0.09896907216494845;0.222680412371134;2;0.049484536082474224;0.16666666666666666;0.09090909090909091;0.36;0.05405405405405406;;;11.549.999.999.999.900;0.2857731958762886;0.2271386430678466;Pivot
0;;;6;;;;;5;0;2;;;;;;;;;;;;13;;;46;;;;3;1;;;2.653.333.333.333.330;0.2261306532663316;0.1130653266331658;6;0.2261306532663316;0.46153846153846156;0.13636363636363635;0.12;0.16216216216216217;;;7.6;0.28643216080402;0.1494591937069813;Wing
0;;;0;;;;;1;0;0;;;;;;;;;;;;1;;;0;;;;0;0;;;15.149.999.999.999.900;0.0;0.0;0;0.0;0.0;0.0;0.0;0.0;;;-0.2;-0.013201320132013205;-0.003933136676499509;Pivot
0;;;6;;;;;5;1;1;;;;;;;;;;;;13;;;46;;;;0;4;;;2.948.333.333.333.330;0.20350480497456191;0.0;5;0.1695873374788016;0.38461538461538464;0.13636363636363635;0.0;0.13513513513513514;;;1.75;0.05935556811758056;0.0344149459193707;Wing
0;;;13;;;;;9;1;2;;;;;;;;;;;;25;;;52;;;;5;1;;;41.25;0.3151515151515151;0.12121212121212122;12;0.2909090909090909;0.48;0.29545454545454547;0.2;0.32432432432432434;;;15.2;0.36848484848484847;0.2989183874139626;Wing
1;;;0;;;;;0;0;0;;;;;;;;;;;;0;;;;;;;2;0;;;22.899.999.999.999.900;0.0;0.08733624454148474;0;0.0;;0.0;0.08;0.0;;;2.4;0.10480349344978168;0.0471976401179941;Pivot
0;;;6;;;;;0;0;0;;;;;;;;;;;;6;;;100;;;;1;2;;;27.316.666.666.666.600;0.21964612568639413;0.036607687614399025;6;0.21964612568639413;1.0;0.13636363636363635;0.04;0.16216216216216217;;;6.2;0.22696766320927395;0.12192723697148476;Wing
1;;;2;;;;;4;0;1;;;;;;;;;;;;7;;;29;;;;1;2;;;21.95;0.09111617312072894;0.04555808656036447;2;0.09111617312072894;0.2857142857142857;0.045454545454545456;0.04;0.05405405405405406;;;1.15;0.05239179954441913;0.02261553588987217;Wing
0;;;0;;;;;0;1;0;;;;;;;;;;;;1;;;0;;;;1;1;;;2.303.333.333.333.330;0.0;0.043415340086830685;-1;-0.043415340086830685;-1.0;0.0;0.04;-0.02702702702702703;;;-0.30000000000000004;-0.013024602026049208;-0.005899705014749263;Pivot
0;;;3;;;;;5;0;0;;;;;;;;;;;;8;;;38;;;;3;1;;;30.0;0.1;0.1;3;0.1;0.375;0.06818181818181818;0.12;0.08108108108108109;;;5.1;0.16999999999999998;0.10029498525073745;Wing
0;;;8;;;;;1;0;0;;;;;;;;;;;;9;;;89;;;;8;1;;;45.0;0.17777777777777778;0.17777777777777778;8;0.17777777777777778;0.8888888888888888;0.14285714285714285;0.22857142857142856;0.1568627450980392;;;16.9;0.37555555555555553;0.2104607721046077;Pivot
0;;;11;;;;;1;1;1;;;;;;;;;;;;14;;;79;;;;4;2;;;3.591.666.666.666.660;0.3062645011600929;0.11136890951276104;10;0.27842227378190265;0.7142857142857143;0.19642857142857142;0.11428571428571428;0.19607843137254902;;;13.350.000.000.000.000;0.37169373549884005;0.1662515566625156;Wing
0;;;5;;;;;1;0;0;;;;;;;;;;;;6;;;83;;;;4;0;;;27.416.666.666.666.600;0.18237082066869303;0.14589665653495443;5;0.18237082066869303;0.8333333333333334;0.08928571428571429;0.11428571428571428;0.09803921568627451;;;9.6;0.3501519756838906;0.11955168119551682;Wing
0;;;10;;;;;2;1;2;;;;;;;;;;;;15;;;67;;;;1;5;;;34.833.333.333.333.300;0.28708133971291866;0.028708133971291863;9;0.25837320574162675;0.6;0.17857142857142858;0.02857142857142857;0.17647058823529413;;;6.8;0.19521531100478468;0.08468244084682441;Wing
0;;;6;;;;;5;2;0;;;;;;;;;;;;13;;;46;;;;6;2;;;30.0;0.2;0.2;4;0.13333333333333333;0.3076923076923077;0.10714285714285714;0.17142857142857143;0.0784313725490196;;;9.2;0.30666666666666664;0.11457036114570361;Wing
0;;;7;;;;;3;0;0;;;;;;;;;;;;10;;;70;;;;1;3;;;30.0;0.23333333333333334;0.03333333333333333;7;0.23333333333333334;0.7;0.125;0.02857142857142857;0.13725490196078433;;;61.000.000.000.000.000;0.20333333333333334;0.07596513075965132;Wing
0;;;3;;;;;2;0;0;;;;;;;;;;;;5;;;60;;;;3;0;;;4.274.999.999.999.990;0.07017543859649124;0.07017543859649124;3;0.07017543859649124;0.6;0.05357142857142857;0.08571428571428572;0.058823529411764705;;;6.199.999.999.999.990;0.14502923976608187;0.0772104607721046;Pivot
0;;;6;;;;;1;1;0;;;;;;;;;;;;8;;;75;;;;2;3;;;24.083.333.333.333.300;0.2491349480968858;0.08304498269896193;5;0.20761245674740483;0.625;0.10714285714285714;0.05714285714285714;0.09803921568627451;;;5.699.999.999.999.990;0.23667820069204146;0.0709838107098381;Wing
1;;;0;;;;;0;0;1;;;;;;;;;;;;1;;;0;;;;6;1;;;45.0;0.0;0.13333333333333333;0;0.0;0.0;0.0;0.17142857142857143;0.0;;;6.449.999.999.999.990;0.1433333333333333;0.08032378580323785;Pivot
0;;;9;;;;;2;1;0;;;;;;;;;;;;12;;;75;;;;1;4;;;45.0;0.2;0.022222222222222223;8;0.17777777777777778;0.6666666666666666;0.25;0.0625;0.27586206896551724;;;6.8;0.1511111111111111;0.2332761578044597;Wing
0;;;11;;;;;4;0;0;;;;;;;;;;;;15;;;73;;;;2;4;;;45.0;0.24444444444444444;0.044444444444444446;11;0.24444444444444444;0.7333333333333333;0.3055555555555556;0.125;0.3793103448275862;;;10.6;0.23555555555555555;0.36363636363636365;Wing
0;;;0;;;;;1;0;0;;;;;;;;;;;;1;;;0;;;;0;2;;;15.0;0.0;0.0;0;0.0;0.0;0.0;0.0;0.0;;;-1.2;-0.08;-0.0411663807890223;Pivot
0;;;1;;;;;5;1;0;;;;;;;;;;;;7;;;14;;;;7;2;;;45.0;0.022222222222222223;0.15555555555555556;0;0.0;0.0;0.027777777777777776;0.4375;0.0;;;6.4;0.14222222222222222;0.21955403087478562;Pivot
1;;;0;;;;;3;0;0;;;;;;;;;;;;3;;;0;;;;0;2;;;3.324.999.999.999.990;0.0;0.0;0;0.0;0.0;0.0;0.0;0.0;;;-1.6;-0.04812030075187971;-0.054888507718696404;Pivot
1;;;3;;;;;5;0;0;;;;;;;;;;;;8;;;38;;;;1;2;;;45.0;0.06666666666666667;0.022222222222222223;3;0.06666666666666667;0.375;0.08333333333333333;0.0625;0.10344827586206896;;;2.2;0.04888888888888889;0.07547169811320756;Pivot
0;;;7;;;;;7;2;0;;;;;;;;;;;;16;;;44;;;;1;2;;;41.75;0.16766467065868262;0.023952095808383235;5;0.11976047904191617;0.3125;0.19444444444444445;0.0625;0.1724137931034483;;;3.8;0.09101796407185628;0.13036020583190394;Wing
0;;;5;;;;;7;3;1;;;;;;;;;;;;16;;;31;;;;4;6;;;45.0;0.1111111111111111;0.08888888888888889;2;0.044444444444444446;0.125;0.1388888888888889;0.25;0.06896551724137931;;;21.499.999.999.999.900;0.047777777777777766;0.07375643224699827;Wing
0;;;8;;;;;12;2;3;;;;;;;;;;;;25;;;32;;;;1;5;;;4.391.666.666.666.660;0.18216318785578745;0.02277039848197343;6;0.13662239089184058;0.24;0.2857142857142857;0.04;0.24;;;15.499.999.999.999.900;0.03529411764705881;0.046199701937406835;Wing
0;;;11;;;;;7;0;2;;;;;;;;;;;;20;;;55;;;;12;4;;;45.0;0.24444444444444444;0.26666666666666666;11;0.24444444444444444;0.55;0.39285714285714285;0.48;0.44;;;21.5;0.4777777777777778;0.6408345752608047;Wing
0;;;3;;;;;14;0;1;;;;;;;;;;;;18;;;17;;;;3;4;;;37.75;0.07947019867549669;0.07947019867549669;3;0.07947019867549669;0.16666666666666666;0.10714285714285714;0.12;0.12;;;15.499.999.999.999.900;0.041059602649006606;0.04619970193740683;Wing
0;;;1;;;;;2;1;0;;;;;;;;;;;;4;;;25;;;;2;5;;;3.541.666.666.666.660;0.028235294117647067;0.056470588235294134;0;0.0;0.0;0.03571428571428571;0.08;0.0;;;-0.5;-0.014117647058823533;-0.014903129657228016;Wing
1;;;0;;;;;0;0;0;;;;;;;;;;;;0;;;;;;;3;3;;;16.833.333.333.333.300;0.0;0.17821782178217824;0;0.0;;0.0;0.12;0.0;;;20.999.999.999.999.900;0.12475247524752474;0.06259314456035765;Pivot
1;;;0;;;;;0;0;0;;;;;;;;;;;;0;;;;;;;3;1;;;28.166.666.666.666.600;0.0;0.10650887573964496;0;0.0;;0.0;0.12;0.0;;;30.999.999.999.999.900;0.11005917159763312;0.09239940387481368;Pivot
0;;;5;;;;;6;0;1;;;;;;;;;;;;12;;;42;;;;1;1;;;30.0;0.16666666666666666;0.03333333333333333;5;0.16666666666666666;0.4166666666666667;0.17857142857142858;0.04;0.2;;;4.25;0.14166666666666666;0.12667660208643813;Wing
0;;;6;;;;;1;1;1;;;;;;;;;;;;9;;;67;;;;0;4;;;30;0.2;0.0;5;0.16666666666666666;0.5555555555555556;0.13333333333333333;0.0;0.12195121951219512;;;2.55;0.08499999999999999;0.033999999999999996;Wing
0;;;11;;;;;2;1;0;;;;;;;;;;;;14;;;79;;;;2;8;;;45;0.24444444444444444;0.044444444444444446;10;0.2222222222222222;0.7142857142857143;0.24444444444444444;0.043478260869565216;0.24390243902439024;;;8.0;0.17777777777777778;0.10666666666666667;Wing
0;;;7;;;;;4;0;1;;;;;;;;;;;;12;;;58;;;;3;2;;;30;0.23333333333333334;0.1;7;0.23333333333333334;0.5833333333333334;0.15555555555555556;0.06521739130434782;0.17073170731707318;;;8.55;0.28500000000000003;0.114;Wing
0;;;4;;;;;2;1;1;;;;;;;;;;;;8;;;50;;;;13;3;;;45;0.08888888888888889;0.28888888888888886;3;0.06666666666666667;0.375;0.08888888888888889;0.2826086956521739;0.07317073170731707;;;16.45;0.3655555555555555;0.21933333333333332;Pivot
1;;;2;;;;;4;0;0;;;;;;;;;;;;6;;;33;;;;1;2;;;45;0.044444444444444446;0.022222222222222223;2;0.044444444444444446;0.3333333333333333;0.044444444444444446;0.021739130434782608;0.04878048780487805;;;1.4;0.03111111111111111;0.018666666666666665;Pivot
1;;;1;;;;;7;0;0;;;;;;;;;;;;8;;;13;;;;4;2;;;30;0.03333333333333333;0.13333333333333333;1;0.03333333333333333;0.125;0.022222222222222223;0.08695652173913043;0.024390243902439025;;;33.999.999.999.999.900;0.11333333333333331;0.04533333333333333;Pivot
0;;;4;;;;;1;1;2;;;;;;;;;;;;8;;;50;;;;12;4;;;45;0.08888888888888889;0.26666666666666666;3;0.06666666666666667;0.375;0.08888888888888889;0.2608695652173913;0.07317073170731707;;;14.7;0.32666666666666666;0.19599999999999998;Wing
0;;;10;;;;;5;0;3;;;;;;;;;;;;18;;;56;;;;11;3;;;45;0.2222222222222222;0.24444444444444444;10;0.2222222222222222;0.5555555555555556;0.2222222222222222;0.2391304347826087;0.24390243902439024;;;19.95;0.4433333333333333;0.266;Wing
0;;;25;;;;;4;2;;;;;;;;;;0;;;31;;;81;;;;1;0;;;;;;;;;;;;;;22;;;Wing
0;;;0;;;;;0;0;;;;;;;;;;0;;;0;;;;;;;8;0;;;;;;;;;;;;;;8;;;Pivot
0;;;11;;;;;4;3;;;;;;;;;;1;;;19;;;58;;;;2;6;;;;;;;;;;;;;;7.5;;;Wing
0;;;2;;;;;5;0;;;;;;;;;;0;;;7;;;29;;;;0;5;;;;;;;;;;;;;;-0.5;;;Wing
0;;;0;;;;;0;0;;;;;;;;;;0;;;0;;;;;;;8;0;;;;;;;;;;;;;;8;;;Pivot
0;;;11;;;;;4;1;;;;;;;;;;5;;;21;;;52;;;;1;5;;;;;;;;;;;;;;6.5;;;Wing
0;;;0;;;;;0;0;;;;;;;;;;0;;;0;;;;;;;1;0;;;;;;;;;;;;;;1;;;Pivot
0;;;2;;;;;1;0;;;;;;;;;;0;;;3;;;67;;;;1;0;;;;;;;;;;;;;;2.5;;;Wing
0;;;7;;;;;6;1;;;;;;;;;;4;;;18;;;39;;;;0;3;;;;;;;;;;;;;;1;;;Wing
0;;;0;;;;;0;0;;;;;;;;;;0;;;0;;;;;;;3;0;;;;;;;;;;;;;;3;;;Pivot
0;;;12;;;;;6;2;;;;;;;;;;0;;;20;;;60;;;;3;0;;;;;;;;;;;;;;10;;;Wing
0;;;18;;;;;2;6;;;;;;;;;;1;;;27;;;67;;;;2;1;;;;;;;;;;;;;;12.5;;;Wing
1;;;0;;;;;0;1;;;;;;;;;;0;;;1;;;0;;;;3;1;;;;;;;;;;;;;;2;;;Pivot
0;;;0;;;;;0;0;;;;;;;;;;0;;;0;;;;;;;0;0;;;;;;;;;;;;;;0;;;Pivot
0;;;10;;;;;6;1;;;;;;;;;;1;;;18;;;56;;;;2;2;;;;;;;;;;;;;;7.5;;;Wing
1;;;0;;;;;0;0;;;;;;;;;;0;;;0;;;;;;;3;0;;;;;;;;;;;;;;3;;;Pivot
0;;;3;;;;;1;0;;;;;;;;;;1;;;5;;;60;;;;1;2;;;;;;;;;;;;;;3;;;Wing
0;;;3;;;;;1;1;;;;;;;;;;0;;;5;;;60;;;;1;0;;;;;;;;;;;;;;2.5;;;Wing
0;;;25;;;;;4;2;;;;;;;;;;0;;;31;;;81;;;;1;0;;;;;;;;;;;;;;22;;;Wing
0;;;0;;;;;0;0;;;;;;;;;;0;;;0;;;;;;;8;0;;;;;;;;;;;;;;8;;;Pivot
0;;;11;;;;;4;3;;;;;;;;;;1;;;19;;;58;;;;2;6;;;;;;;;;;;;;;7.5;;;Wing
0;;;2;;;;;5;0;;;;;;;;;;0;;;7;;;29;;;;0;5;;;;;;;;;;;;;;-0.5;;;Wing
0;;;0;;;;;0;0;;;;;;;;;;0;;;0;;;;;;;8;0;;;;;;;;;;;;;;8;;;Pivot
0;;;11;;;;;4;1;;;;;;;;;;5;;;21;;;52;;;;1;5;;;;;;;;;;;;;;6.5;;;Wing
0;;;0;;;;;0;0;;;;;;;;;;0;;;0;;;;;;;1;0;;;;;;;;;;;;;;1;;;Pivot
0;;;2;;;;;1;0;;;;;;;;;;0;;;3;;;67;;;;1;0;;;;;;;;;;;;;;2.5;;;Wing
0;;;7;;;;;6;1;;;;;;;;;;4;;;18;;;39;;;;0;3;;;;;;;;;;;;;;1;;;Wing
0;;;0;;;;;0;0;;;;;;;;;;0;;;0;;;;;;;3;0;;;;;;;;;;;;;;3;;;Pivot
0;;;12;;;;;6;2;;;;;;;;;;0;;;20;;;60;;;;3;0;;;;;;;;;;;;;;10;;;Wing
0;;;18;;;;;2;6;;;;;;;;;;1;;;27;;;67;;;;2;1;;;;;;;;;;;;;;12.5;;;Wing
1;;;0;;;;;0;1;;;;;;;;;;0;;;1;;;0;;;;3;1;;;;;;;;;;;;;;2;;;Pivot
0;;;0;;;;;0;0;;;;;;;;;;0;;;0;;;;;;;0;0;;;;;;;;;;;;;;0;;;Pivot
0;;;10;;;;;6;1;;;;;;;;;;1;;;18;;;56;;;;2;2;;;;;;;;;;;;;;7.5;;;Wing
1;;;0;;;;;0;0;;;;;;;;;;0;;;0;;;;;;;3;0;;;;;;;;;;;;;;3;;;Pivot
0;;;3;;;;;1;0;;;;;;;;;;1;;;5;;;60;;;;1;2;;;;;;;;;;;;;;3;;;Wing
0;;;3;;;;;1;1;;;;;;;;;;0;;;5;;;60;;;;1;0;;;;;;;;;;;;;;2.5;;;Wing
0;;;12;;;;;9;1;;;;;;;;;;0;;;22;;;55;;;;4;3;;;;;;;;;;;;;;10.5;;;Wing
0;;;1;;;;;0;0;;;;;;;;;;0;;;1;;;100;;;;7;0;;;;;;;;;;;;;;8;;;Pivot
1;;;0;;;;;0;0;;;;;;;;;;0;;;0;;;;;;;2;0;;;;;;;;;;;;;;2;;;Pivot
0;;;14;;;;;8;0;;;;;;;;;;0;;;22;;;64;;;;2;1;;;;;;;;;;;;;;12;;;Wing
0;;;11;;;;;5;2;;;;;;;;;;0;;;18;;;61;;;;5;1;;;;;;;;;;;;;;11.5;;;Wing
0;;;0;;;;;0;0;;;;;;;;;;0;;;0;;;;;;;8;0;;;;;;;;;;;;;;8;;;Pivot
0;;;14;;;;;11;0;;;;;;;;;;1;;;26;;;54;;;;7;3;;;;;;;;;;;;;;15;;;Wing
1;;;0;;;;;0;0;;;;;;;;;;0;;;0;;;;;;;2;0;;;;;;;;;;;;;;2;;;Pivot
0;;;0;;;;;0;0;;;;;;;;;;0;;;0;;;;;;;1;0;;;;;;;;;;;;;;1;;;Pivot
1;;;8;;;;;4;3;;;;;;;;;;1;;;16;;;50;;;;3;0;;;;;;;;;;;;;;5.5;;;Wing
0;;;7;;;;;3;3;;;;;;;;;;2;;;15;;;47;;;;8;1;;;;;;;;;;;;;;9.5;;;Pivot
0;;;10;;;;;13;0;;;;;;;;;;1;;;24;;;42;;;;9;2;;;;;;;;;;;;;;12;;;Wing
1;;;5;;;;;1;0;;;;;;;;;;0;;;6;;;83;;;;2;0;;;;;;;;;;;;;;6.5;;;Wing
0;;;0;;;;;0;0;;;;;;;;;;0;;;0;;;;;;;3;1;;;;;;;;;;;;;;3;;;Pivot
1;;;0;;;;;0;0;;;;;;;;;;0;;;0;;;;;;;4;0;;;;;;;;;;;;;;4;;;Pivot
0;;;17;;;;;17;2;;;;;;;;;;0;;;36;;;47;;;;4;2;;;;;;;;;;;;;;10.5;;;Wing
0;;;1;;;;;0;0;;;;;;;;;;0;;;1;;;100;;;;0;0;;;;;;;;;;;;;;1;;;Wing
0;;;33;;;;;5;2;;;;;;;;;;0;;;40;;;83;;;;2;6;;;;;;;;;;;;;;30.5;;;Wing
0;;;1;;;;;0;0;;;;;;;;;;0;;;1;;;100;;;;10;1;;;;;;;;;;;;;;11;;;Pivot
0;;;3;;;;;2;0;;;;;;;;;;0;;;5;;;60;;;;0;1;;;;;;;;;;;;;;2;;;Wing
0;;;9;;;;;7;1;;;;;;;;;;0;;;17;;;53;;;;3;3;;;;;;;;;;;;;;7.5;;;Wing
0;;;0;;;;;0;0;;;;;;;;;;0;;;0;;;;;;;7;0;;;;;;;;;;;;;;7;;;Pivot
0;;;4;;;;;3;0;;;;;;;;;;0;;;7;;;57;;;;1;0;;;;;;;;;;;;;;3.5;;;Wing
0;;;6;;;;;4;0;;;;;;;;;;2;;;12;;;50;;;;4;1;;;;;;;;;;;;;;7;;;Wing
0;;;2;;;;;0;0;;;;;;;;;;0;;;2;;;100;;;;2;2;;;;;;;;;;;;;;4;;;Wing
0;;;0;;;;;0;0;;;;;;;;;;0;;;0;;;;;;;7;2;;;;;;;;;;;;;;7;;;Pivot
0;;;13;;;;;7;2;;;;;;;;;;1;;;23;;;57;;;;2;0;;;;;;;;;;;;;;9;;;Wing
0;;;0;;;;;0;0;;;;;;;;;;0;;;0;;;;;;;3;0;;;;;;;;;;;;;;3;;;Pivot
0;;;11;;;;;7;0;;;;;;;;;;0;;;18;;;61;;;;4;6;;;;;;;;;;;;;;11.5;;;Wing
0;;;7;;;;;5;1;;;;;;;;;;1;;;14;;;50;;;;4;1;;;;;;;;;;;;;;7;;;Wing
0;;;5;;;;;1;0;;;;;;;;;;0;;;6;;;83;;;;0;0;;;;;;;;;;;;;;4.5;;;Pivot
0;;;7;;;;;5;1;;;;;;;;;;1;;;14;;;50;;;;2;3;;;;;;;;;;;;;;5;;;Wing
0;;;0;;;;;0;0;;;;;;;;;;0;;;0;;;;;;;2;0;;;;;;;;;;;;;;2;;;Pivot
0;;;3;;;;;5;0;;;;;;;;;;0;;;8;;;38;;;;1;0;;;;;;;;;;;;;;1.5;;;Wing
0;;;0;;;;;0;0;;;;;;;;;;0;;;0;;;;;;;2;1;;;;;;;;;;;;;;2;;;Pivot
0;;;1;;;;;5;1;;;;;;;;;;0;;;7;;;14;;;;0;0;;;;;;;;;;;;;;-2.5;;;Wing
0;;;2;;;;;1;0;;;;;;;;;;0;;;3;;;67;;;;1;1;;;;;;;;;;;;;;2.5;;;Wing
0;;;13;;;;;4;1;;;;;;;;;;0;;;18;;;72;;;;1;0;;;;;;;;;;;;;;11;;;Wing
0;;;0;;;;;0;0;;;;;;;;;;0;;;0;;;;;;;2;0;;;;;;;;;;;;;;2;;;Pivot
0;;;14;;;;;4;0;;;;;;;;;;2;;;20;;;70;;;;3;2;;;;;;;;;;;;;;14;;;Wing
0;;;13;;;;;6;0;;;;;;;;;;3;;;22;;;59;;;;0;3;;;;;;;;;;;;;;8.5;;;Wing
1;;;0;;;;;0;0;;;;;;;;;;0;;;0;;;;;;;2;0;;;;;;;;;;;;;;2;;;Pivot
0;;;0;;;;;0;0;;;;;;;;;;0;;;0;;;;;;;5;0;;;;;;;;;;;;;;5;;;Pivot
0;;;8;;;;;3;2;;;;;;;;;;7;;;20;;;40;;;;1;7;;;;;;;;;;;;;;2;;;Wing
0;;;10;;;;;4;0;;;;;;;;;;0;;;14;;;71;;;;2;1;;;;;;;;;;;;;;10;;;Wing
0;;;21;;;;;6;1;;;;;;;;;;2;;;30;;;70;;;;1;2;;;;;;;;;;;;;;17;;;Wing
0;;;2;;;;;0;0;;;;;;;;;;0;;;2;;;100;;;;10;0;;;;;;;;;;;;;;12;;;Pivot
0;;;4;;;;;4;0;;;;;;;;;;2;;;10;;;40;;;;1;1;;;;;;;;;;;;;;2;;;Wing
0;;;4;;;;;2;0;;;;;;;;;;1;;;7;;;57;;;;0;1;;;;;;;;;;;;;;2.5;;;Wing
1;;;0;;;;;0;0;;;;;;;;;;0;;;0;;;;;;;1;1;;;;;;;;;;;;;;1;;;Pivot
0;;;9;;;;;0;0;;;;;;;;;;2;;;11;;;82;;;;3;2;;;;;;;;;;;;;;11;;;Wing
0;;;10;;;;;2;1;;;;;;;;;;3;;;16;;;63;;;;2;3;;;;;;;;;;;;;;8.5;;;Wing
0;;;9;;;;;2;0;;;;;;;;;;1;;;12;;;75;;;;1;2;;;;;;;;;;;;;;8.5;;;Wing
0;;;1;;;;;0;0;;;;;;;;;;0;;;1;;;100;;;;2;0;;;;;;;;;;;;;;3;;;Pivot
0;;;13;;;;;4;1;;;;;;;;;;0;;;18;;;72;;;;1;0;;;;;;;;;;;;;;11;;;Wing
0;;;0;;;;;0;0;;;;;;;;;;0;;;0;;;;;;;2;0;;;;;;;;;;;;;;2;;;Pivot
0;;;14;;;;;4;0;;;;;;;;;;1;;;19;;;74;;;;3;2;;;;;;;;;;;;;;14.5;;;Wing
0;;;13;;;;;6;0;;;;;;;;;;0;;;19;;;68;;;;0;3;;;;;;;;;;;;;;10;;;Wing
1;;;0;;;;;0;0;;;;;;;;;;0;;;0;;;;;;;2;0;;;;;;;;;;;;;;2;;;Pivot
0;;;0;;;;;0;0;;;;;;;;;;0;;;0;;;;;;;5;0;;;;;;;;;;;;;;5;;;Pivot
0;;;8;;;;;3;2;;;;;;;;;;1;;;14;;;57;;;;1;7;;;;;;;;;;;;;;5;;;Wing
0;;;10;;;;;4;0;;;;;;;;;;0;;;14;;;71;;;;2;1;;;;;;;;;;;;;;10;;;Wing
0;;;21;;;;;6;1;;;;;;;;;;0;;;28;;;75;;;;1;2;;;;;;;;;;;;;;18;;;Wing
0;;;2;;;;;0;0;;;;;;;;;;0;;;2;;;100;;;;10;0;;;;;;;;;;;;;;12;;;Pivot
0;;;4;;;;;4;0;;;;;;;;;;2;;;10;;;40;;;;1;1;;;;;;;;;;;;;;2;;;Wing
0;;;4;;;;;2;0;;;;;;;;;;1;;;7;;;57;;;;0;1;;;;;;;;;;;;;;2.5;;;Wing
1;;;0;;;;;0;0;;;;;;;;;;0;;;0;;;;;;;1;1;;;;;;;;;;;;;;1;;;Pivot
0;;;9;;;;;0;0;;;;;;;;;;0;;;9;;;100;;;;3;2;;;;;;;;;;;;;;12;;;Wing
0;;;10;;;;;2;1;;;;;;;;;;2;;;15;;;67;;;;2;3;;;;;;;;;;;;;;9;;;Wing
0;;;9;;;;;2;0;;;;;;;;;;0;;;11;;;82;;;;1;2;;;;;;;;;;;;;;9;;;Wing
0;;;1;;;;;0;0;;;;;;;;;;0;;;1;;;100;;;;2;0;;;;;;;;;;;;;;3;;;Pivot
0;;;30;;;;;6;3;;;;;;;;;;3;;;42;;;71;;;;0;5;;;;;;;;;;;;;;22.5;;;Wing
0;;;0;;;;;3;0;;;;;;;;;;0;;;3;;;0;;;;7;1;;;;;;;;;;;;;;5.5;;;Pivot
0;;;6;;;;;3;0;;;;;;;;;;0;;;9;;;67;;;;3;2;;;;;;;;;;;;;;7.5;;;Wing
1;;;1;;;;;3;0;;;;;;;;;;0;;;4;;;25;;;;1;1;;;;;;;;;;;;;;0.5;;;Wing
1;;;0;;;;;0;0;;;;;;;;;;0;;;0;;;;;;;5;0;;;;;;;;;;;;;;5;;;Pivot
0;;;15;;;;;4;2;;;;;;;;;;0;;;21;;;71;;;;0;5;;;;;;;;;;;;;;11;;;Wing
0;;;0;;;;;0;0;;;;;;;;;;0;;;0;;;;;;;12;0;;;;;;;;;;;;;;12;;;Pivot
0;;;8;;;;;10;0;;;;;;;;;;0;;;18;;;44;;;;1;0;;;;;;;;;;;;;;4;;;Wing
0;;;0;;;;;2;0;;;;;;;;;;0;;;2;;;0;;;;3;0;;;;;;;;;;;;;;2;;;Pivot
0;;;11;;;;;5;0;;;;;;;;;;0;;;16;;;69;;;;2;3;;;;;;;;;;;;;;10.5;;;Wing
0;;;3;;;;;2;2;;;;;;;;;;1;;;8;;;38;;;;3;3;;;;;;;;;;;;;;2.5;;;Wing
1;;;0;;;;;0;0;;;;;;;;;;0;;;0;;;;;;;3;0;;;;;;;;;;;;;;3;;;Pivot
0;;;14;;;;;4;2;;;;;;;;;;2;;;22;;;64;;;;2;6;;;;;;;;;;;;;;11;;;Pivot
0;;;6;;;;;3;1;;;;;;;;;;0;;;10;;;60;;;;0;1;;;;;;;;;;;;;;3.5;;;Wing
0;;;0;;;;;0;0;;;;;;;;;;0;;;0;;;;;;;3;0;;;;;;;;;;;;;;3;;;Pivot
0;;;3;;;;;2;0;;;;;;;;;;0;;;5;;;60;;;;2;0;;;;;;;;;;;;;;4;;;Pivot
0;;;17;;;;;7;0;;;;;;;;;;4;;;28;;;61;;;;1;2;;;;;;;;;;;;;;12.5;;;Wing
0;;;7;;;;;1;1;;;;;;;;;;0;;;9;;;78;;;;4;1;;;;;;;;;;;;;;9.5;;;Pivot
0;;;5;;;;;5;0;;;;;;;;;;0;;;10;;;50;;;;1;8;;;;;;;;;;;;;;3.5;;;Wing
0;;;11;;;;;6;3;;;;;;;;;;0;;;20;;;55;;;;2;4;;;;;;;;;;;;;;7;;;Wing
0;;;5;;;;;1;2;;;;;;;;;;0;;;8;;;63;;;;2;1;;;;;;;;;;;;;;4.5;;;Wing
1;;;0;;;;;0;0;;;;;;;;;;0;;;0;;;;;;;1;1;;;;;;;;;;;;;;1;;;Pivot
0;;;1;;;;;1;0;;;;;;;;;;0;;;2;;;50;;;;0;2;;;;;;;;;;;;;;0.5;;;Pivot
0;;;2;;;;;1;0;;;;;;;;;;0;;;3;;;67;;;;0;1;;;;;;;;;;;;;;1.5;;;Wing
0;;;23;;;;;1;0;;;;;;;;;;0;;;24;;;96;;;;1;1;;;;;;;;;;;;;;23.5;;;Wing
0;;;1;;;;;0;0;;;;;;;;;;0;;;1;;;100;;;;2;2;;;;;;;;;;;;;;3;;;Pivot
0;;;11;;;;;1;0;;;;;;;;;;1;;;13;;;85;;;;2;5;;;;;;;;;;;;;;12;;;Wing
0;;;8;;;;;2;0;;;;;;;;;;0;;;10;;;80;;;;1;4;;;;;;;;;;;;;;8;;;Wing
1;;;0;;;;;0;0;;;;;;;;;;0;;;0;;;;;;;1;0;;;;;;;;;;;;;;1;;;Pivot
0;;;0;;;;;0;0;;;;;;;;;;0;;;0;;;;;;;6;3;;;;;;;;;;;;;;6;;;Pivot
0;;;2;;;;;0;0;;;;;;;;;;0;;;2;;;100;;;;3;4;;;;;;;;;;;;;;5;;;Wing
0;;;6;;;;;5;1;;;;;;;;;;0;;;12;;;50;;;;1;1;;;;;;;;;;;;;;3.5;;;Wing
0;;;6;;;;;2;0;;;;;;;;;;0;;;8;;;75;;;;3;3;;;;;;;;;;;;;;8;;;Wing
0;;;0;;;;;0;0;;;;;;;;;;0;;;0;;;;;;;1;0;;;;;;;;;;;;;;1;;;Pivot
1;;;0;;;;;0;0;;;;;;;;;;0;;;0;;;;;;;1;2;;;;;;;;;;;;;;1;;;Pivot
0;;;9;;;;;10;1;;;;;;;;;;1;;;21;;;43;;;;2;2;;;;;;;;;;;;;;4.5;;;Wing
0;;;0;;;;;0;0;;;;;;;;;;0;;;0;;;;;;;9;1;;;;;;;;;;;;;;9;;;Pivot
0;;;14;;;;;5;1;;;;;;;;;;0;;;20;;;70;;;;4;2;;;;;;;;;;;;;;14.5;;;Wing
0;;;9;;;;;8;0;;;;;;;;;;0;;;17;;;53;;;;2;3;;;;;;;;;;;;;;7;;;Wing
0;;;6;;;;;3;2;;;;;;;;;;0;;;11;;;55;;;;8;2;;;;;;;;;;;;;;10.5;;;Pivot
1;;;0;;;;;0;0;;;;;;;;;;0;;;0;;;;;;;2;1;;;;;;;;;;;;;;2;;;Pivot
0;;;10;;;;;6;0;;;;;;;;;;0;;;16;;;63;;;;4;4;;;;;;;;;;;;;;11;;;Wing
0;;;1;;;;;4;0;;;;;;;;;;0;;;5;;;20;;;;3;1;;;;;;;;;;;;;;2;;;Wing
0;;;1;;;;;0;0;;;;;;;;;;0;;;1;;;100;;;;0;0;;;;;;;;;;;;;;1;;;Wing
0;;;10;;;;;2;1;;;;;;;;;;1;;;14;;;71;;;;4;2;;;;;;;;;;;;;;11.5;;;Wing
0;;;2;;;;;2;0;;;;;;;;;;0;;;4;;;50;;;;8;1;;;;;;;;;;;;;;9;;;Pivot
0;;;7;;;;;10;1;;;;;;;;;;1;;;19;;;37;;;;6;5;;;;;;;;;;;;;;6.5;;;Wing
0;;;20;;;;;13;1;;;;;;;;;;0;;;34;;;59;;;;4;1;;;;;;;;;;;;;;16.5;;;Wing
1;;;0;;;;;1;0;;;;;;;;;;0;;;1;;;0;;;;5;0;;;;;;;;;;;;;;4.5;;;Pivot
0;;;2;;;;;0;0;;;;;;;;;;0;;;2;;;100;;;;8;1;;;;;;;;;;;;;;10;;;Pivot
0;;;13;;;;;6;0;;;;;;;;;;1;;;20;;;65;;;;1;1;;;;;;;;;;;;;;10.5;;;Wing
0;;;13;;;;;7;3;;;;;;;;;;0;;;23;;;57;;;;1;4;;;;;;;;;;;;;;7.5;;;Wing
0;;;0;;;;;0;0;;;;;;;;;;0;;;0;;;;;;;9;0;;;;;;;;;;;;;;9;;;Pivot
0;;;6;;;;;6;0;;;;;;;;;;0;;;12;;;50;;;;2;3;;;;;;;;;;;;;;5;;;Wing
0;;;15;;;;;4;3;;;;;;;;;;0;;;22;;;68;;;;4;1;;;;;;;;;;;;;;14;;;Wing
1;;;0;;;;;0;0;;;;;;;;;;0;;;0;;;;;;;2;0;;;;;;;;;;;;;;2;;;Pivot
0;;;4;;;;;4;1;;;;;;;;;;1;;;10;;;40;;;;3;1;;;;;;;;;;;;;;3.5;;;Pivot
0;;;9;;;;;2;0;;;;;;;;;;0;;;11;;;82;;;;1;1;;;;;;;;;;;;;;9;;;Wing
0;;;0;;;;;4;0;;;;;;;;;;0;;;4;;;0;;;;0;0;;;;;;;;;;;;;;-2;;;Wing
0;;;36;;;;;8;1;;;;;;;;;;1;;;46;;;78;;;;7;3;;;;;;;;;;;;;;37.5;;;Wing
0;;;0;;;;;2;0;;;;;;;;;;0;;;2;;;0;;;;4;1;;;;;;;;;;;;;;3;;;Pivot
0;;;1;;;;;2;0;;;;;;;;;;0;;;3;;;33;;;;5;4;;;;;;;;;;;;;;5;;;Wing
0;;;1;;;;;3;1;;;;;;;;;;0;;;5;;;20;;;;3;2;;;;;;;;;;;;;;1.5;;;Wing
1;;;0;;;;;0;0;;;;;;;;;;0;;;0;;;;;;;3;0;;;;;;;;;;;;;;3;;;Pivot
1;;;0;;;;;0;0;;;;;;;;;;0;;;0;;;;;;;2;1;;;;;;;;;;;;;;2;;;Pivot
0;;;10;;;;;7;1;;;;;;;;;;1;;;19;;;53;;;;1;2;;;;;;;;;;;;;;6;;;Wing
0;;;0;;;;;0;0;;;;;;;;;;0;;;0;;;;;;;2;0;;;;;;;;;;;;;;2;;;Pivot
0;;;18;;;;;2;1;;;;;;;;;;0;;;21;;;86;;;;6;3;;;;;;;;;;;;;;22;;;Wing
1;;;0;;;;;0;0;;;;;;;;;;0;;;0;;;;;;;0;2;;;;;;;;;;;;;;0;;;Pivot
0;;;16;;;;;2;1;;;;;;;;;;1;;;20;;;80;;;;3;3;;;;;;;;;;;;;;16.5;;;Pivot
0;;;19;;;;;7;2;;;;;;;;;;4;;;32;;;59;;;;7;1;;;;;;;;;;;;;;18.5;;;Wing
;;;0;;;;;1;0;;;;;;;;;;0;;;1;;;0;;;;3;2;;;;;;;;;;;;;;2.5;;;Pivot
0;;;10;;;;;3;1;;;;;;;;;;0;;;14;;;71;;;;5;1;;;;;;;;;;;;;;12.5;;;Wing
0;;;12;;;;;4;0;;;;;;;;;;4;;;20;;;60;;;;5;0;;;;;;;;;;;;;;13;;;Wing
0;;;5;;;;;0;0;;;;;;;;;;0;;;5;;;100;;;;1;3;;;;;;;;;;;;;;6;;;Wing
0;;;4;;;;;1;1;;;;;;;;;;0;;;6;;;67;;;;0;1;;;;;;;;;;;;;;2.5;;;Wing
0;;;15;;;;;5;1;;;;;;;;;;2;;;23;;;65;;;;4;5;;;;;;;;;;;;;;14.5;;;Wing
0;;;26;;;;;5;3;;;;;;;;;;1;;;35;;;74;;;;5;1;;;;;;;;;;;;;;25;;;Wing
0;;;2;;;;;2;2;;;;;;;;;;0;;;6;;;33;;;;0;2;;;;;;;;;;;;;;-1;;;Wing
;;;0;;;;;0;0;;;;;;;;;;0;;;0;;;;;;;3;0;;;;;;;;;;;;;;3;;;Pivot
;;;18;;;;;9;0;;;;;;;;;;0;;;27;;;67;;;;1;4;;;;;;;;;;;;;;14.5;;;Wing
;;;0;;;;;0;0;;;;;;;;;;0;;;0;;;;;;;3;4;;;;;;;;;;;;;;3;;;Pivot
0;;;0;;;;;2;0;;;;;;;;;;0;;;2;;;0;;;;1;1;;;;;;;;;;;;;;0;;;Wing
0;;;6;;;;;3;1;;;;;;;;;;0;;;10;;;60;;;;2;0;;;;;;;;;;;;;;5.5;;;Wing
0;;;8;;;;;5;2;;;;;;;;;;2;;;17;;;47;;;;1;0;;;;;;;;;;;;;;3.5;;;Wing
;;;1;;;;;0;0;;;;;;;;;;0;;;1;;;100;;;;1;1;;;;;;;;;;;;;;2;;;Pivot
0;;;19;;;;;5;0;;;;;;;;;;2;;;26;;;73;;;;4;0;;;;;;;;;;;;;;19.5;;;Wing
0;;;7;;;;;4;1;;;;;;;;;;0;;;12;;;58;;;;2;0;;;;;;;;;;;;;;6;;;Wing
;;;0;;;;;0;0;;;;;;;;;;0;;;0;;;;;;;5;2;;;;;;;;;;;;;;5;;;Pivot
0;;;1;;;;;2;3;;;;;;;;;;0;;;6;;;17;;;;1;0;;;;;;;;;;;;;;-2;;;Wing
0;;;31;;;;;4;3;;;;;;;;;;0;;;38;;;82;;;;5;5;;;;;;;;;;;;;;31;;;Wing
;;;0;;;;;0;0;;;;;;;;;;0;;;0;;;;;;;2;0;;;;;;;;;;;;;;2;;;Pivot
0;;;2;;;;;1;0;;;;;;;;;;0;;;3;;;67;;;;2;0;;;;;;;;;;;;;;3.5;;;Pivot
0;;;9;;;;;2;0;;;;;;;;;;0;;;11;;;82;;;;1;0;;;;;;;;;;;;;;9;;;Wing
0;;;6;;;;;2;0;;;;;;;;;;0;;;8;;;75;;;;4;3;;;;;;;;;;;;;;9;;;Pivot
0;;;4;;;;;3;1;;;;;;;;;;0;;;8;;;50;;;;0;0;;;;;;;;;;;;;;1.5;;;Wing
;;;0;;;;;0;0;;;;;;;;;;0;;;0;;;;;;;2;0;;;;;;;;;;;;;;2;;;Pivot
0;;;26;;;;;10;4;;;;;;;;;;1;;;41;;;63;;;;7;6;;;;;;;;;;;;;;23.5;;;Wing
0;;;1;;;;;4;0;;;;;;;;;;0;;;5;;;20;;;;0;0;;;;;;;;;;;;;;-1;;;Wing
;;;0;;;;;0;0;;;;;;;;;;0;;;0;;;;;;;3;0;;;;;;;;;;;;;;3;;;Pivot
0;;;26;;;;;8;4;;;;;;;;;;2;;;40;;;65;;;;6;3;;;;;;;;;;;;;;23;;;Wing
;;;3;;;;;0;0;;;;;;;;;;0;;;3;;;100;;;;0;1;;;;;;;;;;;;;;3;;;Wing
;;;1;;;;;0;0;;;;;;;;;;0;;;1;;;100;;;;1;2;;;;;;;;;;;;;;2;;;Pivot
;;;0;;;;;0;0;;;;;;;;;;0;;;0;;;;;;;2;0;;;;;;;;;;;;;;2;;;Pivot
;;;4;;;;;4;0;;;;;;;;;;1;;;9;;;44;;;;1;3;;;;;;;;;;;;;;2.5;;;Wing
;;;0;;;;;0;0;;;;;;;;;;0;;;0;;;;;;;2;0;;;;;;;;;;;;;;2;;;Pivot
0;;;3;;;;;1;0;;;;;;;;;;0;;;4;;;75;;;;1;0;;;;;;;;;;;;;;3.5;;;Wing
;;;0;;;;;1;0;;;;;;;;;;1;;;2;;;0;;;;0;0;;;;;;;;;;;;;;-1;;;Wing
0;;;15;;;;;8;0;;;;;;;;;;0;;;23;;;65;;;;5;1;;;;;;;;;;;;;;16;;;Wing
1;;;0;;;;;0;0;;;;;;;;;;1;;;1;;;0;;;;5;0;;;;;;;;;;;;;;4.5;;;Pivot
0;;;2;;;;;3;0;;;;;;;;;;0;;;5;;;40;;;;1;1;;;;;;;;;;;;;;1.5;;;Pivot
0;;;5;;;;;6;3;;;;;;;;;;0;;;14;;;36;;;;4;1;;;;;;;;;;;;;;3;;;Wing
0;;;10;;;;;2;1;;;;;;;;;;1;;;14;;;71;;;;1;0;;;;;;;;;;;;;;8.5;;;Wing
0;;;0;;;;;2;0;;;;;;;;;;0;;;2;;;0;;;;5;1;;;;;;;;;;;;;;4;;;Pivot
0;;;8;;;;;8;1;;;;;;;;;;1;;;18;;;44;;;;2;1;;;;;;;;;;;;;;4.5;;;Wing
0;;;10;;;;;3;0;;;;;;;;;;1;;;14;;;71;;;;2;0;;;;;;;;;;;;;;10;;;Wing
0;;;33;;;;;6;1;;;;;;;;;;0;;;40;;;83;;;;6;1;;;;;;;;;;;;;;35;;;Wing
0;;;2;;;;;2;1;;;;;;;;;;1;;;6;;;33;;;;6;2;;;;;;;;;;;;;;5.5;;;Pivot
0;;;2;;;;;6;0;;;;;;;;;;0;;;8;;;25;;;;2;5;;;;;;;;;;;;;;1;;;Wing
0;;;11;;;;;8;1;;;;;;;;;;0;;;20;;;55;;;;5;1;;;;;;;;;;;;;;11;;;Wing
1;;;0;;;;;0;0;;;;;;;;;;0;;;0;;;;;;;2;0;;;;;;;;;;;;;;2;;;Pivot
1;;;0;;;;;0;0;;;;;;;;;;0;;;0;;;;;;;8;0;;;;;;;;;;;;;;8;;;Pivot
0;;;7;;;;;3;1;;;;;;;;;;0;;;11;;;64;;;;2;2;;;;;;;;;;;;;;6.5;;;Wing
0;;;0;;;;;0;0;;;;;;;;;;0;;;0;;;;;;;1;0;;;;;;;;;;;;;;1;;;Wing
0;;;29;;;;;6;1;;;;;;;;;;0;;;36;;;81;;;;3;2;;;;;;;;;;;;;;28;;;Wing
0;;;0;;;;;0;0;;;;;;;;;;0;;;0;;;;;;;1;0;;;;;;;;;;;;;;1;;;Pivot
0;;;2;;;;;1;0;;;;;;;;;;1;;;4;;;50;;;;2;3;;;;;;;;;;;;;;3;;;Pivot
0;;;4;;;;;3;0;;;;;;;;;;0;;;7;;;57;;;;2;1;;;;;;;;;;;;;;4.5;;;Wing
0;;;15;;;;;2;1;;;;;;;;;;1;;;19;;;79;;;;3;8;;;;;;;;;;;;;;15.5;;;Wing
0;;;0;;;;;0;0;;;;;;;;;;0;;;0;;;;;;;2;1;;;;;;;;;;;;;;2;;;Pivot
0;;;0;;;;;0;0;;;;;;;;;;0;;;0;;;;;;;1;1;;;;;;;;;;;;;;1;;;Wing
0;;;2;;;;;0;0;;;;;;;;;;0;;;2;;;100;;;;2;2;;;;;;;;;;;;;;4;;;Wing
0;;;30;;;;;6;3;;;;;;;;;;2;;;41;;;73;;;;2;5;;;;;;;;;;;;;;25;;;Wing
0;;;1;;;;;3;0;;;;;;;;;;0;;;4;;;25;;;;3;1;;;;;;;;;;;;;;2.5;;;Pivot
0;;;1;;;;;0;0;;;;;;;;;;0;;;1;;;100;;;;0;1;;;;;;;;;;;;;;1;;;Pivot
0;;;7;;;;;2;1;;;;;;;;;;0;;;10;;;70;;;;4;1;;;;;;;;;;;;;;9;;;Wing
0;;;0;;;;;0;0;;;;;;;;;;0;;;0;;;;;;;0;1;;;;;;;;;;;;;;0;;;Pivot
0;;;2;;;;;0;0;;;;;;;;;;0;;;2;;;100;;;;2;8;;;;;;;;;;;;;;4;;;Wing
0;;;12;;;;;5;0;;;;;;;;;;0;;;17;;;71;;;;1;0;;;;;;;;;;;;;;10.5;;;Wing
0;;;26;;;;;7;1;;;;;;;;;;0;;;34;;;76;;;;2;0;;;;;;;;;;;;;;23.5;;;Wing
0;;;0;;;;;0;0;;;;;;;;;;0;;;0;;;;;;;5;0;;;;;;;;;;;;;;5;;;Pivot
0;;;8;;;;;8;1;;;;;;;;;;0;;;17;;;47;;;;3;3;;;;;;;;;;;;;;6;;;Wing
0;;;5;;;;;4;0;;;;;;;;;;1;;;10;;;50;;;;0;3;;;;;;;;;;;;;;2.5;;;Wing
0;;;0;;;;;0;0;;;;;;;;;;0;;;0;;;;;;;4;0;;;;;;;;;;;;;;4;;;Pivot
0;;;1;;;;;0;0;;;;;;;;;;0;;;1;;;100;;;;3;0;;;;;;;;;;;;;;4;;;Pivot
0;;;6;;;;;3;1;;;;;;;;;;0;;;10;;;60;;;;0;1;;;;;;;;;;;;;;3.5;;;Wing
0;;;1;;;;;3;0;;;;;;;;;;0;;;4;;;25;;;;0;0;;;;;;;;;;;;;;-0.5;;;Wing
0;;;1;;;;;0;0;;;;;;;;;;0;;;1;;;100;;;;0;0;;;;;;;;;;;;;;1;;;Pivot
0;;;3;;;;;1;0;;;;;;;;;;0;;;4;;;75;;;;2;0;;;;;;;;;;;;;;4.5;;;Wing
0;;;1;;;;;3;0;;;;;;;;;;0;;;4;;;25;;;;3;0;;;;;;;;;;;;;;2.5;;;Pivot
0;;;7;;;;;0;2;;;;;;;;;;0;;;9;;;78;;;;4;4;;;;;;;;;;;;;;9;;;Wing
0;;;15;;;;;7;1;;;;;;;;;;0;;;23;;;65;;;;5;6;;;;;;;;;;;;;;15.5;;;Wing
0;;;0;;;;;0;0;;;;;;;;;;0;;;0;;;;;;;6;1;;;;;;;;;;;;;;6;;;Pivot
0;;;0;;;;;0;0;;;;;;;;;;0;;;0;;;;;;;2;0;;;;;;;;;;;;;;2;;;Pivot
0;;;16;;;;;4;5;;;;;;;;;;0;;;25;;;64;;;;2;2;;;;;;;;;;;;;;11;;;Wing
0;;;2;;;;;1;1;;;;;;;;;;0;;;4;;;50;;;;0;0;;;;;;;;;;;;;;0.5;;;Wing
0;;;9;;;;;1;0;;;;;;;;;;0;;;10;;;90;;;;1;0;;;;;;;;;;;;;;9.5;;;Wing
1;;;15;;;;;13;1;;;;;;;;;;0;;;29;;;52;;;;10;1;;;;;;;;;;;;;;17.5;;;Wing
1;;;0;;;;;0;0;;;;;;;;;;0;;;0;;;;;;;14;3;;;;;;;;;;;;;;14;;;Pivot
1;;;4;;;;;10;0;;;;;;;;;;0;;;14;;;29;;;;5;3;;;;;;;;;;;;;;4;;;Wing
1;;;11;;;;;18;3;;;;;;;;;;2;;;34;;;32;;;;4;3;;;;;;;;;;;;;;2;;;Wing
1;;;0;;;;;0;0;;;;;;;;;;0;;;0;;;;;;;10;1;;;;;;;;;;;;;;10;;;Pivot
1;;;0;;;;;1;0;;;;;;;;;;0;;;1;;;0;;;;8;0;;;;;;;;;;;;;;7.5;;;Pivot
1;;;4;;;;;9;0;;;;;;;;;;1;;;14;;;29;;;;2;1;;;;;;;;;;;;;;1;;;Wing
1;;;2;;;;;6;0;;;;;;;;;;0;;;8;;;25;;;;2;1;;;;;;;;;;;;;;1;;;Wing
1;;;0;;;;;0;0;;;;;;;;;;0;;;0;;;;;;;13;1;;;;;;;;;;;;;;13;;;Pivot
1;;;5;;;;;3;0;;;;;;;;;;0;;;8;;;63;;;;9;0;;;;;;;;;;;;;;12.5;;;Pivot
1;;;9;;;;;17;0;;;;;;;;;;1;;;27;;;33;;;;9;3;;;;;;;;;;;;;;9;;;Wing
1;;;8;;;;;6;0;;;;;;;;;;0;;;14;;;57;;;;4;7;;;;;;;;;;;;;;9;;;Wing
1;;;5;;;;;13;2;;;;;;;;;;0;;;20;;;25;;;;2;2;;;;;;;;;;;;;;-1.5;;;Wing
1;;;2;;;;;6;0;;;;;;;;;;0;;;8;;;25;;;;0;0;;;;;;;;;;;;;;-1;;;Wing
1;;;0;;;;;0;0;;;;;;;;;;0;;;0;;;;;;;3;0;;;;;;;;;;;;;;3;;;Pivot
1;;;5;;;;;9;2;;;;;;;;;;0;;;16;;;31;;;;3;5;;;;;;;;;;;;;;1.5;;;Wing
1;;;0;;;;;1;0;;;;;;;;;;0;;;1;;;0;;;;0;0;;;;;;;;;;;;;;-0.5;;;Pivot
1;;;0;;;;;0;0;;;;;;;;;;0;;;0;;;;;;;14;3;;;;;;;;;;;;;;14;;;Pivot
0;;;34;;;;;18;1;;;;;;;;;;0;;;53;;;64;;;;4;0;;;;;;;;;;;;;;28;;;Wing
0;;;4;;;;;4;0;;;;;;;;;;1;;;9;;;44;;;;7;0;;;;;;;;;;;;;;8.5;;;Pivot
0;;;6;;;;;3;0;;;;;;;;;;0;;;9;;;67;;;;2;1;;;;;;;;;;;;;;6.5;;;Wing
0;;;6;;;;;5;0;;;;;;;;;;1;;;12;;;50;;;;5;5;;;;;;;;;;;;;;8;;;Wing
1;;;0;;;;;0;0;;;;;;;;;;0;;;0;;;;;;;2;1;;;;;;;;;;;;;;2;;;Pivot
0;;;1;;;;;1;1;;;;;;;;;;0;;;3;;;33;;;;1;2;;;;;;;;;;;;;;0.5;;;Wing
0;;;0;;;;;0;0;;;;;;;;;;0;;;0;;;;;;;3;1;;;;;;;;;;;;;;3;;;Pivot
0;;;21;;;;;4;3;;;;;;;;;;2;;;30;;;70;;;;3;2;;;;;;;;;;;;;;18;;;Wing
0;;;0;;;;;1;0;;;;;;;;;;0;;;1;;;0;;;;8;1;;;;;;;;;;;;;;7.5;;;Pivot
0;;;13;;;;;4;1;;;;;;;;;;0;;;18;;;72;;;;2;1;;;;;;;;;;;;;;12;;;Wing
0;;;10;;;;;7;0;;;;;;;;;;1;;;18;;;56;;;;1;1;;;;;;;;;;;;;;7;;;Wing
0;;;0;;;;;2;0;;;;;;;;;;1;;;3;;;0;;;;2;0;;;;;;;;;;;;;;0.5;;;Pivot
1;;;0;;;;;1;0;;;;;;;;;;0;;;1;;;0;;;;9;0;;;;;;;;;;;;;;8.5;;;Pivot
0;;;12;;;;;5;0;;;;;;;;;;1;;;18;;;67;;;;6;2;;;;;;;;;;;;;;15;;;Wing
0;;;35;;;;;13;1;;;;;;;;;;0;;;49;;;71;;;;4;1;;;;;;;;;;;;;;31.5;;;Wing
0;;;1;;;;;0;0;;;;;;;;;;0;;;1;;;100;;;;3;1;;;;;;;;;;;;;;4;;;Pivot
0;;;3;;;;;3;1;;;;;;;;;;0;;;7;;;43;;;;2;3;;;;;;;;;;;;;;2.5;;;Wing
0;;;13;;;;;7;1;;;;;;;;;;1;;;22;;;59;;;;2;2;;;;;;;;;;;;;;10;;;Wing
1;;;0;;;;;0;0;;;;;;;;;;0;;;0;;;;;;;5;0;;;;;;;;;;;;;;5;;;Pivot
1;;;0;;;;;0;0;;;;;;;;;;0;;;0;;;;;;;3;0;;;;;;;;;;;;;;3;;;Pivot
0;;;4;;;;;2;1;;;;;;;;;;0;;;7;;;57;;;;5;2;;;;;;;;;;;;;;7;;;Wing
0;;;0;;;;;0;0;;;;;;;;;;0;;;0;;;;;;;1;0;;;;;;;;;;;;;;1;;;Pivot
0;;;7;;;;;0;3;;;;;;;;;;0;;;10;;;70;;;;1;0;;;;;;;;;;;;;;5;;;Wing
0;;;0;;;;;1;0;;;;;;;;;;0;;;1;;;0;;;;3;0;;;;;;;;;;;;;;2.5;;;Pivot
0;;;11;;;;;8;0;;;;;;;;;;1;;;20;;;55;;;;4;1;;;;;;;;;;;;;;10.5;;;Wing
0;;;21;;;;;8;1;;;;;;;;;;2;;;32;;;66;;;;4;2;;;;;;;;;;;;;;19;;;Wing
1;;;0;;;;;0;0;;;;;;;;;;0;;;0;;;;;;;5;1;;;;;;;;;;;;;;5;;;Pivot
0;;;1;;;;;1;0;;;;;;;;;;0;;;2;;;50;;;;4;2;;;;;;;;;;;;;;4.5;;;Pivot
0;;;10;;;;;5;1;;;;;;;;;;1;;;17;;;59;;;;3;1;;;;;;;;;;;;;;9;;;Wing
0;;;5;;;;;2;0;;;;;;;;;;0;;;7;;;71;;;;1;2;;;;;;;;;;;;;;5;;;Wing
0;;;21;;;;;8;1;;;;;;;;;;0;;;30;;;70;;;;2;0;;;;;;;;;;;;;;18;;;Wing
0;;;0;;;;;0;0;;;;;;;;;;0;;;0;;;;;;;1;2;;;;;;;;;;;;;;1;;;Pivot
0;;;2;;;;;7;1;;;;;;;;;;0;;;10;;;20;;;;1;0;;;;;;;;;;;;;;-1.5;;;Wing
0;;;8;;;;;5;3;;;;;;;;;;0;;;16;;;50;;;;1;1;;;;;;;;;;;;;;3.5;;;Wing
0;;;2;;;;;4;0;;;;;;;;;;0;;;6;;;33;;;;4;1;;;;;;;;;;;;;;4;;;Pivot
1;;;0;;;;;0;0;;;;;;;;;;0;;;0;;;;;;;2;3;;;;;;;;;;;;;;2;;;Pivot
0;;;0;;;;;8;0;;;;;;;;;;0;;;8;;;0;;;;1;0;;;;;;;;;;;;;;-3;;;Wing
0;;;5;;;;;5;1;;;;;;;;;;1;;;12;;;42;;;;0;0;;;;;;;;;;;;;;1;;;Wing
1;;;0;;;;;0;0;;;;;;;;;;0;;;0;;;;;;;1;0;;;;;;;;;;;;;;1;;;Pivot
1;;;0;;;;;0;0;;;;;;;;;;0;;;0;;;;;;;1;0;;;;;;;;;;;;;;1;;;Pivot
0;;;0;;;;;1;2;;;;;;;;;;1;;;4;;;0;;;;0;0;;;;;;;;;;;;;;-3;;;Wing
0;;;5;;;;;1;2;;;;;;;;;;2;;;10;;;50;;;;0;0;;;;;;;;;;;;;;1.5;;;Wing
0;;;13;;;;;2;1;;;;;;;;;;1;;;17;;;76;;;;1;2;;;;;;;;;;;;;;11.5;;;Wing
0;;;1;;;;;0;0;;;;;;;;;;0;;;1;;;100;;;;6;4;;;;;;;;;;;;;;7;;;Pivot
0;;;6;;;;;2;3;;;;;;;;;;0;;;11;;;55;;;;3;1;;;;;;;;;;;;;;5;;;Wing
0;;;5;;;;;1;0;;;;;;;;;;0;;;6;;;83;;;;2;1;;;;;;;;;;;;;;6.5;;;Wing
0;;;6;;;;;1;0;;;;;;;;;;0;;;7;;;86;;;;9;1;;;;;;;;;;;;;;14.5;;;Pivot
0;;;4;;;;;3;2;;;;;;;;;;1;;;10;;;40;;;;6;1;;;;;;;;;;;;;;6;;;Wing
0;;;0;;;;;0;0;;;;;;;;;;0;;;0;;;;;;;1;0;;;;;;;;;;;;;;1;;;Wing
0;;;6;;;;;1;0;;;;;;;;;;0;;;7;;;86;;;;5;2;;;;;;;;;;;;;;10.5;;;Wing
0;;;9;;;;;4;2;;;;;;;;;;1;;;16;;;56;;;;5;2;;;;;;;;;;;;;;9.5;;;Wing
0;;;10;;;;;0;1;;;;;;;;;;0;;;11;;;91;;;;1;1;;;;;;;;;;;;;;10;;;Wing
0;;;6;;;;;6;2;;;;;;;;;;0;;;14;;;43;;;;7;2;;;;;;;;;;;;;;8;;;Wing
0;;;2;;;;;1;0;;;;;;;;;;0;;;3;;;67;;;;7;1;;;;;;;;;;;;;;8.5;;;Pivot
0;;;13;;;;;2;1;;;;;;;;;;1;;;17;;;76;;;;4;2;;;;;;;;;;;;;;14.5;;;Wing
0;;;20;;;;;4;3;;;;;;;;;;0;;;27;;;74;;;;4;3;;;;;;;;;;;;;;19;;;Wing
1;;;0;;;;;0;0;;;;;;;;;;0;;;0;;;;;;;7;0;;;;;;;;;;;;;;7;;;Pivot
1;;;0;;;;;0;0;;;;;;;;;;0;;;0;;;;;;;5;1;;;;;;;;;;;;;;5;;;Pivot
0;;;6;;;;;5;0;;;;;;;;;;0;;;11;;;55;;;;1;1;;;;;;;;;;;;;;4.5;;;Wing
0;;;2;;;;;4;1;;;;;;;;;;0;;;7;;;29;;;;0;0;;;;;;;;;;;;;;-1;;;Wing
0;;;2;;;;;3;0;;;;;;;;;;0;;;5;;;40;;;;1;7;;;;;;;;;;;;;;1.5;;;Wing
;;;2;;;;;2;0;;;;;;;;;;0;;;4;;;50;;;;0;1;;;;;;;;;;;;;;1;;;Wing
;;;6;;;;;8;0;;;;;;;;;;0;;;14;;;43;;;;4;1;;;;;;;;;;;;;;6;;;Wing
0;;;9;;;;;4;0;;;;;;;;;;0;;;13;;;69;;;;7;0;;;;;;;;;;;;;;14;;;Pivot
0;;;1;;;;;4;1;;;;;;;;;;1;;;7;;;14;;;;2;2;;;;;;;;;;;;;;-0.5;;;Wing
0;;;7;;;;;5;0;;;;;;;;;;1;;;13;;;54;;;;2;3;;;;;;;;;;;;;;6;;;Wing
0;;;2;;;;;2;1;;;;;;;;;;1;;;6;;;33;;;;2;5;;;;;;;;;;;;;;1.5;;;Pivot
0;;;16;;;;;8;1;;;;;;;;;;2;;;27;;;59;;;;10;2;;;;;;;;;;;;;;20;;;Pivot
;;;2;;;;;5;4;;;;;;;;;;0;;;11;;;18;;;;0;1;;;;;;;;;;;;;;-4.5;;;Wing
0;;;20;;;;;8;1;;;;;;;;;;1;;;30;;;67;;;;6;3;;;;;;;;;;;;;;20.5;;;Wing
0;;;0;;;;;0;0;;;;;;;;;;0;;;0;;;;;;;6;0;;;;;;;;;;;;;;6;;;Pivot
0;;;2;;;;;5;0;;;;;;;;;;1;;;8;;;25;;;;2;2;;;;;;;;;;;;;;1;;;Wing
0;;;13;;;;;10;1;;;;;;;;;;0;;;24;;;54;;;;7;5;;;;;;;;;;;;;;14;;;Wing
0;;;1;;;;;1;1;;;;;;;;;;1;;;4;;;25;;;;7;1;;;;;;;;;;;;;;6;;;Pivot
1;;;0;;;;;0;0;;;;;;;;;;0;;;0;;;;;;;2;0;;;;;;;;;;;;;;2;;;Pivot
0;;;17;;;;;4;2;;;;;;;;;;0;;;23;;;74;;;;2;2;;;;;;;;;;;;;;15;;;Wing
1;;;0;;;;;0;0;;;;;;;;;;0;;;0;;;;;;;4;1;;;;;;;;;;;;;;4;;;Pivot
0;;;0;;;;;0;1;;;;;;;;;;0;;;1;;;0;;;;1;0;;;;;;;;;;;;;;0;;;Wing
0;;;3;;;;;0;2;;;;;;;;;;0;;;5;;;60;;;;1;0;;;;;;;;;;;;;;2;;;Wing
0;;;15;;;;;9;0;;;;;;;;;;0;;;24;;;63;;;;4;3;;;;;;;;;;;;;;14.5;;;Wing
1;;;1;;;;;0;1;;;;;;;;;;0;;;2;;;50;;;;1;1;;;;;;;;;;;;;;1;;;Pivot
0;;;0;;;;;2;0;;;;;;;;;;0;;;2;;;0;;;;5;1;;;;;;;;;;;;;;4;;;Pivot
0;;;4;;;;;10;1;;;;;;;;;;0;;;15;;;27;;;;1;2;;;;;;;;;;;;;;-1;;;Wing
0;;;12;;;;;5;1;;;;;;;;;;0;;;18;;;67;;;;2;2;;;;;;;;;;;;;;10.5;;;Wing
0;;;1;;;;;0;1;;;;;;;;;;0;;;2;;;50;;;;8;1;;;;;;;;;;;;;;8;;;Pivot
0;;;13;;;;;10;3;;;;;;;;;;0;;;26;;;50;;;;7;3;;;;;;;;;;;;;;12;;;Wing
0;;;4;;;;;2;0;;;;;;;;;;0;;;6;;;67;;;;0;0;;;;;;;;;;;;;;3;;;Wing
0;;;7;;;;;12;2;;;;;;;;;;0;;;21;;;33;;;;3;0;;;;;;;;;;;;;;2;;;Wing
0;;;33;;;;;10;1;;;;;;;;;;0;;;44;;;75;;;;3;0;;;;;;;;;;;;;;30;;;Wing
0;;;0;;;;;0;0;;;;;;;;;;0;;;0;;;;;;;12;4;;;;;;;;;;;;;;12;;;Pivot
0;;;6;;;;;12;1;;;;;;;;;;2;;;21;;;29;;;;9;1;;;;;;;;;;;;;;7;;;Wing
1;;;0;;;;;0;0;;;;;;;;;;0;;;0;;;;;;;5;0;;;;;;;;;;;;;;5;;;Pivot
1;;;0;;;;;0;0;;;;;;;;;;0;;;0;;;;;;;4;1;;;;;;;;;;;;;;4;;;Pivot
0;;;2;;;;;4;1;;;;;;;;;;1;;;8;;;25;;;;0;0;;;;;;;;;;;;;;-1.5;;;Wing
0;;;2;;;;;4;0;;;;;;;;;;0;;;6;;;33;;;;0;1;;;;;;;;;;;;;;0;;;Wing
0;;;5;;;;;3;0;;;;;;;;;;1;;;9;;;56;;;;6;1;;;;;;;;;;;;;;9;;;Wing
0;;;4;;;;;2;0;;;;;;;;;;0;;;6;;;67;;;;10;3;;;;;;;;;;;;;;13;;;Pivot
0;;;6;;;;;5;1;;;;;;;;;;0;;;12;;;50;;;;0;2;;;;;;;;;;;;;;2.5;;;Wing
0;;;9;;;;;4;1;;;;;;;;;;0;;;14;;;64;;;;3;1;;;;;;;;;;;;;;9;;;Wing
0;;;9;;;;;1;1;;;;;;;;;;0;;;11;;;82;;;;5;0;;;;;;;;;;;;;;12.5;;;Pivot
1;;;0;;;;;0;0;;;;;;;;;;0;;;0;;;;;;;4;0;;;;;;;;;;;;;;4;;;Pivot
0;;;19;;;;;12;3;;;;;;;;;;0;;;34;;;56;;;;8;0;;;;;;;;;;;;;;18;;;Wing
0;;;1;;;;;2;0;;;;;;;;;;2;;;5;;;20;;;;0;0;;;;;;;;;;;;;;-1;;;Wing
1;;;0;;;;;0;0;;;;;;;;;;0;;;0;;;;;;;3;0;;;;;;;;;;;;;;3;;;Pivot
0;;;2;;;;;6;1;;;;;;;;;;0;;;9;;;22;;;;0;0;;;;;;;;;;;;;;-2;;;Wing
0;;;0;;;;;1;0;;;;;;;;;;0;;;1;;;0;;;;3;1;;;;;;;;;;;;;;2.5;;;Pivot
0;;;17;;;;;3;1;;;;;;;;;;1;;;22;;;77;;;;1;4;;;;;;;;;;;;;;15;;;Wing
0;;;5;;;;;4;1;;;;;;;;;;0;;;10;;;50;;;;3;2;;;;;;;;;;;;;;5;;;Wing
1;;;0;;;;;1;0;;;;;;;;;;0;;;1;;;0;;;;2;2;;;;;;;;;;;;;;1.5;;;Pivot
0;;;0;;;;;4;1;;;;;;;;;;0;;;5;;;0;;;;1;0;;;;;;;;;;;;;;-2;;;Wing
0;;;5;;;;;6;1;;;;;;;;;;0;;;12;;;42;;;;2;4;;;;;;;;;;;;;;3;;;Wing
0;;;1;;;;;1;0;;;;;;;;;;0;;;2;;;50;;;;7;1;;;;;;;;;;;;;;7.5;;;Pivot
1;;;0;;;;;0;0;;;;;;;;;;0;;;0;;;;;;;3;0;;;;;;;;;;;;;;3;;;Pivot
0;;;10;;;;;2;0;;;;;;;;;;1;;;13;;;77;;;;4;1;;;;;;;;;;;;;;12.5;;;Wing
0;;;12;;;;;4;2;;;;;;;;;;0;;;18;;;67;;;;1;0;;;;;;;;;;;;;;9;;;Wing
;;;0;;;;;0;0;;;;;;;;;;0;;;0;;;;;;;1;0;;;;;;;;;;;;;;1;;;Pivot
;;;3;;;;;4;0;;;;;;;;;;0;;;7;;;43;;;;2;0;;;;;;;;;;;;;;3;;;Wing
;;;12;;;;;3;4;;;;;;;;;;0;;;19;;;63;;;;3;2;;;;;;;;;;;;;;9.5;;;Wing
;;;5;;;;;4;0;;;;;;;;;;0;;;9;;;56;;;;12;3;;;;;;;;;;;;;;15;;;Pivot
;;;11;;;;;6;0;;;;;;;;;;2;;;19;;;58;;;;3;2;;;;;;;;;;;;;;10;;;Wing
;;;8;;;;;4;0;;;;;;;;;;0;;;12;;;67;;;;3;7;;;;;;;;;;;;;;9;;;Wing
;;;0;;;;;0;0;;;;;;;;;;0;;;0;;;;;;;4;1;;;;;;;;;;;;;;4;;;Pivot
;;;5;;;;;3;0;;;;;;;;;;0;;;8;;;63;;;;1;3;;;;;;;;;;;;;;4.5;;;Pivot
;;;5;;;;;7;2;;;;;;;;;;0;;;14;;;36;;;;0;1;;;;;;;;;;;;;;-0.5;;;Wing
;;;0;;;;;0;0;;;;;;;;;;0;;;0;;;;;;;3;4;;;;;;;;;;;;;;3;;;Pivot
0;;;11;;;;;6;2;;;;;;;;;;0;;;19;;;58;;;;2;2;;;;;;;;;;;;;;8;;;Wing
0;;;1;;;;;0;0;;;;;;;;;;0;;;1;;;100;;;;3;1;;;;;;;;;;;;;;4;;;Pivot
0;;;11;;;;;0;2;;;;;;;;;;0;;;13;;;85;;;;3;2;;;;;;;;;;;;;;12;;;Wing
0;;;11;;;;;2;1;;;;;;;;;;0;;;14;;;79;;;;3;0;;;;;;;;;;;;;;12;;;Wing
1;;;0;;;;;0;1;;;;;;;;;;0;;;1;;;0;;;;9;0;;;;;;;;;;;;;;8;;;Pivot
0;;;1;;;;;1;0;;;;;;;;;;0;;;2;;;50;;;;5;0;;;;;;;;;;;;;;5.5;;;Pivot
0;;;6;;;;;4;1;;;;;;;;;;0;;;11;;;55;;;;2;4;;;;;;;;;;;;;;5;;;Wing
0;;;1;;;;;1;0;;;;;;;;;;0;;;2;;;50;;;;2;0;;;;;;;;;;;;;;2.5;;;Pivot
0;;;3;;;;;4;1;;;;;;;;;;0;;;8;;;38;;;;3;1;;;;;;;;;;;;;;3;;;Wing
0;;;10;;;;;4;1;;;;;;;;;;0;;;15;;;67;;;;2;2;;;;;;;;;;;;;;9;;;Wing
0;;;3;;;;;1;0;;;;;;;;;;1;;;5;;;60;;;;4;1;;;;;;;;;;;;;;6;;;Pivot
0;;;19;;;;;6;1;;;;;;;;;;1;;;27;;;70;;;;3;6;;;;;;;;;;;;;;17.5;;;Wing
0;;;2;;;;;3;0;;;;;;;;;;0;;;5;;;40;;;;0;2;;;;;;;;;;;;;;0.5;;;Wing
0;;;7;;;;;7;0;;;;;;;;;;3;;;17;;;41;;;;5;3;;;;;;;;;;;;;;7;;;Pivot
0;;;0;;;;;0;0;;;;;;;;;;0;;;0;;;;;;;6;4;;;;;;;;;;;;;;6;;;Pivot
0;;;0;;;;;7;5;;;;;;;;;;0;;;12;;;0;;;;0;0;;;;;;;;;;;;;;-8.5;;;Wing
0;;;1;;;;;2;0;;;;;;;;;;0;;;3;;;33;;;;0;0;;;;;;;;;;;;;;0;;;Wing
1;;;0;;;;;0;0;;;;;;;;;;0;;;0;;;;;;;1;0;;;;;;;;;;;;;;1;;;Pivot
0;;;8;;;;;13;1;;;;;;;;;;0;;;22;;;36;;;;5;5;;;;;;;;;;;;;;5.5;;;Wing
1;;;0;;;;;0;0;;;;;;;;;;0;;;0;;;;;;;3;0;;;;;;;;;;;;;;3;;;Pivot
0;;;2;;;;;1;3;;;;;;;;;;0;;;6;;;33;;;;6;1;;;;;;;;;;;;;;4.5;;;Pivot
0;;;29;;;;;10;1;;;;;;;;;;3;;;43;;;67;;;;5;3;;;;;;;;;;;;;;26.5;;;Wing
0;;;0;;;;;0;0;;;;;;;;;;0;;;0;;;;;;;1;0;;;;;;;;;;;;;;1;;;Pivot
0;;;19;;;;;7;1;;;;;;;;;;2;;;29;;;66;;;;4;1;;;;;;;;;;;;;;17.5;;;Wing
1;;;0;;;;;1;0;;;;;;;;;;1;;;2;;;0;;;;7;2;;;;;;;;;;;;;;6;;;Pivot
0;;;13;;;;;8;3;;;;;;;;;;1;;;25;;;52;;;;3;3;;;;;;;;;;;;;;8.5;;;Wing
0;;;0;;;;;0;0;;;;;;;;;;0;;;0;;;;;;;5;1;;;;;;;;;;;;;;5;;;Pivot
1;;;1;;;;;2;0;;;;;;;;;;0;;;3;;;33;;;;1;2;;;;;;;;;;;;;;1;;;Wing
0;;;3;;;;;5;1;;;;;;;;;;0;;;9;;;33;;;;5;7;;;;;;;;;;;;;;4.5;;;Wing
0;;;1;;;;;1;0;;;;;;;;;;0;;;2;;;50;;;;2;1;;;;;;;;;;;;;;2.5;;;Wing
0;;;27;;;;;9;1;;;;;;;;;;3;;;40;;;68;;;;9;3;;;;;;;;;;;;;;29;;;Wing
0;;;1;;;;;2;1;;;;;;;;;;0;;;4;;;25;;;;8;2;;;;;;;;;;;;;;7;;;Pivot
;;;11;;;;;6;3;;;;;;;;;;0;;;20;;;55;;;;2;0;;;;;;;;;;;;;;7;;;Wing
;;;2;;;;;1;1;;;;;;;;;;0;;;4;;;50;;;;3;2;;;;;;;;;;;;;;3.5;;;Pivot
1;;;0;;;;;0;0;;;;;;;;;;0;;;0;;;;;;;4;1;;;;;;;;;;;;;;4;;;Pivot
;;;5;;;;;5;1;;;;;;;;;;1;;;12;;;42;;;;1;2;;;;;;;;;;;;;;2;;;Wing
;;;9;;;;;6;0;;;;;;;;;;2;;;17;;;53;;;;0;1;;;;;;;;;;;;;;5;;;Wing
0;;;12;;;;;7;3;;;;;;;;;;0;;;22;;;55;;;;4;4;;;;;;;;;;;;;;9.5;;;Wing
;;;0;;;;;0;0;;;;;;;;;;0;;;0;;;;;;;2;0;;;;;;;;;;;;;;2;;;Pivot
;;;1;;;;;2;0;;;;;;;;;;0;;;3;;;33;;;;2;0;;;;;;;;;;;;;;2;;;Pivot
;;;3;;;;;1;0;;;;;;;;;;0;;;4;;;75;;;;0;2;;;;;;;;;;;;;;2.5;;;Wing
0;;;28;;;;;13;1;;;;;;;;;;0;;;42;;;67;;;;4;4;;;;;;;;;;;;;;24.5;;;Wing
0;;;4;;;;;0;0;;;;;;;;;;1;;;5;;;80;;;;6;0;;;;;;;;;;;;;;9.5;;;Pivot
0;;;0;;;;;0;0;;;;;;;;;;0;;;0;;;;;;;6;2;;;;;;;;;;;;;;6;;;Pivot
0;;;9;;;;;5;1;;;;;;;;;;0;;;15;;;60;;;;1;1;;;;;;;;;;;;;;6.5;;;Wing
0;;;19;;;;;18;2;;;;;;;;;;1;;;40;;;48;;;;3;3;;;;;;;;;;;;;;10.5;;;Wing
1;;;0;;;;;0;0;;;;;;;;;;0;;;0;;;;;;;1;0;;;;;;;;;;;;;;1;;;Pivot
0;;;6;;;;;7;2;;;;;;;;;;1;;;16;;;38;;;;2;1;;;;;;;;;;;;;;2;;;Wing
0;;;0;;;;;0;0;;;;;;;;;;0;;;0;;;;;;;2;1;;;;;;;;;;;;;;2;;;Pivot
0;;;0;;;;;1;0;;;;;;;;;;0;;;1;;;0;;;;0;2;;;;;;;;;;;;;;-0.5;;;Wing
0;;;11;;;;;10;2;;;;;;;;;;1;;;24;;;46;;;;7;5;;;;;;;;;;;;;;10.5;;;Wing
0;;;10;;;;;4;0;;;;;;;;;;1;;;15;;;67;;;;8;1;;;;;;;;;;;;;;15.5;;;Wing
0;;;33;;;;;3;2;;;;;;;;;;2;;;40;;;83;;;;5;0;;;;;;;;;;;;;;33.5;;;Wing
0;;;16;;;;;3;1;;;;;;;;;;1;;;21;;;76;;;;4;3;;;;;;;;;;;;;;17;;;Wing
0;;;0;;;;;0;0;;;;;;;;;;0;;;0;;;;;;;0;0;;;;;;;;;;;;;;0;;;Pivot
0;;;9;;;;;5;0;;;;;;;;;;1;;;15;;;60;;;;7;2;;;;;;;;;;;;;;13;;;Wing
0;;;1;;;;;0;0;;;;;;;;;;0;;;1;;;100;;;;8;3;;;;;;;;;;;;;;9;;;Pivot
0;;;0;;;;;0;0;;;;;;;;;;0;;;0;;;;;;;5;1;;;;;;;;;;;;;;5;;;Pivot
0;;;14;;;;;8;1;;;;;;;;;;4;;;27;;;52;;;;4;1;;;;;;;;;;;;;;11;;;Wing
1;;;1;;;;;0;0;;;;;;;;;;0;;;1;;;100;;;;9;0;;;;;;;;;;;;;;10;;;Pivot
0;;;12;;;;;13;3;;;;;;;;;;1;;;29;;;41;;;;2;1;;;;;;;;;;;;;;4;;;Wing
0;;;3;;;;;7;2;;;;;;;;;;0;;;12;;;25;;;;2;3;;;;;;;;;;;;;;-0.5;;;Pivot
0;;;0;;;;;1;0;;;;;;;;;;1;;;2;;;0;;;;8;1;;;;;;;;;;;;;;7;;;Pivot
0;;;33;;;;;6;2;;;;;;;;;;2;;;43;;;77;;;;7;2;;;;;;;;;;;;;;34;;;Wing
0;;;7;;;;;4;0;;;;;;;;;;0;;;11;;;64;;;;2;7;;;;;;;;;;;;;;7;;;Wing
1;;;0;;;;;0;0;;;;;;;;;;0;;;0;;;;;;;1;1;;;;;;;;;;;;;;1;;;Wing
0;;;0;;;;;1;0;;;;;;;;;;0;;;1;;;0;;;;2;0;;;;;;;;;;;;;;1.5;;;Pivot
0;;;5;;;;;3;2;;;;;;;;;;0;;;10;;;50;;;;5;3;;;;;;;;;;;;;;6.5;;;Pivot
;;;2;;;;;3;1;;;;;;;;;;0;;;6;;;33;;;;8;1;;;;;;;;;;;;;;7.5;;;Pivot
0;;;21;;;;;9;1;;;;;;;;;;5;;;36;;;58;;;;11;3;;;;;;;;;;;;;;24;;;Wing
;;;3;;;;;3;1;;;;;;;;;;1;;;8;;;38;;;;3;0;;;;;;;;;;;;;;3;;;Pivot
;;;22;;;;;9;1;;;;;;;;;;4;;;36;;;61;;;;6;2;;;;;;;;;;;;;;20.5;;;Wing
;;;9;;;;;1;3;;;;;;;;;;1;;;14;;;64;;;;3;0;;;;;;;;;;;;;;8;;;Wing
;;;8;;;;;8;2;;;;;;;;;;0;;;18;;;44;;;;2;0;;;;;;;;;;;;;;4;;;Wing
0;;;0;;;;;1;0;;;;;;;;;;1;;;2;;;0;;;;2;1;;;;;;;;;;;;;;1;;;Wing
0;;;34;;;;;7;3;;;;;;;;;;1;;;45;;;76;;;;3;2;;;;;;;;;;;;;;30;;;Wing
0;;;7;;;;;4;3;;;;;;;;;;1;;;15;;;47;;;;3;3;;;;;;;;;;;;;;4.5;;;Wing
0;;;5;;;;;5;0;;;;;;;;;;0;;;10;;;50;;;;10;1;;;;;;;;;;;;;;12.5;;;Wing
0;;;21;;;;;5;0;;;;;;;;;;1;;;27;;;78;;;;2;6;;;;;;;;;;;;;;20;;;Wing
0;;;0;;;;;1;0;;;;;;;;;;0;;;1;;;0;;;;2;1;;;;;;;;;;;;;;1.5;;;Pivot
0;;;0;;;;;0;0;;;;;;;;;;0;;;0;;;;;;;2;0;;;;;;;;;;;;;;2;;;Pivot
0;;;0;;;;;0;0;;;;;;;;;;0;;;0;;;;;;;4;2;;;;;;;;;;;;;;4;;;Pivot
0;;;6;;;;;1;1;;;;;;;;;;0;;;8;;;75;;;;3;2;;;;;;;;;;;;;;7.5;;;Wing
0;;;4;;;;;1;0;;;;;;;;;;0;;;5;;;80;;;;0;1;;;;;;;;;;;;;;3.5;;;Wing
0;;;3;;;;;2;1;;;;;;;;;;0;;;6;;;50;;;;2;4;;;;;;;;;;;;;;3;;;Wing
0;;;19;;;;;7;1;;;;;;;;;;1;;;28;;;68;;;;4;1;;;;;;;;;;;;;;18;;;Pivot
0;;;29;;;;;7;0;;;;;;;;;;2;;;38;;;76;;;;3;2;;;;;;;;;;;;;;27.5;;;Wing
0;;;6;;;;;4;1;;;;;;;;;;0;;;11;;;55;;;;1;1;;;;;;;;;;;;;;4;;;Wing
0;;;10;;;;;7;0;;;;;;;;;;0;;;17;;;59;;;;1;7;;;;;;;;;;;;;;7.5;;;Wing
0;;;0;;;;;0;0;;;;;;;;;;0;;;0;;;;;;;5;0;;;;;;;;;;;;;;5;;;Pivot
1;;;0;;;;;0;0;;;;;;;;;;0;;;0;;;;;;;3;0;;;;;;;;;;;;;;3;;;Pivot
0;;;7;;;;;1;0;;;;;;;;;;0;;;8;;;88;;;;1;0;;;;;;;;;;;;;;7.5;;;Wing
;;;6;;;;;5;0;;;;;;;;;;2;;;13;;;46;;;;1;2;;;;;;;;;;;;;;3.5;;;Wing
;;;0;;;;;0;0;;;;;;;;;;0;;;0;;;;;;;7;1;;;;;;;;;;;;;;7;;;Pivot
;;;2;;;;;0;1;;;;;;;;;;0;;;3;;;67;;;;0;0;;;;;;;;;;;;;;1;;;Wing
0;;;2;;;;;8;0;;;;;;;;;;0;;;10;;;20;;;;0;6;;;;;;;;;;;;;;-2;;;Wing
0;;;9;;;;;3;0;;;;;;;;;;2;;;14;;;64;;;;14;1;;;;;;;;;;;;;;20.5;;;Pivot
0;;;2;;;;;1;0;;;;;;;;;;0;;;3;;;67;;;;4;0;;;;;;;;;;;;;;5.5;;;Wing
0;;;3;;;;;6;2;;;;;;;;;;1;;;12;;;25;;;;3;4;;;;;;;;;;;;;;0.5;;;Wing
0;;;9;;;;;8;1;;;;;;;;;;2;;;20;;;45;;;;6;2;;;;;;;;;;;;;;9;;;Pivot
0;;;5;;;;;7;2;;;;;;;;;;0;;;14;;;36;;;;1;1;;;;;;;;;;;;;;0.5;;;Wing
1;;;3;;;;;3;1;;;;;;;;;;1;;;8;;;38;;;;0;1;;;;;;;;;;;;;;0;;;Wing
;;;3;;;;;0;1;;;;;;;;;;0;;;4;;;75;;;;0;0;;;;;;;;;;;;;;2;;;Wing
1;;;0;;;;;2;0;;;;;;;;;;2;;;4;;;0;;;;0;0;;;;;;;;;;;;;;-2;;;Pivot
;;;1;;;;;2;0;;;;;;;;;;0;;;3;;;33;;;;1;1;;;;;;;;;;;;;;1;;;Wing
0;;;25;;;;;8;2;;;;;;;;;;1;;;36;;;69;;;;7;2;;;;;;;;;;;;;;25.5;;;Wing
0;;;0;;;;;0;0;;;;;;;;;;0;;;0;;;;;;;7;1;;;;;;;;;;;;;;7;;;Pivot
0;;;5;;;;;4;1;;;;;;;;;;1;;;11;;;45;;;;2;0;;;;;;;;;;;;;;3.5;;;Wing
0;;;13;;;;;6;1;;;;;;;;;;2;;;22;;;59;;;;5;2;;;;;;;;;;;;;;13;;;Wing
1;;;0;;;;;0;0;;;;;;;;;;0;;;0;;;;;;;2;1;;;;;;;;;;;;;;2;;;Pivot
1;;;0;;;;;0;0;;;;;;;;;;0;;;0;;;;;;;3;1;;;;;;;;;;;;;;3;;;Pivot
0;;;3;;;;;3;1;;;;;;;;;;1;;;8;;;38;;;;2;1;;;;;;;;;;;;;;2;;;Wing
0;;;1;;;;;0;0;;;;;;;;;;0;;;1;;;100;;;;6;1;;;;;;;;;;;;;;7;;;Pivot
0;;;7;;;;;4;1;;;;;;;;;;0;;;12;;;58;;;;5;1;;;;;;;;;;;;;;9;;;Wing
1;;;0;;;;;0;0;;;;;;;;;;0;;;0;;;;;;;1;1;;;;;;;;;;;;;;1;;;Pivot
0;;;3;;;;;2;1;;;;;;;;;;0;;;6;;;50;;;;1;0;;;;;;;;;;;;;;2;;;Wing
0;;;1;;;;;1;0;;;;;;;;;;0;;;2;;;50;;;;0;0;;;;;;;;;;;;;;0.5;;;Wing
0;;;30;;;;;10;2;;;;;;;;;;0;;;42;;;71;;;;0;7;;;;;;;;;;;;;;23;;;Wing
0;;;1;;;;;0;0;;;;;;;;;;0;;;1;;;100;;;;2;0;;;;;;;;;;;;;;3;;;Pivot
0;;;0;;;;;0;0;;;;;;;;;;0;;;0;;;;;;;1;0;;;;;;;;;;;;;;1;;;Pivot
0;;;0;;;;;0;0;;;;;;;;;;0;;;0;;;;;;;0;4;;;;;;;;;;;;;;0;;;Wing
0;;;19;;;;;2;1;;;;;;;;;;0;;;22;;;86;;;;4;4;;;;;;;;;;;;;;21;;;Wing
0;;;0;;;;;0;0;;;;;;;;;;0;;;0;;;;;;;0;0;;;;;;;;;;;;;;0;;;Pivot
0;;;1;;;;;0;0;;;;;;;;;;0;;;1;;;100;;;;2;6;;;;;;;;;;;;;;3;;;Wing
0;;;0;;;;;0;0;;;;;;;;;;0;;;0;;;;;;;3;0;;;;;;;;;;;;;;3;;;Pivot
0;;;3;;;;;3;4;;;;;;;;;;0;;;10;;;30;;;;1;1;;;;;;;;;;;;;;-1.5;;;Wing
0;;;10;;;;;3;0;;;;;;;;;;1;;;14;;;71;;;;0;2;;;;;;;;;;;;;;8;;;Pivot
0;;;26;;;;;3;1;;;;;;;;;;0;;;30;;;87;;;;1;6;;;;;;;;;;;;;;24.5;;;Wing
0;;;0;;;;;0;0;;;;;;;;;;0;;;0;;;;;;;4;0;;;;;;;;;;;;;;4;;;Pivot
0;;;2;;;;;0;1;;;;;;;;;;0;;;3;;;67;;;;4;0;;;;;;;;;;;;;;5;;;Pivot
0;;;7;;;;;1;0;;;;;;;;;;0;;;8;;;88;;;;1;0;;;;;;;;;;;;;;7.5;;;Wing
0;;;7;;;;;2;0;;;;;;;;;;0;;;9;;;78;;;;1;1;;;;;;;;;;;;;;7;;;Wing
0;;;5;;;;;5;2;;;;;;;;;;0;;;12;;;42;;;;0;3;;;;;;;;;;;;;;0.5;;;Wing
1;;;0;;;;;0;0;;;;;;;;;;0;;;0;;;;;;;1;2;;;;;;;;;;;;;;1;;;Pivot
0;;;2;;;;;0;0;;;;;;;;;;1;;;3;;;67;;;;0;2;;;;;;;;;;;;;;1.5;;;Pivot
0;;;6;;;;;1;0;;;;;;;;;;0;;;7;;;86;;;;0;0;;;;;;;;;;;;;;5.5;;;Wing
0;;;0;;;;;5;3;;;;;;;;;;0;;;8;;;0;;;;1;3;;;;;;;;;;;;;;-4.5;;;Wing
0;;;1;;;;;2;1;;;;;;;;;;1;;;5;;;20;;;;4;0;;;;;;;;;;;;;;2.5;;;Pivot
0;;;9;;;;;6;3;;;;;;;;;;3;;;21;;;43;;;;5;3;;;;;;;;;;;;;;6.5;;;Wing
0;;;0;;;;;1;0;;;;;;;;;;0;;;1;;;0;;;;1;0;;;;;;;;;;;;;;0.5;;;Pivot
0;;;4;;;;;4;1;;;;;;;;;;1;;;10;;;40;;;;1;4;;;;;;;;;;;;;;1.5;;;Pivot
0;;;2;;;;;0;0;;;;;;;;;;0;;;2;;;100;;;;2;0;;;;;;;;;;;;;;4;;;Pivot
0;;;8;;;;;7;1;;;;;;;;;;0;;;16;;;50;;;;2;1;;;;;;;;;;;;;;5.5;;;Wing
0;;;2;;;;;5;0;;;;;;;;;;1;;;8;;;25;;;;2;3;;;;;;;;;;;;;;1;;;Wing
0;;;3;;;;;2;0;;;;;;;;;;0;;;5;;;60;;;;0;4;;;;;;;;;;;;;;2;;;Wing
0;;;4;;;;;1;0;;;;;;;;;;1;;;6;;;67;;;;8;0;;;;;;;;;;;;;;11;;;Pivot
0;;;19;;;;;4;1;;;;;;;;;;1;;;25;;;76;;;;4;2;;;;;;;;;;;;;;19.5;;;Wing
0;;;9;;;;;6;0;;;;;;;;;;0;;;15;;;60;;;;4;2;;;;;;;;;;;;;;10;;;Wing
1;;;0;;;;;0;0;;;;;;;;;;0;;;0;;;;;;;6;1;;;;;;;;;;;;;;6;;;Pivot
0;;;1;;;;;0;0;;;;;;;;;;0;;;1;;;100;;;;3;1;;;;;;;;;;;;;;4;;;Pivot
1;;;2;;;;;3;2;;;;;;;;;;2;;;9;;;22;;;;4;0;;;;;;;;;;;;;;1.5;;;Wing
0;;;12;;;;;2;0;;;;;;;;;;1;;;15;;;80;;;;1;2;;;;;;;;;;;;;;11.5;;;Wing
0;;;12;;;;;0;1;;;;;;;;;;0;;;13;;;92;;;;3;1;;;;;;;;;;;;;;14;;;Wing
0;;;4;;;;;1;1;;;;;;;;;;1;;;7;;;57;;;;3;0;;;;;;;;;;;;;;5;;;Wing
0;;;1;;;;;0;0;;;;;;;;;;1;;;2;;;50;;;;7;2;;;;;;;;;;;;;;7.5;;;Pivot
0;;;15;;;;;5;1;;;;;;;;;;1;;;22;;;68;;;;4;0;;;;;;;;;;;;;;15;;;Wing
0;;;11;;;;;9;0;;;;;;;;;;0;;;20;;;55;;;;5;3;;;;;;;;;;;;;;11.5;;;Wing
0;;;5;;;;;4;0;;;;;;;;;;4;;;13;;;38;;;;2;4;;;;;;;;;;;;;;3;;;Wing
1;;;0;;;;;0;0;;;;;;;;;;0;;;0;;;;;;;5;1;;;;;;;;;;;;;;5;;;Pivot
0;;;0;;;;;0;0;;;;;;;;;;0;;;0;;;;;;;1;1;;;;;;;;;;;;;;1;;;Pivot
0;;;6;;;;;3;0;;;;;;;;;;1;;;10;;;60;;;;2;1;;;;;;;;;;;;;;6;;;Wing
0;;;4;;;;;4;0;;;;;;;;;;1;;;9;;;44;;;;5;4;;;;;;;;;;;;;;6.5;;;Pivot
0;;;7;;;;;4;1;;;;;;;;;;1;;;13;;;54;;;;2;2;;;;;;;;;;;;;;5.5;;;Wing
0;;;0;;;;;0;0;;;;;;;;;;0;;;0;;;;;;;2;0;;;;;;;;;;;;;;2;;;Pivot
0;;;34;;;;;10;1;;;;;;;;;;1;;;46;;;74;;;;5;3;;;;;;;;;;;;;;32.5;;;Wing
0;;;2;;;;;4;0;;;;;;;;;;2;;;8;;;25;;;;6;2;;;;;;;;;;;;;;5;;;Pivot
0;;;14;;;;;6;0;;;;;;;;;;0;;;20;;;70;;;;3;1;;;;;;;;;;;;;;14;;;Wing
0;;;0;;;;;0;0;;;;;;;;;;0;;;0;;;;;;;8;1;;;;;;;;;;;;;;8;;;Pivot
1;;;0;;;;;0;0;;;;;;;;;;0;;;0;;;;;;;5;0;;;;;;;;;;;;;;5;;;Pivot
0;;;2;;;;;5;1;;;;;;;;;;0;;;8;;;25;;;;0;2;;;;;;;;;;;;;;-1.5;;;Wing
0;;;3;;;;;7;3;;;;;;;;;;0;;;13;;;23;;;;1;1;;;;;;;;;;;;;;-2.5;;;Wing
0;;;1;;;;;3;0;;;;;;;;;;0;;;4;;;25;;;;0;0;;;;;;;;;;;;;;-0.5;;;Wing
1;;;0;;;;;0;0;;;;;;;;;;0;;;0;;;;;;;1;0;;;;;;;;;;;;;;1;;;Pivot
0;;;11;;;;;1;0;;;;;;;;;;2;;;14;;;79;;;;7;1;;;;;;;;;;;;;;16.5;;;Wing
0;;;3;;;;;2;0;;;;;;;;;;0;;;5;;;60;;;;11;0;;;;;;;;;;;;;;13;;;Pivot
0;;;18;;;;;2;5;;;;;;;;;;1;;;26;;;69;;;;10;4;;;;;;;;;;;;;;21.5;;;Wing
1;;;11;;;;;6;3;;;;;;;;;;2;;;22;;;50;;;;1;0;;;;;;;;;;;;;;5;;;Wing
0;;;10;;;;;1;0;;;;;;;;;;0;;;11;;;91;;;;11;2;;;;;;;;;;;;;;20.5;;;Pivot
0;;;3;;;;;0;0;;;;;;;;;;0;;;3;;;100;;;;8;6;;;;;;;;;;;;;;11;;;Pivot
0;;;10;;;;;4;0;;;;;;;;;;1;;;15;;;67;;;;7;3;;;;;;;;;;;;;;14.5;;;Wing
0;;;7;;;;;8;1;;;;;;;;;;1;;;17;;;41;;;;1;1;;;;;;;;;;;;;;2.5;;;Wing
0;;;4;;;;;2;1;;;;;;;;;;0;;;7;;;57;;;;6;1;;;;;;;;;;;;;;8;;;Pivot
0;;;6;;;;;6;2;;;;;;;;;;0;;;14;;;43;;;;2;1;;;;;;;;;;;;;;3;;;Wing
1;;;4;;;;;9;2;;;;;;;;;;2;;;17;;;24;;;;1;3;;;;;;;;;;;;;;-2.5;;;Wing
0;;;2;;;;;6;0;;;;;;;;;;0;;;8;;;25;;;;2;0;;;;;;;;;;;;;;1;;;Pivot
0;;;1;;;;;3;1;;;;;;;;;;0;;;5;;;20;;;;1;1;;;;;;;;;;;;;;-0.5;;;Pivot
0;;;5;;;;;7;1;;;;;;;;;;0;;;13;;;38;;;;2;1;;;;;;;;;;;;;;2.5;;;Wing
0;;;2;;;;;3;2;;;;;;;;;;0;;;7;;;29;;;;0;4;;;;;;;;;;;;;;-1.5;;;Wing
0;;;2;;;;;4;0;;;;;;;;;;0;;;6;;;33;;;;1;1;;;;;;;;;;;;;;1;;;Pivot
0;;;3;;;;;7;0;;;;;;;;;;0;;;10;;;30;;;;0;1;;;;;;;;;;;;;;-0.5;;;Wing
0;;;13;;;;;7;3;;;;;;;;;;0;;;23;;;57;;;;2;2;;;;;;;;;;;;;;8.5;;;Wing
0;;;0;;;;;2;0;;;;;;;;;;0;;;2;;;0;;;;2;0;;;;;;;;;;;;;;1;;;Pivot
0;;;5;;;;;4;0;;;;;;;;;;1;;;10;;;50;;;;3;0;;;;;;;;;;;;;;5.5;;;Wing
0;;;14;;;;;5;3;;;;;;;;;;2;;;24;;;58;;;;0;7;;;;;;;;;;;;;;7.5;;;Wing
1;;;0;;;;;0;0;;;;;;;;;;0;;;0;;;;;;;5;0;;;;;;;;;;;;;;5;;;Pivot
0;;;0;;;;;0;1;;;;;;;;;;0;;;1;;;0;;;;1;1;;;;;;;;;;;;;;0;;;Pivot
0;;;4;;;;;5;0;;;;;;;;;;2;;;11;;;36;;;;0;1;;;;;;;;;;;;;;0.5;;;Wing
0;;;2;;;;;2;0;;;;;;;;;;1;;;5;;;40;;;;1;0;;;;;;;;;;;;;;1.5;;;Wing
0;;;1;;;;;1;0;;;;;;;;;;1;;;3;;;33;;;;1;2;;;;;;;;;;;;;;1;;;Pivot
0;;;4;;;;;1;0;;;;;;;;;;0;;;5;;;80;;;;1;3;;;;;;;;;;;;;;4.5;;;Wing
0;;;12;;;;;3;0;;;;;;;;;;3;;;18;;;67;;;;4;1;;;;;;;;;;;;;;13;;;Wing
0;;;8;;;;;1;0;;;;;;;;;;0;;;9;;;89;;;;9;0;;;;;;;;;;;;;;16.5;;;Pivot
0;;;14;;;;;0;4;;;;;;;;;;1;;;19;;;74;;;;1;1;;;;;;;;;;;;;;10.5;;;Wing
0;;;14;;;;;5;0;;;;;;;;;;1;;;20;;;70;;;;1;1;;;;;;;;;;;;;;12;;;Wing
1;;;0;;;;;0;0;;;;;;;;;;0;;;0;;;;;;;3;0;;;;;;;;;;;;;;3;;;Pivot
0;;;4;;;;;2;1;;;;;;;;;;0;;;7;;;57;;;;7;2;;;;;;;;;;;;;;9;;;Pivot
1;;;11;;;;;5;1;;;;;;;;;;0;;;17;;;65;;;;1;2;;;;;;;;;;;;;;8.5;;;Wing
0;;;1;;;;;0;0;;;;;;;;;;0;;;1;;;100;;;;1;0;;;;;;;;;;;;;;2;;;Pivot
0;;;14;;;;;4;5;;;;;;;;;;3;;;26;;;54;;;;7;4;;;;;;;;;;;;;;12.5;;;Wing
0;;;0;;;;;1;0;;;;;;;;;;0;;;1;;;0;;;;12;1;;;;;;;;;;;;;;11.5;;;Pivot
0;;;7;;;;;7;1;;;;;;;;;;1;;;16;;;44;;;;5;4;;;;;;;;;;;;;;7;;;Wing
0;;;21;;;;;7;1;;;;;;;;;;2;;;31;;;68;;;;3;2;;;;;;;;;;;;;;18.5;;;Wing
0;;;1;;;;;1;0;;;;;;;;;;0;;;2;;;50;;;;0;0;;;;;;;;;;;;;;0.5;;;Pivot
1;;;0;;;;;0;0;;;;;;;;;;0;;;0;;;;;;;5;0;;;;;;;;;;;;;;5;;;Pivot
0;;;1;;;;;1;0;;;;;;;;;;0;;;2;;;50;;;;1;0;;;;;;;;;;;;;;1.5;;;Wing
0;;;8;;;;;2;0;;;;;;;;;;0;;;10;;;80;;;;1;1;;;;;;;;;;;;;;8;;;Wing
0;;;0;;;;;0;0;;;;;;;;;;0;;;0;;;;;;;0;2;;;;;;;;;;;;;;0;;;Pivot
0;;;2;;;;;0;0;;;;;;;;;;0;;;2;;;100;;;;1;2;;;;;;;;;;;;;;3;;;Wing
0;;;26;;;;;11;1;;;;;;;;;;2;;;40;;;65;;;;2;2;;;;;;;;;;;;;;20.5;;;Wing
0;;;0;;;;;0;0;;;;;;;;;;0;;;0;;;;;;;6;0;;;;;;;;;;;;;;6;;;Pivot
0;;;8;;;;;6;0;;;;;;;;;;0;;;14;;;57;;;;3;0;;;;;;;;;;;;;;8;;;Wing
0;;;7;;;;;16;3;;;;;;;;;;1;;;27;;;26;;;;0;3;;;;;;;;;;;;;;-4.5;;;Wing
1;;;0;;;;;1;0;;;;;;;;;;0;;;1;;;0;;;;5;2;;;;;;;;;;;;;;4.5;;;Pivot
1;;;0;;;;;0;0;;;;;;;;;;0;;;0;;;;;;;4;0;;;;;;;;;;;;;;4;;;Pivot
0;;;2;;;;;1;1;;;;;;;;;;1;;;5;;;40;;;;1;2;;;;;;;;;;;;;;1;;;Wing
1;;;0;;;;;0;0;;;;;;;;;;0;;;0;;;;;;;2;0;;;;;;;;;;;;;;2;;;Pivot
0;;;4;;;;;0;0;;;;;;;;;;0;;;4;;;100;;;;0;2;;;;;;;;;;;;;;4;;;Wing
0;;;3;;;;;2;2;;;;;;;;;;1;;;8;;;38;;;;0;1;;;;;;;;;;;;;;-0.5;;;Wing
1;;;0;;;;;1;0;;;;;;;;;;0;;;1;;;0;;;;0;1;;;;;;;;;;;;;;-0.5;;;Pivot
0;;;10;;;;;6;4;;;;;;;;;;3;;;23;;;43;;;;3;1;;;;;;;;;;;;;;4.5;;;Wing
0;;;1;;;;;5;0;;;;;;;;;;2;;;8;;;13;;;;1;3;;;;;;;;;;;;;;-1.5;;;Wing
0;;;1;;;;;2;0;;;;;;;;;;0;;;3;;;33;;;;0;0;;;;;;;;;;;;;;0;;;Pivot
1;;;1;;;;;0;0;;;;;;;;;;0;;;1;;;100;;;;1;1;;;;;;;;;;;;;;2;;;Pivot
0;;;0;;;;;1;1;;;;;;;;;;1;;;3;;;0;;;;1;3;;;;;;;;;;;;;;-1;;;Wing
0;;;0;;;;;0;0;;;;;;;;;;0;;;0;;;;;;;0;0;;;;;;;;;;;;;;0;;;Pivot
0;;;6;;;;;2;1;;;;;;;;;;0;;;9;;;67;;;;1;0;;;;;;;;;;;;;;5;;;Wing
0;;;2;;;;;3;1;;;;;;;;;;1;;;7;;;29;;;;0;0;;;;;;;;;;;;;;-1;;;Wing
0;;;9;;;;;1;1;;;;;;;;;;0;;;11;;;82;;;;2;0;;;;;;;;;;;;;;9.5;;;Wing
0;;;1;;;;;0;0;;;;;;;;;;0;;;1;;;100;;;;7;2;;;;;;;;;;;;;;8;;;Pivot
0;;;13;;;;;2;0;;;;;;;;;;1;;;16;;;81;;;;3;3;;;;;;;;;;;;;;14.5;;;Wing
0;;;4;;;;;1;1;;;;;;;;;;0;;;6;;;67;;;;1;1;;;;;;;;;;;;;;3.5;;;Wing
0;;;4;;;;;0;0;;;;;;;;;;0;;;4;;;100;;;;4;3;;;;;;;;;;;;;;8;;;Pivot
0;;;6;;;;;0;0;;;;;;;;;;0;;;6;;;100;;;;2;2;;;;;;;;;;;;;;8;;;Wing
0;;;0;;;;;1;0;;;;;;;;;;0;;;1;;;0;;;;0;1;;;;;;;;;;;;;;-0.5;;;Wing
0;;;3;;;;;1;0;;;;;;;;;;0;;;4;;;75;;;;3;1;;;;;;;;;;;;;;5.5;;;Wing
0;;;2;;;;;1;1;;;;;;;;;;0;;;4;;;50;;;;0;1;;;;;;;;;;;;;;0.5;;;Wing
0;;;14;;;;;7;0;;;;;;;;;;0;;;21;;;67;;;;4;4;;;;;;;;;;;;;;14.5;;;Wing
0;;;0;;;;;1;0;;;;;;;;;;0;;;1;;;0;;;;7;2;;;;;;;;;;;;;;6.5;;;Pivot
0;;;4;;;;;1;3;;;;;;;;;;0;;;8;;;50;;;;0;2;;;;;;;;;;;;;;0.5;;;Wing
0;;;3;;;;;7;1;;;;;;;;;;0;;;11;;;27;;;;2;0;;;;;;;;;;;;;;0.5;;;Wing
0;;;3;;;;;1;0;;;;;;;;;;0;;;4;;;75;;;;4;1;;;;;;;;;;;;;;6.5;;;Pivot
1;;;0;;;;;0;0;;;;;;;;;;0;;;0;;;;;;;1;0;;;;;;;;;;;;;;1;;;Pivot
0;;;14;;;;;9;0;;;;;;;;;;1;;;24;;;58;;;;4;8;;;;;;;;;;;;;;13;;;Wing
0;;;9;;;;;5;1;;;;;;;;;;0;;;15;;;60;;;;2;4;;;;;;;;;;;;;;7.5;;;Wing
1;;;0;;;;;0;0;;;;;;;;;;0;;;0;;;;;;;3;1;;;;;;;;;;;;;;3;;;Pivot
0;;;27;;;;;4;1;;;;;;;;;;1;;;33;;;82;;;;4;1;;;;;;;;;;;;;;27.5;;;Wing
0;;;0;;;;;0;0;;;;;;;;;;0;;;0;;;;;;;8;2;;;;;;;;;;;;;;8;;;Pivot
0;;;6;;;;;7;2;;;;;;;;;;0;;;15;;;40;;;;2;1;;;;;;;;;;;;;;2.5;;;Wing
0;;;10;;;;;3;0;;;;;;;;;;1;;;14;;;71;;;;2;5;;;;;;;;;;;;;;10;;;Wing
0;;;2;;;;;2;0;;;;;;;;;;0;;;4;;;50;;;;6;2;;;;;;;;;;;;;;7;;;Pivot
1;;;0;;;;;0;0;;;;;;;;;;0;;;0;;;;;;;7;0;;;;;;;;;;;;;;7;;;Pivot
0;;;2;;;;;3;0;;;;;;;;;;2;;;7;;;29;;;;1;1;;;;;;;;;;;;;;0.5;;;Wing
1;;;0;;;;;0;0;;;;;;;;;;0;;;0;;;;;;;1;0;;;;;;;;;;;;;;1;;;Pivot
0;;;8;;;;;5;0;;;;;;;;;;0;;;13;;;62;;;;0;2;;;;;;;;;;;;;;5.5;;;Wing
0;;;0;;;;;3;0;;;;;;;;;;0;;;3;;;0;;;;0;0;;;;;;;;;;;;;;-1.5;;;Wing
0;;;0;;;;;1;2;;;;;;;;;;0;;;3;;;0;;;;0;0;;;;;;;;;;;;;;-2.5;;;Wing
0;;;8;6;2;0;1;;1;0;0;2;0;1;0;0;0;0;;;;20;;;40;1;0;1;;3;;;;;;;;;;;;-1.5;25.188.679.245.283.000;10.188.679.245.283.000;;;Wing
0;;;1;0;0;0;0;;0;0;0;0;0;1;0;0;0;0;;;;1;;;100;2;1;1;;1;;;;;;;;;;;;0.5;54.575.471.698.113.200;59.575.471.698.113.200;;;Pivot
0;;;6;3;3;1;0;;1;0;1;0;0;0;0;0;0;0;;;;15;;;40;4;0;1;;1;;;;;;;;;;;;-0.25;7.556.603.773.584.900;7.306.603.773.584.900;;;Wing
0;;;0;0;0;0;0;;0;0;0;0;0;0;0;0;0;0;;;;0;;;;0;0;1;;0;;;;;;;;;;;;0;0.839622641509434;0.839622641509434;;;Pivot
0;;;12;5;0;0;0;;1;0;0;0;0;2;0;0;0;0;;;;18;;;67;3;1;1;;2;;;;;;;;;;;;5;7.136.792.452.830.180;1.213.679.245.283.010;;;Pivot
1;;;0;0;0;0;0;;0;0;0;0;0;0;0;0;0;0;;;;0;;;;5;0;1;;0;;;;;;;;;;;;0;9.235.849.056.603.770;9.235.849.056.603.770;;;Pivot
0;;;2;1;0;0;0;;3;0;0;0;0;0;0;0;0;1;;;;6;;;33;2;0;1;;1;;;;;;;;;;;;-2.5;419.811.320.754.717;16.981.132.075.471.600;;;Wing
0;;;3;4;0;1;0;;0;0;0;1;0;0;0;1;0;0;;;;9;;;33;1;0;1;;2;;;;;;;;;;;;-2.25;25.188.679.245.283.000;0.26886792452830166;;;Wing
0;;;1;1;0;0;0;;0;0;0;1;0;0;1;0;0;0;;;;3;;;33;0;0;0;;2;;;;;;;;;;;;-1;0;-1;;;Pivot
0;;;11;2;1;1;0;;0;0;0;0;0;0;0;2;0;0;;;;15;;;73;1;0;1;;2;;;;;;;;;;;;7.25;25.188.679.245.283.000;9.768.867.924.528.300;;;Wing
0;;;0;0;0;0;0;;0;0;0;0;0;0;0;0;0;0;;;;0;;;;2;1;1;;0;;;;;;;;;;;;0;54.575.471.698.113.200;54.575.471.698.113.200;;;Pivot
0;;;3;2;2;0;0;;1;0;0;0;0;2;0;0;0;0;;;;8;;;38;0;0;1;;2;;;;;;;;;;;;-2;0.9886363636363635;-10.113.636.363.636.300;;;Wing
0;;;1;0;0;0;0;;0;0;0;0;0;1;0;0;0;0;;;;1;;;100;9;2;3;;1;;;;;;;;;;;;0.5;23.727.272.727.272.700;24.227.272.727.272.700;;;Pivot
0;;;9;7;1;1;0;;3;0;0;2;1;1;0;0;0;0;;;;24;;;38;3;1;1;;4;;;;;;;;;;;;-3.75;840.340.909.090.909;465.340.909.090.909;;;Wing
0;;;7;0;2;0;0;;0;0;0;0;0;0;0;0;0;0;;;;9;;;78;0;1;0;;0;;;;;;;;;;;;6;14.829.545.454.545.400;7.482.954.545.454.540;;;Wing
1;;;0;0;0;0;0;;0;0;0;0;0;0;0;0;0;1;;;;0;;;;8;2;2;;1;;;;;;;;;;;;-0.5;20.761.363.636.363.600;20.261.363.636.363.600;;;Pivot
0;;;1;0;0;0;0;;0;0;1;0;0;0;0;0;0;0;;;;2;;;50;2;0;7;;1;;;;;;;;;;;;0.5;10.874.999.999.999.900;11.374.999.999.999.900;;;Pivot
0;;;20;1;3;1;0;;2;1;0;0;0;0;0;0;0;1;;;;28;;;71;3;1;0;;2;;;;;;;;;;;;14.25;7.414.772.727.272.720;21.664.772.727.272.700;;;Wing
0;;;12;3;0;0;0;;0;0;0;0;0;0;0;0;0;0;;;;15;;;80;0;0;0;;0;;;;;;;;;;;;9;0;9;;;Wing
0;;;0;1;0;0;0;;0;1;0;0;0;0;0;0;0;0;;;;2;;;0;0;0;0;;1;;;;;;;;;;;;-1.5;0;-1.5;;;Wing
0;;;16;1;1;0;0;;1;0;0;0;0;0;0;0;0;0;;;;19;;;84;2;0;0;;0;;;;;;;;;;;;13.5;3.172.413.793.103.440;1.667.241.379.310.340;;;Wing
0;;;0;0;0;0;0;;0;0;0;0;0;0;0;0;0;0;;;;0;;;;2;1;2;;0;;;;;;;;;;;;0;5.948.275.862.068.960;5.948.275.862.068.960;;;Pivot
0;;;10;2;0;0;0;;1;2;0;0;0;0;0;0;0;0;;;;15;;;67;0;1;3;;2;;;;;;;;;;;;6;3.568.965.517.241.370;9.568.965.517.241.370;;;Wing
0;;;8;2;1;0;0;;0;0;0;0;0;0;0;0;0;0;;;;11;;;73;1;0;1;;0;;;;;;;;;;;;5.5;23.793.103.448.275.800;7.879.310.344.827.580;;;Wing
1;;;0;0;0;0;0;;0;0;0;0;0;0;0;0;0;1;;;;0;;;;3;1;1;;1;;;;;;;;;;;;-0.5;6.741.379.310.344.820;6.241.379.310.344.820;;;Pivot
1;;;0;0;0;0;0;;0;0;0;0;0;0;0;0;0;1;;;;0;;;;0;0;3;;1;;;;;;;;;;;;-0.5;23.793.103.448.275.800;18.793.103.448.275.800;;;Pivot
0;;;15;4;3;0;0;;0;1;3;0;0;0;0;0;0;1;;;;26;;;58;3;0;0;;5;;;;;;;;;;;;7;4.758.620.689.655.170;11.758.620.689.655.100;;;Wing
0;;;3;1;1;0;0;;0;0;1;1;0;0;0;0;0;1;;;;7;;;43;0;1;0;;3;;;;;;;;;;;;0;11.896.551.724.137.900;11.896.551.724.137.900;;;Wing
0;;;0;0;0;0;0;;0;0;0;0;0;0;0;0;0;0;;;;0;;;;2;0;1;;0;;;;;;;;;;;;0;396.551.724.137.931;396.551.724.137.931;;;Pivot
0;;;0;0;0;0;0;;0;0;0;0;0;0;0;0;0;0;;;;0;;;;0;0;1;;0;;;;;;;;;;;;0;0.793103448275862;0.793103448275862;;;Pivot
0;;;1;0;1;1;0;;0;0;0;0;0;1;0;0;0;1;;;;3;;;33;0;0;0;;2;;;;;;;;;;;;-0.75;0;-0.75;;;Wing
0;;;13;0;5;0;0;;1;1;0;0;0;0;0;0;0;0;;;;20;;;65;3;0;0;;1;;;;;;;;;;;;9;4.584.905.660.377.350;13.584.905.660.377.300;;;Wing
0;;;0;0;0;0;0;;0;0;0;0;0;0;0;0;0;0;;;;0;;;;0;0;1;;0;;;;;;;;;;;;0;0.7641509433962264;0.7641509433962264;;;Pivot
0;;;17;1;2;1;0;;0;0;0;0;0;1;1;0;0;0;;;;21;;;81;2;0;0;;2;;;;;;;;;;;;13.75;30.566.037.735.849.000;16.806.603.773.584.900;;;Wing
0;;;12;3;1;0;0;;3;0;4;0;0;0;0;0;0;0;;;;23;;;52;1;0;1;;4;;;;;;;;;;;;3.5;2.292.452.830.188.670;57.924.528.301.886.700;;;Wing
1;;;0;0;0;0;0;;0;0;0;0;0;0;0;0;0;0;;;;0;;;;0;2;1;;0;;;;;;;;;;;;0;30.566.037.735.849.000;30.566.037.735.849.000;;;Pivot
0;;;13;1;0;1;0;;3;0;0;0;0;0;0;0;0;0;;;;18;;;72;3;1;1;;0;;;;;;;;;;;;8.75;6.495.283.018.867.920;15.245.283.018.867.900;;;Pivot
0;;;2;2;0;0;0;;2;1;1;0;0;0;0;0;0;0;;;;8;;;25;1;0;2;;2;;;;;;;;;;;;-3;30.566.037.735.849.000;0.056603773584905426;;;Wing
0;;;0;0;0;0;0;;0;0;0;0;0;0;0;0;0;0;;;;0;;;;0;1;0;;0;;;;;;;;;;;;0;11.462.264.150.943.300;11.462.264.150.943.300;;;Pivot
0;;;0;0;0;0;0;;0;0;1;0;0;0;0;0;0;0;;;;1;;;0;0;0;0;;1;;;;;;;;;;;;-0.5;0;-0.5;;;Wing
0;;;1;0;0;0;0;;0;0;0;0;0;0;0;0;0;0;;;;1;;;100;2;2;3;;0;;;;;;;;;;;;1;7.641.509.433.962.260;8.641.509.433.962.260;;;Pivot
0;;;33;4;4;1;0;;2;0;3;4;0;0;0;1;0;0;;;;51;;;65;3;0;2;;8;;;;;;;;;;;;20.75;7.391.304.347.826.080;28.141.304.347.826.000;;;Wing
0;;;1;1;1;0;0;;0;0;1;0;0;0;0;1;0;1;;;;4;;;25;2;7;1;;3;;;;;;;;;;;;-2;14.320.652.173.913.000;12.320.652.173.913.000;;;Pivot
0;;;8;4;1;0;0;;0;1;0;0;0;1;0;0;0;5;;;;14;;;57;1;1;1;;7;;;;;;;;;;;;0;4.157.608.695.652.170;4.157.608.695.652.170;;;Wing
1;;;0;1;0;0;0;;0;0;2;0;0;0;0;0;0;1;;;;3;;;0;2;0;2;;3;;;;;;;;;;;;-2.5;5.543.478.260.869.560;30.434.782.608.695.600;;;Wing
0;;;0;0;0;0;0;;0;0;0;0;0;0;0;0;0;1;;;;0;;;;7;2;7;;1;;;;;;;;;;;;-0.5;2.217.391.304.347.820;2.167.391.304.347.820;;;Pivot
1;;;0;0;0;0;0;;0;0;0;0;0;0;0;0;0;0;;;;0;;;;1;1;3;;0;;;;;;;;;;;;0;6.005.434.782.608.690;6.005.434.782.608.690;;;Pivot
0;;;4;2;1;0;0;;0;1;4;1;0;0;0;0;0;1;;;;13;;;31;4;0;0;;7;;;;;;;;;;;;-2;7.391.304.347.826.080;5.391.304.347.826.080;;;Wing
0;;;14;5;3;0;2;;1;0;0;1;0;0;0;1;0;0;;;;26;;;54;2;0;0;;2;;;;;;;;;;;;5.5;3.695.652.173.913.040;9.195.652.173.913.040;;;Wing
0;;;0;0;0;0;0;;0;0;0;0;0;0;0;0;0;0;;;;0;;;;0;4;1;;0;;;;;;;;;;;;0;6.467.391.304.347.820;6.467.391.304.347.820;;;Pivot
0;;;6;1;3;1;0;;0;0;4;0;0;0;0;0;0;2;;;;15;;;40;4;0;1;;6;;;;;;;;;;;;0.25;8.315.217.391.304.340;8.565.217.391.304.340;;;Wing
0;;;13;3;0;0;0;;2;0;3;0;0;0;0;0;0;1;;;;21;;;62;1;0;2;;4;;;;;;;;;;;;6;3.695.652.173.913.040;9.695.652.173.913.040;;;Wing
1;;;0;0;0;0;0;;0;0;0;0;0;0;0;0;0;0;;;;0;;;;1;0;3;;0;;;;;;;;;;;;0;4.619.565.217.391.300;4.619.565.217.391.300;;;Pivot
0;;;9;2;1;0;0;;2;0;3;2;0;0;0;0;0;0;;;;19;;;47;2;1;0;;5;;;;;;;;;;;;2;50.815.217.391.304.300;70.815.217.391.304.300;;;Pivot
0;;;3;4;5;0;0;;0;0;0;0;0;1;0;0;0;0;;;;12;;;25;0;0;0;;1;;;;;;;;;;;;-4;0;-4;;;Wing
0;;;0;0;0;0;0;;0;0;0;0;0;0;0;0;0;0;;;;0;;;;2;0;0;;0;;;;;;;;;;;;0;3.695.652.173.913.040;3.695.652.173.913.040;;;Pivot
0;;;1;1;0;0;0;;0;0;0;0;0;0;0;0;0;0;;;;2;;;50;2;0;2;;0;;;;;;;;;;;;0;5.543.478.260.869.560;5.543.478.260.869.560;;;Pivot
0;;;27;3;5;0;0;;1;0;0;0;0;0;0;1;0;2;;;;36;;;75;1;3;0;;3;;;;;;;;;;;;19;55.249.999.999.999.900;24.525;;;Wing
0;;;5;3;0;0;0;;1;1;0;0;0;2;0;0;2;0;;;;10;;;50;1;1;3;;5;;;;;;;;;;;;-1.5;55.249.999.999.999.900;40.249.999.999.999.900;;;Pivot
0;;;15;5;1;0;0;;1;2;0;0;0;0;0;0;0;2;;;;24;;;63;1;0;1;;4;;;;;;;;;;;;6.5;2.55;9.05;;;Wing
0;;;11;4;1;0;0;;2;0;0;0;0;2;1;1;0;0;;;;18;;;61;0;0;0;;4;;;;;;;;;;;;2.5;0;2.5;;;Wing
1;;;0;0;0;0;0;;0;0;0;0;0;0;0;0;1;0;;;;0;;;;2;0;1;;1;;;;;;;;;;;;-0.5;4.25;3.75;;;Pivot
0;;;0;0;1;0;0;;0;0;1;0;0;2;1;0;0;1;;;;2;;;0;2;2;1;;5;;;;;;;;;;;;-3;6.8;3.8;;;Pivot
0;;;8;3;2;0;0;;0;0;0;0;0;0;0;0;0;1;;;;13;;;62;2;0;0;;1;;;;;;;;;;;;3.5;3.4;6.9;;;Wing
0;;;3;2;0;1;0;;1;1;0;0;0;0;0;0;0;0;;;;8;;;38;1;1;0;;1;;;;;;;;;;;;-0.75;2.975;2.225;;;Wing
0;;;1;3;0;0;0;;2;0;1;1;0;0;0;0;0;0;;;;8;;;13;0;0;0;;2;;;;;;;;;;;;-5;0;-5;;;Wing
0;;;16;1;2;0;0;;0;3;0;0;0;0;1;0;0;1;;;;22;;;73;3;0;3;;5;;;;;;;;;;;;11.5;76.499.999.999.999.900;19.15;;;Wing
0;;;1;0;0;0;0;;0;0;0;0;0;0;0;0;0;0;;;;1;;;100;3;0;0;;0;;;;;;;;;;;;1;5.1;6.1;;;Pivot
0;;;35;5;1;0;0;;1;0;1;0;0;0;0;0;0;1;;;;43;;;81;2;0;2;;2;;;;;;;;;;;;27.5;5.1;32.6;;;Wing
0;;;17;0;1;0;0;;0;0;0;0;0;0;0;0;0;1;;;;18;;;94;0;0;0;;1;;;;;;;;;;;;16;0;16;;;Wing
1;;;0;0;0;0;0;;0;0;0;0;0;0;0;0;0;0;;;;0;;;;4;0;0;;0;;;;;;;;;;;;0;6.8;6.8;;;Pivot
0;;;3;3;0;0;0;;0;0;4;0;0;0;0;0;0;0;;;;10;;;30;1;1;0;;4;;;;;;;;;;;;-2;2.975;0.9750000000000001;;;Wing
0;;;0;0;0;0;0;;0;0;0;0;0;1;0;0;1;0;;;;0;;;;9;0;1;;2;;;;;;;;;;;;-1;16.15;15.149.999.999.999.900;;;Pivot
0;;;8;1;0;0;0;;1;0;0;0;2;0;1;1;0;0;;;;12;;;67;0;0;1;;4;;;;;;;;;;;;4;0.85;4.85;;;Wing
1;;;0;0;0;0;0;;0;0;0;0;0;0;0;0;0;1;;;;0;;;;3;0;1;;1;;;;;;;;;;;;-0.5;5.95;5.45;;;Pivot
0;;;4;0;1;0;0;;0;0;0;0;0;0;0;0;0;0;;;;5;;;80;6;0;1;;0;;;;;;;;;;;;3.5;11.049.999.999.999.900;14.549.999.999.999.900;;;Pivot
0;;;9;2;0;0;0;;2;0;1;0;0;0;1;0;0;0;;;;14;;;64;2;0;2;;2;;;;;;;;;;;;4;5.1;9.1;;;Wing
0;;;11;6;2;1;0;;0;0;1;1;0;0;0;0;0;0;;;;22;;;50;4;0;1;;2;;;;;;;;;;;;2.75;747.457.627.118.644;1.022.457.627.118.640;;;Wing
1;;;0;0;0;0;0;;0;0;0;0;0;0;0;0;0;0;;;;0;;;;0;0;4;;0;;;;;;;;;;;;0;33.220.338.983.050.800;33.220.338.983.050.800;;;Pivot
1;;;0;0;0;0;0;;0;0;0;0;0;0;0;0;0;0;;;;0;;;;2;0;2;;0;;;;;;;;;;;;0;4.983.050.847.457.620;4.983.050.847.457.620;;;Pivot
0;;;10;2;5;2;0;;0;0;0;0;0;1;0;0;0;1;;;;19;;;53;1;0;0;;2;;;;;;;;;;;;4;16.610.169.491.525.400;5.661.016.949.152.540;;;Wing
0;;;12;1;1;0;0;;0;0;0;0;0;1;2;1;0;0;;;;14;;;86;1;2;0;;4;;;;;;;;;;;;8.5;41.525.423.728.813.500;12.652.542.372.881.300;;;Wing
0;;;2;2;0;0;0;;0;0;0;0;0;2;2;0;0;0;;;;4;;;50;3;3;0;;4;;;;;;;;;;;;-2;8.720.338.983.050.840;6.720.338.983.050.840;;;Pivot
0;;;5;4;1;0;0;;1;0;2;1;0;0;0;0;0;0;;;;14;;;36;3;2;0;;3;;;;;;;;;;;;-2;747.457.627.118.644;547.457.627.118.644;;;Wing
0;;;5;2;1;0;0;;0;0;0;1;0;0;0;0;0;0;;;;9;;;56;1;1;1;;1;;;;;;;;;;;;2;373.728.813.559.322;573.728.813.559.322;;;Wing
0;;;10;0;1;0;0;;0;0;0;0;0;0;1;0;0;0;;;;11;;;91;0;0;0;;1;;;;;;;;;;;;9;0;9;;;Wing
0;;;0;0;0;0;0;;0;0;0;0;0;0;0;0;0;0;;;;0;;;;9;0;4;;0;;;;;;;;;;;;0;18.271.186.440.677.900;18.271.186.440.677.900;;;Pivot
0;;;34;5;4;0;0;;3;0;1;0;0;0;0;0;0;0;;;;47;;;72;6;0;3;;1;;;;;;;;;;;;23.5;12.681.818.181.818.100;3.618.181.818.181.810;;;Wing
0;;;3;3;2;0;0;;0;0;0;0;0;0;0;0;0;0;;;;8;;;38;4;1;5;;0;;;;;;;;;;;;-1;12.259.090.909.090.900;11.259.090.909.090.900;;;Pivot
0;;;11;6;3;1;0;;1;0;0;0;0;3;1;1;0;1;;;;22;;;50;4;0;2;;6;;;;;;;;;;;;-0.75;8.454.545.454.545.450;7.704.545.454.545.450;;;Wing
1;;;0;3;0;0;0;;0;0;0;0;0;0;0;0;0;0;;;;3;;;0;1;0;0;;0;;;;;;;;;;;;-3;1.690.909.090.909.090;-1.309.090.909.090.900;;;Wing
0;;;0;0;0;0;0;;0;0;0;0;0;0;0;0;0;1;;;;0;;;;1;4;2;;1;;;;;;;;;;;;-0.5;8.454.545.454.545.450;7.954.545.454.545.450;;;Pivot
1;;;0;0;0;0;0;;0;0;0;0;0;0;0;0;1;0;;;;0;;;;2;0;1;;1;;;;;;;;;;;;-0.5;4.227.272.727.272.720;37.272.727.272.727.200;;;Pivot
0;;;9;0;0;0;0;;0;0;2;0;0;0;0;0;0;0;;;;11;;;82;1;1;1;;2;;;;;;;;;;;;8;38.045.454.545.454.500;11.804.545.454.545.400;;;Wing
1;;;2;2;1;0;0;;0;0;0;0;0;0;0;0;0;0;;;;5;;;40;4;0;0;;0;;;;;;;;;;;;-0.5;6.763.636.363.636.360;6.263.636.363.636.360;;;Wing
0;;;0;2;0;0;0;;0;0;0;0;0;0;0;0;0;0;;;;2;;;0;0;0;0;;0;;;;;;;;;;;;-2;0;-2;;;Wing
1;;;0;0;0;0;0;;0;0;0;0;0;0;0;0;0;0;;;;0;;;;1;1;0;;0;;;;;;;;;;;;0;2.959.090.909.090.900;2.959.090.909.090.900;;;Pivot
0;;;20;0;0;0;0;;2;1;3;0;0;0;0;0;0;0;;;;26;;;77;1;1;2;;4;;;;;;;;;;;;16;4.637.254.901.960.780;20.637.254.901.960.700;;;Wing
0;;;0;0;0;0;0;;0;0;0;0;0;1;0;0;0;0;;;;0;;;;2;1;4;;1;;;;;;;;;;;;-0.5;8.009.803.921.568.620;7.509.803.921.568.620;;;Pivot
0;;;12;2;0;0;0;;0;1;2;0;0;0;1;1;0;2;;;;17;;;71;3;1;0;;7;;;;;;;;;;;;6.5;6.323.529.411.764.700;12.823.529.411.764.700;;;Wing
0;;;15;1;3;0;0;;1;1;3;0;0;0;0;0;0;1;;;;24;;;63;2;0;1;;5;;;;;;;;;;;;9;4.215.686.274.509.800;13.215.686.274.509.800;;;Wing
1;;;0;0;0;0;0;;0;0;0;0;0;0;0;0;0;1;;;;0;;;;1;2;2;;1;;;;;;;;;;;;-0.5;5.901.960.784.313.720;5.401.960.784.313.720;;;Pivot
0;;;10;1;1;0;0;;0;0;1;0;0;0;0;0;0;0;;;;13;;;77;1;0;1;;1;;;;;;;;;;;;8;25.294.117.647.058.800;10.529.411.764.705.800;;;Wing
1;;;0;0;0;0;0;;0;0;0;0;0;0;0;0;0;1;;;;0;;;;2;0;1;;1;;;;;;;;;;;;-0.5;4.215.686.274.509.800;3.715.686.274.509.800;;;Pivot
0;;;0;0;1;0;0;;0;0;1;0;0;0;0;0;0;0;;;;2;;;0;0;0;0;;1;;;;;;;;;;;;-1;0;-1;;;Wing
0;;;26;3;2;1;0;;1;0;3;0;0;0;0;0;0;0;;;;36;;;72;4;0;0;;3;;;;;;;;;;;;19.25;5.754.385.964.912.280;2.500.438.596.491.220;;;Wing
0;;;3;0;2;0;0;;0;0;2;0;0;0;0;0;0;0;;;;7;;;43;0;0;1;;2;;;;;;;;;;;;1;0.7192982456140351;1.719.298.245.614.030;;;Pivot
0;;;10;3;0;1;0;;0;1;1;0;0;1;0;2;0;1;;;;16;;;63;1;0;1;;6;;;;;;;;;;;;3.75;21.578.947.368.421.000;5.907.894.736.842.100;;;Wing
1;;;0;0;0;0;0;;0;0;0;0;0;0;0;0;0;0;;;;0;;;;1;0;0;;0;;;;;;;;;;;;0;14.385.964.912.280.700;14.385.964.912.280.700;;;Wing
1;;;0;0;0;0;0;;0;0;0;0;0;0;0;0;0;1;;;;0;;;;0;1;0;;1;;;;;;;;;;;;-0.5;10.789.473.684.210.500;0.5789473684210527;;;Pivot
0;;;0;0;0;0;0;;0;0;0;0;0;0;0;0;0;0;;;;0;;;;0;1;3;;0;;;;;;;;;;;;0;3.236.842.105.263.150;3.236.842.105.263.150;;;Pivot
0;;;12;2;2;1;0;;1;0;6;3;0;0;0;0;0;0;;;;27;;;44;0;1;0;;9;;;;;;;;;;;;3.25;10.789.473.684.210.500;4.328.947.368.421.050;;;Wing
0;11;0;;3;1;0;0;;0;3;0;0;0;1;0;0;0;1;;18;0;;0.6111111111111112;;61;0;0;2;;5;;;;;;;;;;;;5;1.435.897.435.897.430;6.435.897.435.897.430;;;Wing
0;5;1;;0;1;0;0;;0;0;1;0;0;0;0;0;0;0;;6;2;;0.8333333333333334;0.5;75;3;0;0;;1;;;;;;;;;;;;5;43.076.923.076.923.000;9.307.692.307.692.300;;;Pivot
0;3;0;;3;0;0;0;;0;1;2;0;0;0;0;0;1;0;;8;0;;0.375;;38;1;0;0;;4;;;;;;;;;;;;-2;1.435.897.435.897.430;-0.5641025641025641;;;Wing
0;9;0;;1;3;1;0;;1;0;1;0;0;0;0;0;0;0;;15;1;;0.6;0;56;2;0;0;;1;;;;;;;;;;;;4.75;2.871.794.871.794.870;7.621.794.871.794.870;;;Wing
0;1;0;;0;0;0;0;;0;0;2;0;0;0;0;0;0;0;;3;0;;0.3333333333333333;;33;0;0;0;;2;;;;;;;;;;;;0;0;0;;;Pivot
1;0;0;;0;0;0;0;;0;0;0;0;0;1;0;1;0;0;;0;0;;;;;0;1;0;;2;;;;;;;;;;;;-1;10.769.230.769.230.700;0.07692307692307687;;;Pivot
0;2;0;;0;1;0;0;;1;0;0;0;0;0;0;0;0;1;;4;0;;0.5;;50;0;0;0;;1;;;;;;;;;;;;0;0;0;;;Wing
0;1;0;;1;0;0;0;;0;0;1;0;0;0;0;0;0;0;;3;0;;0.3333333333333333;;33;0;0;0;;1;;;;;;;;;;;;-0.5;0;-0.5;;;Wing
0;21;1;;0;1;0;0;;0;0;1;0;0;0;0;0;0;0;;23;1;;0.9130434782608695;1;92;0;1;1;;1;;;;;;;;;;;;21;22.727.272.727.272.700;23.272.727.272.727.200;;;Wing
0;1;0;;0;0;0;0;;0;0;0;0;0;0;0;0;0;1;;1;0;;1;;100;2;0;1;;1;;;;;;;;;;;;0.5;4.545.454.545.454.540;5.045.454.545.454.540;;;Pivot
0;1;0;;0;0;0;0;;0;0;1;1;0;0;0;1;0;0;;3;0;;0.3333333333333333;;33;1;0;0;;3;;;;;;;;;;;;-0.5;18.181.818.181.818.100;13.181.818.181.818.100;;;Wing
0;2;1;;0;0;0;0;;0;0;1;1;0;0;0;0;0;0;;4;1;;0.5;1;60;0;0;1;;2;;;;;;;;;;;;2;0.9090909090909091;2.909.090.909.090.900;;;Wing
0;0;0;;0;0;0;0;;0;0;0;0;0;0;0;0;0;2;;0;0;;;;;2;1;1;;2;;;;;;;;;;;;-1;5.909.090.909.090.900;4.909.090.909.090.900;;;Pivot
1;0;0;;0;0;0;0;;0;0;0;0;0;0;0;0;2;0;;0;0;;;;;1;0;0;;2;;;;;;;;;;;;-1;18.181.818.181.818.100;0.8181818181818181;;;Pivot
0;7;1;;1;0;0;0;;0;1;3;0;0;0;0;0;0;0;;8;2;;0.875;0.5;80;1;1;0;;4;;;;;;;;;;;;5;31.818.181.818.181.800;8.181.818.181.818.180;;;Wing
0;3;0;;3;1;0;0;;1;0;1;0;0;0;0;0;0;0;;8;1;;0.375;0;33;1;0;1;;1;;;;;;;;;;;;-2;2.727.272.727.272.720;0.7272727272727271;;;Wing
0;0;0;;0;0;0;0;;0;0;0;0;0;0;0;0;0;0;;0;0;;;;;1;0;3;;0;;;;;;;;;;;;0;4.545.454.545.454.540;4.545.454.545.454.540;;;Pivot
0;1;0;;1;0;0;0;;0;0;2;0;0;0;0;0;0;0;;4;0;;0.25;;25;2;0;0;;2;;;;;;;;;;;;-1;36.363.636.363.636.300;26.363.636.363.636.300;;;Wing
1;0;0;;0;0;0;0;;0;0;0;0;0;0;0;0;0;0;;0;0;;;;;0;1;0;;0;;;;;;;;;;;;0;13.636.363.636.363.600;13.636.363.636.363.600;;;Pivot
